#
# A fatal error has been detected by the Java Runtime Environment:
#
#  EXCEPTION_ACCESS_VIOLATION (0xc0000005) at pc=0x00007ffebcc5e5c2, pid=2036, tid=15092
#
# JRE version: Java(TM) SE Runtime Environment (23.0+37) (build 23+37-2369)
# Java VM: Java HotSpot(TM) 64-Bit Server VM (23+37-2369, mixed mode, sharing, tiered, compressed oops, compressed class ptrs, g1 gc, windows-amd64)
# Problematic frame:
# V  [jvm.dll+0x43e5c2]
#
# No core dump will be written. Minidumps are not enabled by default on client versions of Windows
#
# If you would like to submit a bug report, please visit:
#   https://bugreport.java.com/bugreport/crash.jsp
#

---------------  S U M M A R Y ------------

Command Line: -javaagent:C:\Program Files\JetBrains\IntelliJ IDEA 2024.3\lib\idea_rt.jar=62311 -Dfile.encoding=UTF-8 -Dsun.stdout.encoding=UTF-8 -Dsun.stderr.encoding=UTF-8 --module-path=C:\Users\matti\.m2\repository\org\json\json\20231013\json-20231013.jar;C:\Users\matti\.m2\repository\org\openjfx\javafx-media\23.0.1\javafx-media-23.0.1-win.jar;C:\Users\matti\.m2\repository\org\openjfx\javafx-web\23.0.1\javafx-web-23.0.1-win.jar;C:\Users\matti\OneDrive\Documenti\Mattia\Uni\Bechelor\Ingegneria_del_Software\Progetto\ing-sw-2025-Russo-Rossi-Zambelloni-Sorrentino\Galaxy_Trucker\target\classes;C:\Users\matti\.m2\repository\org\openjfx\javafx-fxml\23.0.1\javafx-fxml-23.0.1-win.jar;C:\Users\matti\.m2\repository\org\openjfx\javafx-base\23.0.1\javafx-base-23.0.1-win.jar;C:\Users\matti\.m2\repository\org\openjfx\javafx-controls\23.0.1\javafx-controls-23.0.1-win.jar;C:\Users\matti\.m2\repository\org\openjfx\javafx-graphics\23.0.1\javafx-graphics-23.0.1-win.jar -Djdk.module.main=Galaxy.Trucker Galaxy.Trucker/org.example.ClientPkg.ClientMain tcp gui localhost 9191

Host: 11th Gen Intel(R) Core(TM) i7-1165G7 @ 2.80GHz, 8 cores, 15G,  Windows 11 , 64 bit Build 26100 (10.0.26100.9444)
Time: Tue Sep 29 13:02:09 2026 W. Europe Summer Time elapsed time: 1713.464381 seconds (0d 0h 28m 33s)

---------------  T H R E A D  ---------------

Current thread (0x0000019b8f38fa20):  JavaThread "JavaFX Application Thread"        [_thread_in_vm, id=15092, stack(0x00000019e3300000,0x00000019e3400000) (1024K)]

Stack: [0x00000019e3300000,0x00000019e3400000],  sp=0x00000019e33fef10,  free space=1019k
Native frames: (J=compiled Java code, j=interpreted, Vv=VM code, C=native code)
V  [jvm.dll+0x43e5c2]  (no source info available)
C  [glass.dll+0x273c]  (no source info available)
C  [glass.dll+0x159a6]  (no source info available)
C  [glass.dll+0x2278b]  (no source info available)
C  [glass.dll+0x1c6e2]  (no source info available)
C  [glass.dll+0x177f]  (no source info available)
C  [USER32.dll+0x152c6]  (no source info available)
C  [USER32.dll+0x15d9d]  (no source info available)
C  [glass.dll+0xab9d]  (no source info available)
C  0x0000019b398bd307  (no source info available)

The last pc belongs to native method entry point (kind = native) (printed below).
Java frames: (J=compiled Java code, j=interpreted, Vv=VM code)
j  com.sun.glass.ui.win.WinApplication._runLoop(Ljava/lang/Runnable;)V+0 javafx.graphics@23.0.1
j  com.sun.glass.ui.win.WinApplication.lambda$runLoop$3(ILjava/lang/Runnable;)V+8 javafx.graphics@23.0.1
j  com.sun.glass.ui.win.WinApplication$$Lambda+0x0000019b4b11cc48.run()V+12 javafx.graphics@23.0.1
j  java.lang.Thread.runWith(Ljava/lang/Object;Ljava/lang/Runnable;)V+5 java.base@23
j  java.lang.Thread.run()V+19 java.base@23
v  ~StubRoutines::call_stub 0x0000019b398b0fcd

siginfo: EXCEPTION_ACCESS_VIOLATION (0xc0000005), reading address 0x0000000000000000


Registers:
RAX=0x0000000000000000, RBX=0x0000019b8f38fa20, RCX=0x0000000000000003, RDX=0x0000019b8f7ddb08
RSP=0x00000019e33fef10, RBP=0x00000019e33ff018, RSI=0x0000019b8fb56510, RDI=0x0000000000000000
R8 =0x0000000000000004, R9 =0x0000000000000004, R10=0x0000019b8f33a6f0, R11=0x00000019e33fef00
R12=0x00007ffebd234630, R13=0x0000019b8f38fde0, R14=0x0000019b8f38fde0, R15=0x00000000000000d4
RIP=0x00007ffebcc5e5c2, EFLAGS=0x0000000000010293


Register to memory mapping:

RAX=0x0 is null
RBX=0x0000019b8f38fa20 is a thread
RCX=0x0000000000000003 is an unknown value
RDX=0x0000019b8f7ddb08 points into unknown readable memory: 0x0000019b8c3537e0 | e0 37 35 8c 9b 01 00 00
RSP=0x00000019e33fef10 is pointing into the stack for thread: 0x0000019b8f38fa20
RBP=0x00000019e33ff018 is pointing into the stack for thread: 0x0000019b8f38fa20
RSI=0x0000019b8fb56510 points into unknown readable memory: 0x0000019b8c3537e0 | e0 37 35 8c 9b 01 00 00
RDI=0x0 is null
R8 =0x0000000000000004 is an unknown value
R9 =0x0000000000000004 is an unknown value
R10=0x0000019b8f33a6f0 points into unknown readable memory: 0x0000004000000003 | 03 00 00 00 40 00 00 00
R11=0x00000019e33fef00 is pointing into the stack for thread: 0x0000019b8f38fa20
R12=0x00007ffebd234630 jvm.dll
R13=0x0000019b8f38fde0 points into unknown readable memory: 0x00007ffebd405e00 | 00 5e 40 bd fe 7f 00 00
R14=0x0000019b8f38fde0 points into unknown readable memory: 0x00007ffebd405e00 | 00 5e 40 bd fe 7f 00 00
R15=0x00000000000000d4 is an unknown value

Top of Stack: (sp=0x00000019e33fef10)
0x00000019e33fef10:   0000019b8c3537e0 0000019b8f38fa20
0x00000019e33fef20:   0000019b8fb56510 00007ffebcf63016
0x00000019e33fef30:   756e65470000001b 49656e696c65746e
0x00000019e33fef40:   00000000000000d4 0000019b8f433c84
0x00000019e33fef50:   0000019b8f38fd0c 0000000000000001
0x00000019e33fef60:   0000019b8f38fa20 0000000000000000
0x00000019e33fef70:   0000019b8f38fa20 0000019b8f38fa20
0x00000019e33fef80:   00007ffebd234630 0000019b96b11068
0x00000019e33fef90:   000000000000000c 0000000000000019
0x00000019e33fefa0:   0000000000000000 00000019e33ff018
0x00000019e33fefb0:   0000019b8f433c84 0000000000000001
0x00000019e33fefc0:   0000000000000000 00007fff4cb8273c
0x00000019e33fefd0:   0000019b8f38fde0 00000019e33ff160
0x00000019e33fefe0:   0000000000000000 00007fff99218091
0x00000019e33feff0:   0000000000000000 00007fff4cb959a6
0x00000019e33ff000:   0000019b8f38fde0 0000000000000000
0x00000019e33ff010:   0000019b8fb56510 0000000000000000
0x00000019e33ff020:   0000019b8f38fde0 0000000000000000
0x00000019e33ff030:   0000019b9626d740 00000000000000dd
0x00000019e33ff040:   00000000003107ca 0000000000000000
0x00000019e33ff050:   00000000000000dd 00007fff4cba278b
0x00000019e33ff060:   00000000000000d4 00000019e33ff160
0x00000019e33ff070:   0000019b9626d740 0000000000000000
0x00000019e33ff080:   0000019b9626d710 00007fff4cb9c89f
0x00000019e33ff090:   0000019b9626d710 00007fff9f5cf66f
0x00000019e33ff0a0:   0000019b9626d710 0000000000000000
0x00000019e33ff0b0:   0000000000000000 0000000000000000
0x00000019e33ff0c0:   0000000000000000 0000000000000000
0x00000019e33ff0d0:   0000000000000000 0000000000000000
0x00000019e33ff0e0:   0000000000000020 000002cc00000215
0x00000019e33ff0f0:   0000000000000201 000002ee00000215
0x00000019e33ff100:   0000000000000000 0000000000000000 

Instructions: (pc=0x00007ffebcc5e5c2)
0x00007ffebcc5e4c2:   5c 24 08 48 89 6c 24 10 48 89 74 24 18 57 41 54
0x00007ffebcc5e4d2:   41 56 48 81 ec a0 00 00 00 8b 81 a8 00 00 00 48
0x00007ffebcc5e4e2:   8d 99 40 fc ff ff 05 53 21 ff ff 49 8b e9 49 8b
0x00007ffebcc5e4f2:   f0 48 8b fa 4c 8b f1 83 f8 01 77 08 48 8b cb e8
0x00007ffebcc5e502:   8a c2 fa ff 80 3d 87 c7 80 00 00 c7 83 44 04 00
0x00007ffebcc5e512:   00 06 00 00 00 75 06 e8 82 1e 29 00 90 48 8b 83
0x00007ffebcc5e522:   48 04 00 00 a8 01 74 0d 45 33 c0 b2 01 48 8b cb
0x00007ffebcc5e532:   e8 99 4a 30 00 8b 83 40 04 00 00 a8 0c 74 08 48
0x00007ffebcc5e542:   8b cb e8 27 d9 fa ff c7 83 44 04 00 00 06 00 00
0x00007ffebcc5e552:   00 48 83 7b 08 00 48 89 5c 24 50 48 c7 44 24 58
0x00007ffebcc5e562:   00 00 00 00 74 0a 48 8d 4c 24 50 e8 de f2 2c 00
0x00007ffebcc5e572:   48 8b 16 48 8d 4c 24 70 c6 44 24 40 0c e8 8c 65
0x00007ffebcc5e582:   01 00 48 8b c7 48 89 ac 24 98 00 00 00 83 e0 03
0x00007ffebcc5e592:   4c 8d 25 97 60 5d 00 4c 89 64 24 70 48 83 f8 01
0x00007ffebcc5e5a2:   75 0c 48 8d 4f ff ff 15 f2 4d 7a 00 eb 15 48 83
0x00007ffebcc5e5b2:   f8 02 75 0c 48 8d 4f fe ff 15 60 ba 79 00 eb 03
0x00007ffebcc5e5c2:   48 8b 07 8b 15 25 d7 80 00 48 8b c8 e8 1d c3 28
0x00007ffebcc5e5d2:   00 48 8b d3 48 8b c8 4c 8b 00 41 ff 90 b0 00 00
0x00007ffebcc5e5e2:   00 48 83 7b 08 00 75 35 48 8d 44 24 70 48 89 5c
0x00007ffebcc5e5f2:   24 30 48 89 44 24 28 48 8d 54 24 40 45 33 c9 48
0x00007ffebcc5e602:   89 74 24 20 45 33 c0 49 8b ce e8 cf 76 01 00 48
0x00007ffebcc5e612:   83 7b 08 00 75 07 48 8b 74 24 48 eb 02 33 f6 48
0x00007ffebcc5e622:   83 7c 24 58 00 4c 89 64 24 70 48 c7 84 24 98 00
0x00007ffebcc5e632:   00 00 00 00 00 00 74 0a 48 8d 4c 24 50 e8 8c f2
0x00007ffebcc5e642:   2c 00 48 8b bb 98 01 00 00 48 8b 47 10 48 83 38
0x00007ffebcc5e652:   00 74 08 48 8b cf e8 03 4e f6 ff 48 8b 57 08 48
0x00007ffebcc5e662:   8b 4f 10 48 89 4a 10 48 8b 57 08 48 8b 4f 18 48
0x00007ffebcc5e672:   89 4a 18 48 8b 4f 20 48 8b 57 08 48 89 4a 20 48
0x00007ffebcc5e682:   8d 8b a0 03 00 00 e8 a3 6f ed ff 4c 8d 9c 24 a0
0x00007ffebcc5e692:   00 00 00 90 49 8b 6b 28 48 8b c6 49 8b 73 30 c7
0x00007ffebcc5e6a2:   83 44 04 00 00 04 00 00 00 49 8b 5b 20 49 8b e3
0x00007ffebcc5e6b2:   41 5e 41 5c 5f c3 cc cc cc cc cc cc cc cc 48 89 


Stack slot to memory mapping:

stack at sp + 0 slots: {method} {0x0000019b8c3537e8} 'getInstance' '()Lcom/sun/glass/ui/win/WinDnDClipboard;' in 'com/sun/glass/ui/win/WinDnDClipboard'
stack at sp + 1 slots: 0x0000019b8f38fa20 is a thread
stack at sp + 2 slots: 0x0000019b8fb56510 points into unknown readable memory: 0x0000019b8c3537e0 | e0 37 35 8c 9b 01 00 00
stack at sp + 3 slots: 0x00007ffebcf63016 jvm.dll
stack at sp + 4 slots: 0x756e65470000001b is an unknown value
stack at sp + 5 slots: 0x49656e696c65746e is an unknown value
stack at sp + 6 slots: 0x00000000000000d4 is an unknown value
stack at sp + 7 slots: 0x0000019b8f433c84 points into unknown readable memory: 02 00 00 80

Lock stack of current Java thread (top to bottom):

native method entry point (kind = native)  [0x0000019b398bcee0, 0x0000019b398bdb38]  3160 bytes
[MachCode]
  0x0000019b398bcee0: 488b 4b08 | 0fb7 492e | 584c 8d74 | ccf8 6800 | 0000 0068 | 0000 0000 | 5055 488b | ec41 5568 
  0x0000019b398bcf00: 0000 0000 | 4c8b 6b08 | 4d8d 6d38 | 5348 8b53 | 0848 8b52 | 0848 8b52 | 1848 8b52 | 7048 8b12 
  0x0000019b398bcf20: 5248 8b53 | 1048 85d2 | 0f84 0700 | 0000 4881 | c210 0100 | 0052 488b | 5308 488b | 5208 488b 
  0x0000019b398bcf40: 5210 5249 | 8bc6 482b | c548 c1e8 | 0350 6800 | 0000 0068 | f7ff ffff | 41c6 8771 | 0400 0001 
  0x0000019b398bcf60: 488b 4310 | 4885 c074 | 208b 88cc | 0000 0083 | c102 8988 | cc00 0000 | 2388 e000 | 0000 0f84 
  0x0000019b398bcf80: 000b 0000 | e9cf 0000 | 0048 8b43 | 1848 85c0 | 0f85 b000 | 0000 e805 | 0000 00e9 | 9900 0000 
  0x0000019b398bcfa0: 488b d348 | 8d44 2408 | 4c89 6dc0 | 498b cfc5 | f877 4989 | afb0 0300 | 0049 8987 | a003 0000 
  0x0000019b398bcfc0: 4883 ec20 | 40f6 c40f | 0f84 1900 | 0000 4883 | ec08 48b8 | 9026 bfbc | fe7f 0000 | ffd0 4883 
  0x0000019b398bcfe0: c408 e90c | 0000 0048 | b890 26bf | bcfe 7f00 | 00ff d048 | 83c4 2049 | c787 a003 | 0000 0000 
  0x0000019b398bd000: 0000 49c7 | 87b0 0300 | 0000 0000 | 0049 c787 | a803 0000 | 0000 0000 | c5f8 7749 | 837f 0800 
  0x0000019b398bd020: 0f84 0500 | 0000 e995 | 3eff ff4c | 8b6d c04c | 8b75 c84e | 8d74 f500 | c348 8b43 | 1848 85c0 
  0x0000019b398bd040: 0f84 1200 | 0000 8b48 | 0883 c102 | 8948 0823 | 481c 0f84 | 2c0a 0000 | 493b a7e8 | 0400 000f 
  0x0000019b398bd060: 8748 0000 | 0089 8424 | 00f0 ffff | 8984 2400 | e0ff ff89 | 8424 00d0 | ffff 8984 | 2400 c0ff 
  0x0000019b398bd080: ff89 8424 | 00b0 ffff | 8984 2400 | a0ff ff89 | 8424 0090 | ffff 8984 | 2400 80ff | ff49 3ba7 
  0x0000019b398bd0a0: e004 0000 | 7607 4989 | a7e8 0400 | 0041 c687 | 7104 0000 | 0049 ba41 | ad46 bdfe | 7f00 0041 
  0x0000019b398bd0c0: 803a 000f | 843e 0000 | 0048 8b55 | e849 8bcf | 4883 ec20 | 40f6 c40f | 0f84 1900 | 0000 4883 
  0x0000019b398bd0e0: ec08 48b8 | 00ee f6bc | fe7f 0000 | ffd0 4883 | c408 e90c | 0000 0048 | b800 eef6 | bcfe 7f00 
  0x0000019b398bd100: 00ff d048 | 83c4 2048 | 8b5d e84c | 8b5b 0845 | 0fb7 5b2e | 41c1 e303 | 492b e348 | 83ec 2048 
  0x0000019b398bd120: 83e4 f04c | 8b5b 604d | 85db 0f85 | ab00 0000 | e805 0000 | 00e9 9900 | 0000 488b | d348 8d44 
  0x0000019b398bd140: 2408 4c89 | 6dc0 498b | cfc5 f877 | 4989 afb0 | 0300 0049 | 8987 a003 | 0000 4883 | ec20 40f6 
  0x0000019b398bd160: c40f 0f84 | 1900 0000 | 4883 ec08 | 48b8 f04d | bfbc fe7f | 0000 ffd0 | 4883 c408 | e90c 0000 
  0x0000019b398bd180: 0048 b8f0 | 4dbf bcfe | 7f00 00ff | d048 83c4 | 2049 c787 | a003 0000 | 0000 0000 | 49c7 87b0 
  0x0000019b398bd1a0: 0300 0000 | 0000 0049 | c787 a803 | 0000 0000 | 0000 c5f8 | 7749 837f | 0800 0f84 | 0500 0000 
  0x0000019b398bd1c0: e9fb 3cff | ff4c 8b6d | c04c 8b75 | c84e 8d74 | f500 c348 | 8b5d e84c | 8b5b 6041 | ffd3 488b 
  0x0000019b398bd1e0: 5de8 4889 | 4518 448b | 5b28 41f6 | c308 0f84 | 1b00 0000 | 4c8b 5b08 | 4d8b 5b08 | 4d8b 5b18 
  0x0000019b398bd200: 4d8b 5b70 | 4d8b 1b4c | 895d 1048 | 8d55 1048 | 8b43 5849 | ba50 3cf7 | bcfe 7f00 | 0049 3bc2 
  0x0000019b398bd220: 0f85 ab00 | 0000 e805 | 0000 00e9 | 9900 0000 | 488b d348 | 8d44 2408 | 4c89 6dc0 | 498b cfc5 
  0x0000019b398bd240: f877 4989 | afb0 0300 | 0049 8987 | a003 0000 | 4883 ec20 | 40f6 c40f | 0f84 1900 | 0000 4883 
  0x0000019b398bd260: ec08 48b8 | f04d bfbc | fe7f 0000 | ffd0 4883 | c408 e90c | 0000 0048 | b8f0 4dbf | bcfe 7f00 
  0x0000019b398bd280: 00ff d048 | 83c4 2049 | c787 a003 | 0000 0000 | 0000 49c7 | 87b0 0300 | 0000 0000 | 0049 c787 
  0x0000019b398bd2a0: a803 0000 | 0000 0000 | c5f8 7749 | 837f 0800 | 0f84 0500 | 0000 e905 | 3cff ff4c | 8b6d c04c 
  0x0000019b398bd2c0: 8b75 c84e | 8d74 f500 | c348 8b5d | e848 8b43 | 5849 8d8f | c003 0000 | c5f8 7749 | 89af b003 
  0x0000019b398bd2e0: 0000 49ba | d8d2 8b39 | 9b01 0000 | 4d89 97a8 | 0300 0049 | 89a7 a003 | 0000 41c7 | 8744 0400 
  0x0000019b398bd300: 0004 0000 | 00ff d0c5 | f877 4883 | ec10 c5fb | 1104 2448 | 83ec 1048 | 8904 2448 | c744 2408 
  0x0000019b398bd320: 0000 0000 | 41c7 8744 | 0400 0005 | 0000 00f0 | 8344 24c0 | 0049 3baf | 4804 0000 | 0f87 0e00 
  0x0000019b398bd340: 0000 4183 | bf40 0400 | 0000 0f84 | 2000 0000 | 498b cf4c | 8be4 4883 | ec20 4883 | e4f0 48b8 
  0x0000019b398bd360: 90a9 c0bc | fe7f 0000 | ffd0 498b | e44d 33e4 | 41c7 8744 | 0400 0008 | 0000 0049 | c787 a003 
  0x0000019b398bd380: 0000 0000 | 0000 49c7 | 87b0 0300 | 0000 0000 | 0049 c787 | a803 0000 | 0000 0000 | c5f8 774d 
  0x0000019b398bd3a0: 8b9f 3004 | 0000 41c7 | 8300 0100 | 0000 0000 | 0049 bbda | a58b 399b | 0100 004c | 3b5d 180f 
  0x0000019b398bd3c0: 8524 0300 | 0048 8b04 | 2448 83c4 | 1048 85c0 | 0f84 fe02 | 0000 a803 | 0f85 0800 | 0000 488b 
  0x0000019b398bd3e0: 00e9 ee02 | 0000 a801 | 0f85 0900 | 0000 488b | 40fe e9dd | 0200 0048 | 8b40 ff41 | 807f 3800 
  0x0000019b398bd400: 0f84 ce02 | 0000 4883 | f800 0f84 | c402 0000 | 4d8b 5f28 | 4983 fb00 | 0f84 1400 | 0000 4983 
  0x0000019b398bd420: eb08 4d89 | 5f28 4d03 | 5f30 4989 | 03e9 a202 | 0000 4881 | ec50 0100 | 0048 8904 | 2448 894c 
  0x0000019b398bd440: 2408 4889 | 5424 1048 | 8974 2418 | 4889 7c24 | 204c 8944 | 2428 4c89 | 4c24 304c | 8954 2438 
  0x0000019b398bd460: 4c89 5c24 | 40c5 fb11 | 4424 50c5 | fb11 4c24 | 58c5 fb11 | 5424 60c5 | fb11 5c24 | 68c5 fb11 
  0x0000019b398bd480: 6424 70c5 | fb11 6c24 | 78c5 fb11 | b424 8000 | 0000 c5fb | 11bc 2488 | 0000 00c5 | 7b11 8424 
  0x0000019b398bd4a0: 9000 0000 | c57b 118c | 2498 0000 | 00c5 7b11 | 9424 a000 | 0000 c57b | 119c 24a8 | 0000 00c5 
  0x0000019b398bd4c0: 7b11 a424 | b000 0000 | c57b 11ac | 24b8 0000 | 00c5 7b11 | b424 c000 | 0000 c57b | 11bc 24c8 
  0x0000019b398bd4e0: 0000 0062 | e1ff 0811 | 4424 1a62 | e1ff 0811 | 4c24 1b62 | e1ff 0811 | 5424 1c62 | e1ff 0811 
  0x0000019b398bd500: 5c24 1d62 | e1ff 0811 | 6424 1e62 | e1ff 0811 | 6c24 1f62 | e1ff 0811 | 7424 2062 | e1ff 0811 
  0x0000019b398bd520: 7c24 2162 | 61ff 0811 | 4424 2262 | 61ff 0811 | 4c24 2362 | 61ff 0811 | 5424 2462 | 61ff 0811 
  0x0000019b398bd540: 5c24 2562 | 61ff 0811 | 6424 2662 | 61ff 0811 | 6c24 2762 | 61ff 0811 | 7424 2862 | 61ff 0811 
  0x0000019b398bd560: 7c24 2949 | 8bd7 488b | c848 83ec | 2040 f6c4 | 0f0f 8419 | 0000 0048 | 83ec 0848 | b8e0 07b4 
  0x0000019b398bd580: bcfe 7f00 | 00ff d048 | 83c4 08e9 | 0c00 0000 | 48b8 e007 | b4bc fe7f | 0000 ffd0 | 4883 c420 
  0x0000019b398bd5a0: 6261 ff08 | 107c 2429 | 6261 ff08 | 1074 2428 | 6261 ff08 | 106c 2427 | 6261 ff08 | 1064 2426 
  0x0000019b398bd5c0: 6261 ff08 | 105c 2425 | 6261 ff08 | 1054 2424 | 6261 ff08 | 104c 2423 | 6261 ff08 | 1044 2422 
  0x0000019b398bd5e0: 62e1 ff08 | 107c 2421 | 62e1 ff08 | 1074 2420 | 62e1 ff08 | 106c 241f | 62e1 ff08 | 1064 241e 
  0x0000019b398bd600: 62e1 ff08 | 105c 241d | 62e1 ff08 | 1054 241c | 62e1 ff08 | 104c 241b | 62e1 ff08 | 1044 241a 
  0x0000019b398bd620: c57b 10bc | 24c8 0000 | 00c5 7b10 | b424 c000 | 0000 c57b | 10ac 24b8 | 0000 00c5 | 7b10 a424 
  0x0000019b398bd640: b000 0000 | c57b 109c | 24a8 0000 | 00c5 7b10 | 9424 a000 | 0000 c57b | 108c 2498 | 0000 00c5 
  0x0000019b398bd660: 7b10 8424 | 9000 0000 | c5fb 10bc | 2488 0000 | 00c5 fb10 | b424 8000 | 0000 c5fb | 106c 2478 
  0x0000019b398bd680: c5fb 1064 | 2470 c5fb | 105c 2468 | c5fb 1054 | 2460 c5fb | 104c 2458 | c5fb 1044 | 2450 4c8b 
  0x0000019b398bd6a0: 5c24 404c | 8b54 2438 | 4c8b 4c24 | 304c 8b44 | 2428 488b | 7c24 2048 | 8b74 2418 | 488b 5424 
  0x0000019b398bd6c0: 1048 8b4c | 2408 488b | 0424 4881 | c450 0100 | 00c5 f877 | 4889 4510 | 4883 ec10 | 4889 0424 
  0x0000019b398bd6e0: 48c7 4424 | 0800 0000 | 0041 83bf | c804 0000 | 020f 85bf | 0000 0048 | 81ec 8000 | 0000 4889 
  0x0000019b398bd700: 4424 7848 | 894c 2470 | 4889 5424 | 6848 895c | 2460 4889 | 6c24 5048 | 8974 2448 | 4889 7c24 
  0x0000019b398bd720: 404c 8944 | 2438 4c89 | 4c24 304c | 8954 2428 | 4c89 5c24 | 204c 8964 | 2418 4c89 | 6c24 104c 
  0x0000019b398bd740: 8974 2408 | 4c89 3c24 | 4c8b e448 | 83ec 2048 | 83e4 f048 | b8b0 22f7 | bcfe 7f00 | 00ff d049 
  0x0000019b398bd760: 8be4 4c8b | 3c24 4c8b | 7424 084c | 8b6c 2410 | 4c8b 6424 | 184c 8b5c | 2420 4c8b | 5424 284c 
  0x0000019b398bd780: 8b4c 2430 | 4c8b 4424 | 3848 8b7c | 2440 488b | 7424 4848 | 8b6c 2450 | 488b 5c24 | 6048 8b54 
  0x0000019b398bd7a0: 2468 488b | 4c24 7048 | 8b44 2478 | 4881 c480 | 0000 004d | 33e4 488b | 5de8 4c8b | 6b08 4d8d 
  0x0000019b398bd7c0: 6d38 4983 | 7f08 000f | 84bb 0000 | 00e8 0500 | 0000 e996 | 0000 0048 | 8d44 2408 | 4c89 6dc0 
  0x0000019b398bd7e0: 498b cfc5 | f877 4989 | afb0 0300 | 0049 8987 | a003 0000 | 4883 ec20 | 40f6 c40f | 0f84 1900 
  0x0000019b398bd800: 0000 4883 | ec08 48b8 | 006c bfbc | fe7f 0000 | ffd0 4883 | c408 e90c | 0000 0048 | b800 6cbf 
  0x0000019b398bd820: bcfe 7f00 | 00ff d048 | 83c4 2049 | c787 a003 | 0000 0000 | 0000 49c7 | 87b0 0300 | 0000 0000 
  0x0000019b398bd840: 0049 c787 | a803 0000 | 0000 0000 | c5f8 7749 | 837f 0800 | 0f84 0500 | 0000 e961 | 36ff ff4c 
  0x0000019b398bd860: 8b6d c04c | 8b75 c84e | 8d74 f500 | c348 b940 | d51e bdfe | 7f00 0048 | 83e4 f048 | b860 4ae5 
  0x0000019b398bd880: bcfe 7f00 | 00ff d0f4 | 448b 5b28 | 41f6 c320 | 0f84 7901 | 0000 488d | 55a8 4c8b | 5a08 4d85 
  0x0000019b398bd8a0: db0f 85bb | 0000 00e8 | 0500 0000 | e996 0000 | 0048 8d44 | 2408 4c89 | 6dc0 498b | cfc5 f877 
  0x0000019b398bd8c0: 4989 afb0 | 0300 0049 | 8987 a003 | 0000 4883 | ec20 40f6 | c40f 0f84 | 1900 0000 | 4883 ec08 
  0x0000019b398bd8e0: 48b8 306b | bfbc fe7f | 0000 ffd0 | 4883 c408 | e90c 0000 | 0048 b830 | 6bbf bcfe | 7f00 00ff 
  0x0000019b398bd900: d048 83c4 | 2049 c787 | a003 0000 | 0000 0000 | 49c7 87b0 | 0300 0000 | 0000 0049 | c787 a803 
  0x0000019b398bd920: 0000 0000 | 0000 c5f8 | 7749 837f | 0800 0f84 | 0500 0000 | e987 35ff | ff4c 8b6d | c04c 8b75 
  0x0000019b398bd940: c84e 8d74 | f500 c348 | b940 d51e | bdfe 7f00 | 0048 83e4 | f048 b860 | 4ae5 bcfe | 7f00 00ff 
  0x0000019b398bd960: d0f4 4c89 | 6dc0 4c8b | 4a08 48c7 | 4208 0000 | 0000 458b | 8718 0600 | 004f 3b4c | 07f8 0f85 
  0x0000019b398bd980: 4900 0000 | 4183 af18 | 0600 0008 | 4f3b 4c07 | f00f 842a | 0000 0049 | 8b01 a802 | 0f85 1200 
  0x0000019b398bd9a0: 0000 4c8b | c049 83c8 | 01f0 4d0f | b101 0f84 | 0d00 0000 | 4183 8718 | 0600 0008 | e90c 0000 
  0x0000019b398bd9c0: 0049 ff8f | 5005 0000 | e93e 0000 | 004c 894a | 0848 8bca | 4883 ec20 | 40f6 c40f | 0f84 1900 
  0x0000019b398bd9e0: 0000 4883 | ec08 48b8 | f03d bfbc | fe7f 0000 | ffd0 4883 | c408 e90c | 0000 0048 | b8f0 3dbf 
  0x0000019b398bda00: bcfe 7f00 | 00ff d048 | 83c4 204c | 8b6d c049 | ba41 ad46 | bdfe 7f00 | 0041 803a | 000f 843e 
  0x0000019b398bda20: 0000 0048 | 8b55 e849 | 8bcf 4883 | ec20 40f6 | c40f 0f84 | 1900 0000 | 4883 ec08 | 48b8 00ee 
  0x0000019b398bda40: f6bc fe7f | 0000 ffd0 | 4883 c408 | e90c 0000 | 0048 b800 | eef6 bcfe | 7f00 00ff | d048 83c4 
  0x0000019b398bda60: 2048 8b04 | 2448 83c4 | 10c5 fb10 | 0424 4883 | c410 4c8b | 5d18 41ff | d34c 8b5d | f8c9 5f49 
  0x0000019b398bda80: 8be3 ffe7 | ba00 0000 | 00e8 0500 | 0000 e996 | 0000 0048 | 8d44 2408 | 4c89 6dc0 | 498b cfc5 
  0x0000019b398bdaa0: f877 4989 | afb0 0300 | 0049 8987 | a003 0000 | 4883 ec20 | 40f6 c40f | 0f84 1900 | 0000 4883 
  0x0000019b398bdac0: ec08 48b8 | a031 bfbc | fe7f 0000 | ffd0 4883 | c408 e90c | 0000 0048 | b8a0 31bf | bcfe 7f00 
  0x0000019b398bdae0: 00ff d048 | 83c4 2049 | c787 a003 | 0000 0000 | 0000 49c7 | 87b0 0300 | 0000 0000 | 0049 c787 
  0x0000019b398bdb00: a803 0000 | 0000 0000 | c5f8 7749 | 837f 0800 | 0f84 0500 | 0000 e9a5 | 33ff ff4c | 8b6d c04c 
  0x0000019b398bdb20: 8b75 c84e | 8d74 f500 | c348 8b5d | e8e9 26f5 | ffff 660f | 1f44 0000 
[/MachCode]

---------------  P R O C E S S  ---------------

Threads class SMR info:
_java_thread_list=0x0000019b8ff63520, length=22, elements={
0x0000019b4694c010, 0x0000019b491d0080, 0x0000019b491d5490, 0x0000019b491d6170,
0x0000019b491da120, 0x0000019b491dab80, 0x0000019b491ef4d0, 0x0000019b491f0ba0,
0x0000019b492e7110, 0x0000019b496fd120, 0x0000019b49d956e0, 0x0000019b496f2c60,
0x0000019b4995d4d0, 0x0000019b8f335620, 0x0000019b8f100e70, 0x0000019b8f0f16e0,
0x0000019b8f38fa20, 0x0000019b8f38d2c0, 0x0000019b8f38e670, 0x0000019b8fd85520,
0x0000019b8fd83ae0, 0x0000019b8fd85bb0
}

Java Threads: ( => current thread )
  0x0000019b4694c010 JavaThread "Reference Handler"          daemon [_thread_blocked, id=24676, stack(0x00000019e2900000,0x00000019e2a00000) (1024K)]
  0x0000019b491d0080 JavaThread "Finalizer"                  daemon [_thread_blocked, id=23996, stack(0x00000019e2a00000,0x00000019e2b00000) (1024K)]
  0x0000019b491d5490 JavaThread "Signal Dispatcher"          daemon [_thread_blocked, id=20292, stack(0x00000019e2b00000,0x00000019e2c00000) (1024K)]
  0x0000019b491d6170 JavaThread "Attach Listener"            daemon [_thread_blocked, id=23916, stack(0x00000019e2c00000,0x00000019e2d00000) (1024K)]
  0x0000019b491da120 JavaThread "Service Thread"             daemon [_thread_blocked, id=2764, stack(0x00000019e2d00000,0x00000019e2e00000) (1024K)]
  0x0000019b491dab80 JavaThread "Monitor Deflation Thread"   daemon [_thread_blocked, id=22336, stack(0x00000019e2e00000,0x00000019e2f00000) (1024K)]
  0x0000019b491ef4d0 JavaThread "C2 CompilerThread0"         daemon [_thread_blocked, id=20216, stack(0x00000019e2f00000,0x00000019e3000000) (1024K)]
  0x0000019b491f0ba0 JavaThread "C1 CompilerThread0"         daemon [_thread_blocked, id=22096, stack(0x00000019e3000000,0x00000019e3100000) (1024K)]
  0x0000019b492e7110 JavaThread "Common-Cleaner"             daemon [_thread_blocked, id=20876, stack(0x00000019e3100000,0x00000019e3200000) (1024K)]
  0x0000019b496fd120 JavaThread "Monitor Ctrl-Break"         daemon [_thread_in_native, id=4288, stack(0x00000019e3400000,0x00000019e3500000) (1024K)]
  0x0000019b49d956e0 JavaThread "Notification Thread"        daemon [_thread_blocked, id=22216, stack(0x00000019e3500000,0x00000019e3600000) (1024K)]
  0x0000019b496f2c60 JavaThread "Thread-0"                          [_thread_blocked, id=3572, stack(0x00000019e3600000,0x00000019e3700000) (1024K)]
  0x0000019b4995d4d0 JavaThread "JavaFX-Launcher"                   [_thread_blocked, id=15840, stack(0x00000019e3700000,0x00000019e3800000) (1024K)]
  0x0000019b8f335620 JavaThread "RMI TCP Accept-0"           daemon [_thread_blocked, id=15276, stack(0x00000019e3f00000,0x00000019e4000000) (1024K)]
  0x0000019b8f100e70 JavaThread "RMI Scheduler(0)"           daemon [_thread_blocked, id=1516, stack(0x00000019e4100000,0x00000019e4200000) (1024K)]
  0x0000019b8f0f16e0 JavaThread "JMX server connection timeout 35" daemon [_thread_blocked, id=5028, stack(0x00000019e4200000,0x00000019e4300000) (1024K)]
=>0x0000019b8f38fa20 JavaThread "JavaFX Application Thread"         [_thread_in_vm, id=15092, stack(0x00000019e3300000,0x00000019e3400000) (1024K)]
  0x0000019b8f38d2c0 JavaThread "Thread-3"                   daemon [_thread_blocked, id=23776, stack(0x00000019e4800000,0x00000019e4900000) (1024K)]
  0x0000019b8f38e670 JavaThread "Thread-4"                          [_thread_blocked, id=2128, stack(0x00000019e3200000,0x00000019e3300000) (1024K)]
  0x0000019b8fd85520 JavaThread "Prism Font Disposer"        daemon [_thread_blocked, id=18088, stack(0x00000019e4f00000,0x00000019e5000000) (1024K)]
  0x0000019b8fd83ae0 JavaThread "Cleaner-0"                  daemon [_thread_blocked, id=23644, stack(0x00000019e5200000,0x00000019e5300000) (1024K)]
  0x0000019b8fd85bb0 JavaThread "DestroyJavaVM"                     [_thread_blocked, id=14516, stack(0x00000019e2100000,0x00000019e2200000) (1024K)]
Total: 22

Other Threads:
  0x0000019b4692fc90 VMThread "VM Thread"                           [id=25408, stack(0x00000019e2800000,0x00000019e2900000) (1024K)] _threads_hazard_ptr=0x0000019b8ff63520
  0x0000019b4691deb0 WatcherThread "VM Periodic Task Thread"        [id=19124, stack(0x00000019e2700000,0x00000019e2800000) (1024K)]
  0x0000019b29cb6590 WorkerThread "GC Thread#0"                     [id=11164, stack(0x00000019e2200000,0x00000019e2300000) (1024K)]
  0x0000019b8f3206c0 WorkerThread "GC Thread#1"                     [id=9708, stack(0x00000019e3800000,0x00000019e3900000) (1024K)]
  0x0000019b8f038770 WorkerThread "GC Thread#2"                     [id=17508, stack(0x00000019e3900000,0x00000019e3a00000) (1024K)]
  0x0000019b8f038b20 WorkerThread "GC Thread#3"                     [id=3932, stack(0x00000019e3a00000,0x00000019e3b00000) (1024K)]
  0x0000019b8f038ed0 WorkerThread "GC Thread#4"                     [id=10944, stack(0x00000019e3b00000,0x00000019e3c00000) (1024K)]
  0x0000019b8f039280 WorkerThread "GC Thread#5"                     [id=18352, stack(0x00000019e3c00000,0x00000019e3d00000) (1024K)]
  0x0000019b8f33fbc0 WorkerThread "GC Thread#6"                     [id=21856, stack(0x00000019e3d00000,0x00000019e3e00000) (1024K)]
  0x0000019b8f112a00 WorkerThread "GC Thread#7"                     [id=6840, stack(0x00000019e3e00000,0x00000019e3f00000) (1024K)]
  0x0000019b29d0ab80 ConcurrentGCThread "G1 Main Marker"            [id=12292, stack(0x00000019e2300000,0x00000019e2400000) (1024K)]
  0x0000019b29d0cbf0 WorkerThread "G1 Conc#0"                       [id=24700, stack(0x00000019e2400000,0x00000019e2500000) (1024K)]
  0x0000019b96499cd0 WorkerThread "G1 Conc#1"                       [id=7892, stack(0x00000019e5000000,0x00000019e5100000) (1024K)]
  0x0000019b467efb10 ConcurrentGCThread "G1 Refine#0"               [id=22480, stack(0x00000019e2500000,0x00000019e2600000) (1024K)]
  0x0000019b467f0440 ConcurrentGCThread "G1 Service"                [id=18008, stack(0x00000019e2600000,0x00000019e2700000) (1024K)]
Total: 15

Threads with active compile tasks:
Total: 0

VM state: synchronizing (normal execution)

VM Mutex/Monitor currently owned by a thread:  ([mutex/lock_event])
[0x00007ffebd493910] Threads_lock - owner thread: 0x0000019b4692fc90
[0x00007ffebd493a10] Heap_lock - owner thread: 0x0000019b8fd83ae0

OutOfMemory and StackOverflow Exception counts:
OutOfMemoryError java_heap_errors=485
LinkageErrors=94

Heap address: 0x0000000703a00000, size: 4038 MB, Compressed Oops mode: Zero based, Oop shift amount: 3

CDS archive(s) mapped at: [0x0000019b4a000000-0x0000019b4ad70000-0x0000019b4ad70000), size 14090240, SharedBaseAddress: 0x0000019b4a000000, ArchiveRelocationMode: 1.
Compressed class space mapped at: 0x0000019b4b000000-0x0000019b8b000000, reserved size: 1073741824
Narrow klass base: 0x0000019b4a000000, Narrow klass shift: 0, Narrow klass range: 0x41000000

GC Precious Log:
 CardTable entry size: 512
 Card Set container configuration: InlinePtr #cards 4 size 8 Array Of Cards #cards 16 size 48 Howl #buckets 8 coarsen threshold 3686 Howl Bitmap #cards 512 size 80 coarsen threshold 460 Card regions per heap region 1 cards per card region 4096
 CPUs: 8 total, 8 available
 Memory: 16149M
 Large Page Support: Disabled
 NUMA Support: Disabled
 Compressed Oops: Enabled (Zero based)
 Heap Region Size: 2M
 Heap Min Capacity: 8M
 Heap Initial Capacity: 254M
 Heap Max Capacity: 4038M
 Pre-touch: Disabled
 Parallel Workers: 8
 Concurrent Workers: 2
 Concurrent Refinement Workers: 8
 Periodic GC: Disabled

Heap:
 garbage-first heap   total reserved 4134912K, committed 4134912K, used 4119998K [0x0000000703a00000, 0x0000000800000000)
  region size 2048K, 0 young (0K), 0 survivors (0K)
 Metaspace       used 27384K, committed 28096K, reserved 1114112K
  class space    used 3598K, committed 3904K, reserved 1048576K

Heap Regions: E=young(eden), S=young(survivor), O=old, HS=humongous(starts), HC=humongous(continues), CS=collection set, F=free, TAMS=top-at-mark-start, PB=parsable bottom
|   0|0x0000000703a00000, 0x0000000703c00000, 0x0000000703c00000|100%| O|  |TAMS 0x0000000703a00000| PB 0x0000000703a00000| Untracked |  0
|   1|0x0000000703c00000, 0x0000000703dffff8, 0x0000000703e00000| 99%| O|  |TAMS 0x0000000703c00000| PB 0x0000000703c00000| Untracked |  0
|   2|0x0000000703e00000, 0x0000000704000000, 0x0000000704000000|100%|HS|  |TAMS 0x0000000703e00000| PB 0x0000000703e00000| Untracked |  0
|   3|0x0000000704000000, 0x00000007041eaba0, 0x0000000704200000| 95%| O|  |TAMS 0x0000000704000000| PB 0x0000000704000000| Untracked |  0
|   4|0x0000000704200000, 0x00000007043fffc0, 0x0000000704400000| 99%| O|  |TAMS 0x0000000704200000| PB 0x0000000704200000| Untracked |  0
|   5|0x0000000704400000, 0x00000007045ffff8, 0x0000000704600000| 99%| O|  |TAMS 0x0000000704400000| PB 0x0000000704400000| Untracked |  0
|   6|0x0000000704600000, 0x00000007047f9238, 0x0000000704800000| 98%| O|  |TAMS 0x0000000704600000| PB 0x0000000704600000| Untracked |  0
|   7|0x0000000704800000, 0x0000000704a00000, 0x0000000704a00000|100%|HS|  |TAMS 0x0000000704800000| PB 0x0000000704800000| Untracked |  0
|   8|0x0000000704a00000, 0x0000000704bee148, 0x0000000704c00000| 96%| O|  |TAMS 0x0000000704a00000| PB 0x0000000704a00000| Untracked |  0
|   9|0x0000000704c00000, 0x0000000704deda38, 0x0000000704e00000| 96%| O|  |TAMS 0x0000000704c00000| PB 0x0000000704c00000| Untracked |  0
|  10|0x0000000704e00000, 0x0000000704ffb6a8, 0x0000000705000000| 99%| O|  |TAMS 0x0000000704e00000| PB 0x0000000704e00000| Untracked |  0
|  11|0x0000000705000000, 0x00000007051f9868, 0x0000000705200000| 98%| O|  |TAMS 0x0000000705000000| PB 0x0000000705000000| Untracked |  0
|  12|0x0000000705200000, 0x00000007053ffff0, 0x0000000705400000| 99%| O|  |TAMS 0x0000000705200000| PB 0x0000000705200000| Untracked |  0
|  13|0x0000000705400000, 0x00000007055f3940, 0x0000000705600000| 97%| O|  |TAMS 0x0000000705400000| PB 0x0000000705400000| Untracked |  0
|  14|0x0000000705600000, 0x0000000705800000, 0x0000000705800000|100%|HS|  |TAMS 0x0000000705600000| PB 0x0000000705600000| Untracked |  0
|  15|0x0000000705800000, 0x00000007059f8040, 0x0000000705a00000| 98%| O|  |TAMS 0x0000000705800000| PB 0x0000000705800000| Untracked |  0
|  16|0x0000000705a00000, 0x0000000705c00000, 0x0000000705c00000|100%|HS|  |TAMS 0x0000000705a00000| PB 0x0000000705a00000| Untracked |  0
|  17|0x0000000705c00000, 0x0000000705e00000, 0x0000000705e00000|100%|HC|  |TAMS 0x0000000705c00000| PB 0x0000000705c00000| Untracked |  0
|  18|0x0000000705e00000, 0x0000000705ff9380, 0x0000000706000000| 98%| O|  |TAMS 0x0000000705e00000| PB 0x0000000705e00000| Untracked |  0
|  19|0x0000000706000000, 0x00000007061f5908, 0x0000000706200000| 97%| O|  |TAMS 0x0000000706000000| PB 0x0000000706000000| Untracked |  0
|  20|0x0000000706200000, 0x0000000706400000, 0x0000000706400000|100%|HS|  |TAMS 0x0000000706200000| PB 0x0000000706200000| Untracked |  0
|  21|0x0000000706400000, 0x0000000706600000, 0x0000000706600000|100%|HC|  |TAMS 0x0000000706400000| PB 0x0000000706400000| Untracked |  0
|  22|0x0000000706600000, 0x0000000706800000, 0x0000000706800000|100%|HS|  |TAMS 0x0000000706600000| PB 0x0000000706600000| Untracked |  0
|  23|0x0000000706800000, 0x0000000706a00000, 0x0000000706a00000|100%|HS|  |TAMS 0x0000000706800000| PB 0x0000000706800000| Untracked |  0
|  24|0x0000000706a00000, 0x0000000706c00000, 0x0000000706c00000|100%|HC|  |TAMS 0x0000000706a00000| PB 0x0000000706a00000| Untracked |  0
|  25|0x0000000706c00000, 0x0000000706e00000, 0x0000000706e00000|100%|HS|  |TAMS 0x0000000706c00000| PB 0x0000000706c00000| Untracked |  0
|  26|0x0000000706e00000, 0x0000000707000000, 0x0000000707000000|100%|HC|  |TAMS 0x0000000706e00000| PB 0x0000000706e00000| Untracked |  0
|  27|0x0000000707000000, 0x0000000707200000, 0x0000000707200000|100%|HS|  |TAMS 0x0000000707000000| PB 0x0000000707000000| Untracked |  0
|  28|0x0000000707200000, 0x0000000707400000, 0x0000000707400000|100%|HC|  |TAMS 0x0000000707200000| PB 0x0000000707200000| Untracked |  0
|  29|0x0000000707400000, 0x0000000707600000, 0x0000000707600000|100%|HS|  |TAMS 0x0000000707400000| PB 0x0000000707400000| Untracked |  0
|  30|0x0000000707600000, 0x0000000707800000, 0x0000000707800000|100%|HC|  |TAMS 0x0000000707600000| PB 0x0000000707600000| Untracked |  0
|  31|0x0000000707800000, 0x00000007079f6f58, 0x0000000707a00000| 98%| O|  |TAMS 0x0000000707800000| PB 0x0000000707800000| Untracked |  0
|  32|0x0000000707a00000, 0x0000000707beb110, 0x0000000707c00000| 95%| O|  |TAMS 0x0000000707a00000| PB 0x0000000707a00000| Untracked |  0
|  33|0x0000000707c00000, 0x0000000707de9e90, 0x0000000707e00000| 95%| O|  |TAMS 0x0000000707c00000| PB 0x0000000707c00000| Untracked |  0
|  34|0x0000000707e00000, 0x0000000708000000, 0x0000000708000000|100%|HS|  |TAMS 0x0000000707e00000| PB 0x0000000707e00000| Untracked |  0
|  35|0x0000000708000000, 0x0000000708200000, 0x0000000708200000|100%|HC|  |TAMS 0x0000000708000000| PB 0x0000000708000000| Untracked |  0
|  36|0x0000000708200000, 0x0000000708400000, 0x0000000708400000|100%|HS|  |TAMS 0x0000000708200000| PB 0x0000000708200000| Untracked |  0
|  37|0x0000000708400000, 0x0000000708600000, 0x0000000708600000|100%|HC|  |TAMS 0x0000000708400000| PB 0x0000000708400000| Untracked |  0
|  38|0x0000000708600000, 0x00000007087e7ef0, 0x0000000708800000| 95%| O|  |TAMS 0x0000000708600000| PB 0x0000000708600000| Untracked |  0
|  39|0x0000000708800000, 0x0000000708a00000, 0x0000000708a00000|100%|HS|  |TAMS 0x0000000708800000| PB 0x0000000708800000| Untracked |  0
|  40|0x0000000708a00000, 0x0000000708c00000, 0x0000000708c00000|100%|HC|  |TAMS 0x0000000708a00000| PB 0x0000000708a00000| Untracked |  0
|  41|0x0000000708c00000, 0x0000000708e00000, 0x0000000708e00000|100%|HS|  |TAMS 0x0000000708c00000| PB 0x0000000708c00000| Untracked |  0
|  42|0x0000000708e00000, 0x0000000709000000, 0x0000000709000000|100%|HC|  |TAMS 0x0000000708e00000| PB 0x0000000708e00000| Untracked |  0
|  43|0x0000000709000000, 0x0000000709200000, 0x0000000709200000|100%|HS|  |TAMS 0x0000000709000000| PB 0x0000000709000000| Untracked |  0
|  44|0x0000000709200000, 0x0000000709400000, 0x0000000709400000|100%|HC|  |TAMS 0x0000000709200000| PB 0x0000000709200000| Untracked |  0
|  45|0x0000000709400000, 0x0000000709600000, 0x0000000709600000|100%|HS|  |TAMS 0x0000000709400000| PB 0x0000000709400000| Untracked |  0
|  46|0x0000000709600000, 0x0000000709800000, 0x0000000709800000|100%|HC|  |TAMS 0x0000000709600000| PB 0x0000000709600000| Untracked |  0
|  47|0x0000000709800000, 0x0000000709a00000, 0x0000000709a00000|100%|HS|  |TAMS 0x0000000709800000| PB 0x0000000709800000| Untracked |  0
|  48|0x0000000709a00000, 0x0000000709c00000, 0x0000000709c00000|100%|HC|  |TAMS 0x0000000709a00000| PB 0x0000000709a00000| Untracked |  0
|  49|0x0000000709c00000, 0x0000000709e00000, 0x0000000709e00000|100%|HS|  |TAMS 0x0000000709c00000| PB 0x0000000709c00000| Untracked |  0
|  50|0x0000000709e00000, 0x000000070a000000, 0x000000070a000000|100%|HC|  |TAMS 0x0000000709e00000| PB 0x0000000709e00000| Untracked |  0
|  51|0x000000070a000000, 0x000000070a200000, 0x000000070a200000|100%|HS|  |TAMS 0x000000070a000000| PB 0x000000070a000000| Untracked |  0
|  52|0x000000070a200000, 0x000000070a400000, 0x000000070a400000|100%|HC|  |TAMS 0x000000070a200000| PB 0x000000070a200000| Untracked |  0
|  53|0x000000070a400000, 0x000000070a600000, 0x000000070a600000|100%|HS|  |TAMS 0x000000070a400000| PB 0x000000070a400000| Untracked |  0
|  54|0x000000070a600000, 0x000000070a800000, 0x000000070a800000|100%|HC|  |TAMS 0x000000070a600000| PB 0x000000070a600000| Untracked |  0
|  55|0x000000070a800000, 0x000000070aa00000, 0x000000070aa00000|100%|HS|  |TAMS 0x000000070a800000| PB 0x000000070a800000| Untracked |  0
|  56|0x000000070aa00000, 0x000000070ac00000, 0x000000070ac00000|100%|HC|  |TAMS 0x000000070aa00000| PB 0x000000070aa00000| Untracked |  0
|  57|0x000000070ac00000, 0x000000070ae00000, 0x000000070ae00000|100%|HS|  |TAMS 0x000000070ac00000| PB 0x000000070ac00000| Untracked |  0
|  58|0x000000070ae00000, 0x000000070b000000, 0x000000070b000000|100%|HC|  |TAMS 0x000000070ae00000| PB 0x000000070ae00000| Untracked |  0
|  59|0x000000070b000000, 0x000000070b200000, 0x000000070b200000|100%|HS|  |TAMS 0x000000070b000000| PB 0x000000070b000000| Untracked |  0
|  60|0x000000070b200000, 0x000000070b400000, 0x000000070b400000|100%|HC|  |TAMS 0x000000070b200000| PB 0x000000070b200000| Untracked |  0
|  61|0x000000070b400000, 0x000000070b600000, 0x000000070b600000|100%|HS|  |TAMS 0x000000070b400000| PB 0x000000070b400000| Untracked |  0
|  62|0x000000070b600000, 0x000000070b800000, 0x000000070b800000|100%|HC|  |TAMS 0x000000070b600000| PB 0x000000070b600000| Untracked |  0
|  63|0x000000070b800000, 0x000000070ba00000, 0x000000070ba00000|100%|HS|  |TAMS 0x000000070b800000| PB 0x000000070b800000| Untracked |  0
|  64|0x000000070ba00000, 0x000000070bc00000, 0x000000070bc00000|100%|HC|  |TAMS 0x000000070ba00000| PB 0x000000070ba00000| Untracked |  0
|  65|0x000000070bc00000, 0x000000070be00000, 0x000000070be00000|100%|HS|  |TAMS 0x000000070bc00000| PB 0x000000070bc00000| Untracked |  0
|  66|0x000000070be00000, 0x000000070c000000, 0x000000070c000000|100%|HC|  |TAMS 0x000000070be00000| PB 0x000000070be00000| Untracked |  0
|  67|0x000000070c000000, 0x000000070c200000, 0x000000070c200000|100%|HS|  |TAMS 0x000000070c000000| PB 0x000000070c000000| Untracked |  0
|  68|0x000000070c200000, 0x000000070c400000, 0x000000070c400000|100%|HC|  |TAMS 0x000000070c200000| PB 0x000000070c200000| Untracked |  0
|  69|0x000000070c400000, 0x000000070c600000, 0x000000070c600000|100%|HS|  |TAMS 0x000000070c400000| PB 0x000000070c400000| Untracked |  0
|  70|0x000000070c600000, 0x000000070c800000, 0x000000070c800000|100%|HC|  |TAMS 0x000000070c600000| PB 0x000000070c600000| Untracked |  0
|  71|0x000000070c800000, 0x000000070ca00000, 0x000000070ca00000|100%|HS|  |TAMS 0x000000070c800000| PB 0x000000070c800000| Untracked |  0
|  72|0x000000070ca00000, 0x000000070cc00000, 0x000000070cc00000|100%|HC|  |TAMS 0x000000070ca00000| PB 0x000000070ca00000| Untracked |  0
|  73|0x000000070cc00000, 0x000000070ce00000, 0x000000070ce00000|100%|HS|  |TAMS 0x000000070cc00000| PB 0x000000070cc00000| Untracked |  0
|  74|0x000000070ce00000, 0x000000070d000000, 0x000000070d000000|100%|HC|  |TAMS 0x000000070ce00000| PB 0x000000070ce00000| Untracked |  0
|  75|0x000000070d000000, 0x000000070d200000, 0x000000070d200000|100%|HS|  |TAMS 0x000000070d000000| PB 0x000000070d000000| Untracked |  0
|  76|0x000000070d200000, 0x000000070d400000, 0x000000070d400000|100%|HC|  |TAMS 0x000000070d200000| PB 0x000000070d200000| Untracked |  0
|  77|0x000000070d400000, 0x000000070d600000, 0x000000070d600000|100%|HS|  |TAMS 0x000000070d400000| PB 0x000000070d400000| Untracked |  0
|  78|0x000000070d600000, 0x000000070d800000, 0x000000070d800000|100%|HC|  |TAMS 0x000000070d600000| PB 0x000000070d600000| Untracked |  0
|  79|0x000000070d800000, 0x000000070da00000, 0x000000070da00000|100%|HS|  |TAMS 0x000000070d800000| PB 0x000000070d800000| Untracked |  0
|  80|0x000000070da00000, 0x000000070dc00000, 0x000000070dc00000|100%|HC|  |TAMS 0x000000070da00000| PB 0x000000070da00000| Untracked |  0
|  81|0x000000070dc00000, 0x000000070de00000, 0x000000070de00000|100%|HS|  |TAMS 0x000000070dc00000| PB 0x000000070dc00000| Untracked |  0
|  82|0x000000070de00000, 0x000000070e000000, 0x000000070e000000|100%|HC|  |TAMS 0x000000070de00000| PB 0x000000070de00000| Untracked |  0
|  83|0x000000070e000000, 0x000000070e200000, 0x000000070e200000|100%|HS|  |TAMS 0x000000070e000000| PB 0x000000070e000000| Untracked |  0
|  84|0x000000070e200000, 0x000000070e400000, 0x000000070e400000|100%|HC|  |TAMS 0x000000070e200000| PB 0x000000070e200000| Untracked |  0
|  85|0x000000070e400000, 0x000000070e600000, 0x000000070e600000|100%|HS|  |TAMS 0x000000070e400000| PB 0x000000070e400000| Untracked |  0
|  86|0x000000070e600000, 0x000000070e800000, 0x000000070e800000|100%|HC|  |TAMS 0x000000070e600000| PB 0x000000070e600000| Untracked |  0
|  87|0x000000070e800000, 0x000000070ea00000, 0x000000070ea00000|100%|HS|  |TAMS 0x000000070e800000| PB 0x000000070e800000| Untracked |  0
|  88|0x000000070ea00000, 0x000000070ec00000, 0x000000070ec00000|100%|HC|  |TAMS 0x000000070ea00000| PB 0x000000070ea00000| Untracked |  0
|  89|0x000000070ec00000, 0x000000070ee00000, 0x000000070ee00000|100%|HS|  |TAMS 0x000000070ec00000| PB 0x000000070ec00000| Untracked |  0
|  90|0x000000070ee00000, 0x000000070f000000, 0x000000070f000000|100%|HC|  |TAMS 0x000000070ee00000| PB 0x000000070ee00000| Untracked |  0
|  91|0x000000070f000000, 0x000000070f200000, 0x000000070f200000|100%|HS|  |TAMS 0x000000070f000000| PB 0x000000070f000000| Untracked |  0
|  92|0x000000070f200000, 0x000000070f400000, 0x000000070f400000|100%|HC|  |TAMS 0x000000070f200000| PB 0x000000070f200000| Untracked |  0
|  93|0x000000070f400000, 0x000000070f600000, 0x000000070f600000|100%|HS|  |TAMS 0x000000070f400000| PB 0x000000070f400000| Untracked |  0
|  94|0x000000070f600000, 0x000000070f800000, 0x000000070f800000|100%|HC|  |TAMS 0x000000070f600000| PB 0x000000070f600000| Untracked |  0
|  95|0x000000070f800000, 0x000000070fa00000, 0x000000070fa00000|100%|HS|  |TAMS 0x000000070f800000| PB 0x000000070f800000| Untracked |  0
|  96|0x000000070fa00000, 0x000000070fc00000, 0x000000070fc00000|100%|HC|  |TAMS 0x000000070fa00000| PB 0x000000070fa00000| Untracked |  0
|  97|0x000000070fc00000, 0x000000070fe00000, 0x000000070fe00000|100%|HS|  |TAMS 0x000000070fc00000| PB 0x000000070fc00000| Untracked |  0
|  98|0x000000070fe00000, 0x0000000710000000, 0x0000000710000000|100%|HC|  |TAMS 0x000000070fe00000| PB 0x000000070fe00000| Untracked |  0
|  99|0x0000000710000000, 0x0000000710200000, 0x0000000710200000|100%|HS|  |TAMS 0x0000000710000000| PB 0x0000000710000000| Untracked |  0
| 100|0x0000000710200000, 0x0000000710400000, 0x0000000710400000|100%|HC|  |TAMS 0x0000000710200000| PB 0x0000000710200000| Untracked |  0
| 101|0x0000000710400000, 0x0000000710600000, 0x0000000710600000|100%|HS|  |TAMS 0x0000000710400000| PB 0x0000000710400000| Untracked |  0
| 102|0x0000000710600000, 0x0000000710800000, 0x0000000710800000|100%|HC|  |TAMS 0x0000000710600000| PB 0x0000000710600000| Untracked |  0
| 103|0x0000000710800000, 0x0000000710a00000, 0x0000000710a00000|100%|HS|  |TAMS 0x0000000710800000| PB 0x0000000710800000| Untracked |  0
| 104|0x0000000710a00000, 0x0000000710c00000, 0x0000000710c00000|100%|HC|  |TAMS 0x0000000710a00000| PB 0x0000000710a00000| Untracked |  0
| 105|0x0000000710c00000, 0x0000000710e00000, 0x0000000710e00000|100%|HS|  |TAMS 0x0000000710c00000| PB 0x0000000710c00000| Untracked |  0
| 106|0x0000000710e00000, 0x0000000711000000, 0x0000000711000000|100%|HC|  |TAMS 0x0000000710e00000| PB 0x0000000710e00000| Untracked |  0
| 107|0x0000000711000000, 0x0000000711200000, 0x0000000711200000|100%|HS|  |TAMS 0x0000000711000000| PB 0x0000000711000000| Untracked |  0
| 108|0x0000000711200000, 0x0000000711400000, 0x0000000711400000|100%|HC|  |TAMS 0x0000000711200000| PB 0x0000000711200000| Untracked |  0
| 109|0x0000000711400000, 0x0000000711600000, 0x0000000711600000|100%|HS|  |TAMS 0x0000000711400000| PB 0x0000000711400000| Untracked |  0
| 110|0x0000000711600000, 0x0000000711800000, 0x0000000711800000|100%|HC|  |TAMS 0x0000000711600000| PB 0x0000000711600000| Untracked |  0
| 111|0x0000000711800000, 0x0000000711a00000, 0x0000000711a00000|100%|HS|  |TAMS 0x0000000711800000| PB 0x0000000711800000| Untracked |  0
| 112|0x0000000711a00000, 0x0000000711c00000, 0x0000000711c00000|100%|HC|  |TAMS 0x0000000711a00000| PB 0x0000000711a00000| Untracked |  0
| 113|0x0000000711c00000, 0x0000000711e00000, 0x0000000711e00000|100%|HS|  |TAMS 0x0000000711c00000| PB 0x0000000711c00000| Untracked |  0
| 114|0x0000000711e00000, 0x0000000712000000, 0x0000000712000000|100%|HC|  |TAMS 0x0000000711e00000| PB 0x0000000711e00000| Untracked |  0
| 115|0x0000000712000000, 0x0000000712200000, 0x0000000712200000|100%|HS|  |TAMS 0x0000000712000000| PB 0x0000000712000000| Untracked |  0
| 116|0x0000000712200000, 0x0000000712400000, 0x0000000712400000|100%|HC|  |TAMS 0x0000000712200000| PB 0x0000000712200000| Untracked |  0
| 117|0x0000000712400000, 0x0000000712600000, 0x0000000712600000|100%|HS|  |TAMS 0x0000000712400000| PB 0x0000000712400000| Untracked |  0
| 118|0x0000000712600000, 0x0000000712800000, 0x0000000712800000|100%|HC|  |TAMS 0x0000000712600000| PB 0x0000000712600000| Untracked |  0
| 119|0x0000000712800000, 0x0000000712a00000, 0x0000000712a00000|100%|HS|  |TAMS 0x0000000712800000| PB 0x0000000712800000| Untracked |  0
| 120|0x0000000712a00000, 0x0000000712c00000, 0x0000000712c00000|100%|HC|  |TAMS 0x0000000712a00000| PB 0x0000000712a00000| Untracked |  0
| 121|0x0000000712c00000, 0x0000000712e00000, 0x0000000712e00000|100%|HS|  |TAMS 0x0000000712c00000| PB 0x0000000712c00000| Untracked |  0
| 122|0x0000000712e00000, 0x0000000713000000, 0x0000000713000000|100%|HC|  |TAMS 0x0000000712e00000| PB 0x0000000712e00000| Untracked |  0
| 123|0x0000000713000000, 0x0000000713200000, 0x0000000713200000|100%|HS|  |TAMS 0x0000000713000000| PB 0x0000000713000000| Untracked |  0
| 124|0x0000000713200000, 0x0000000713400000, 0x0000000713400000|100%|HC|  |TAMS 0x0000000713200000| PB 0x0000000713200000| Untracked |  0
| 125|0x0000000713400000, 0x0000000713600000, 0x0000000713600000|100%|HS|  |TAMS 0x0000000713400000| PB 0x0000000713400000| Untracked |  0
| 126|0x0000000713600000, 0x0000000713800000, 0x0000000713800000|100%|HC|  |TAMS 0x0000000713600000| PB 0x0000000713600000| Untracked |  0
| 127|0x0000000713800000, 0x0000000713a00000, 0x0000000713a00000|100%|HS|  |TAMS 0x0000000713800000| PB 0x0000000713800000| Untracked |  0
| 128|0x0000000713a00000, 0x0000000713c00000, 0x0000000713c00000|100%|HC|  |TAMS 0x0000000713a00000| PB 0x0000000713a00000| Untracked |  0
| 129|0x0000000713c00000, 0x0000000713deebc8, 0x0000000713e00000| 96%| O|  |TAMS 0x0000000713c00000| PB 0x0000000713c00000| Untracked |  0
| 130|0x0000000713e00000, 0x0000000714000000, 0x0000000714000000|100%|HS|  |TAMS 0x0000000713e00000| PB 0x0000000713e00000| Untracked |  0
| 131|0x0000000714000000, 0x0000000714200000, 0x0000000714200000|100%|HC|  |TAMS 0x0000000714000000| PB 0x0000000714000000| Untracked |  0
| 132|0x0000000714200000, 0x0000000714400000, 0x0000000714400000|100%|HS|  |TAMS 0x0000000714200000| PB 0x0000000714200000| Untracked |  0
| 133|0x0000000714400000, 0x0000000714600000, 0x0000000714600000|100%|HC|  |TAMS 0x0000000714400000| PB 0x0000000714400000| Untracked |  0
| 134|0x0000000714600000, 0x0000000714800000, 0x0000000714800000|100%|HS|  |TAMS 0x0000000714600000| PB 0x0000000714600000| Untracked |  0
| 135|0x0000000714800000, 0x0000000714a00000, 0x0000000714a00000|100%|HC|  |TAMS 0x0000000714800000| PB 0x0000000714800000| Untracked |  0
| 136|0x0000000714a00000, 0x0000000714c00000, 0x0000000714c00000|100%|HS|  |TAMS 0x0000000714a00000| PB 0x0000000714a00000| Untracked |  0
| 137|0x0000000714c00000, 0x0000000714e00000, 0x0000000714e00000|100%|HC|  |TAMS 0x0000000714c00000| PB 0x0000000714c00000| Untracked |  0
| 138|0x0000000714e00000, 0x0000000715000000, 0x0000000715000000|100%|HS|  |TAMS 0x0000000714e00000| PB 0x0000000714e00000| Untracked |  0
| 139|0x0000000715000000, 0x0000000715200000, 0x0000000715200000|100%|HC|  |TAMS 0x0000000715000000| PB 0x0000000715000000| Untracked |  0
| 140|0x0000000715200000, 0x00000007153f9da0, 0x0000000715400000| 98%| O|  |TAMS 0x0000000715200000| PB 0x0000000715200000| Untracked |  0
| 141|0x0000000715400000, 0x00000007155eda48, 0x0000000715600000| 96%| O|  |TAMS 0x0000000715400000| PB 0x0000000715400000| Untracked |  0
| 142|0x0000000715600000, 0x00000007157eb728, 0x0000000715800000| 95%| O|  |TAMS 0x0000000715600000| PB 0x0000000715600000| Untracked |  0
| 143|0x0000000715800000, 0x00000007159f3698, 0x0000000715a00000| 97%| O|  |TAMS 0x0000000715800000| PB 0x0000000715800000| Untracked |  0
| 144|0x0000000715a00000, 0x0000000715bf8d50, 0x0000000715c00000| 98%| O|  |TAMS 0x0000000715a00000| PB 0x0000000715a00000| Untracked |  0
| 145|0x0000000715c00000, 0x0000000715dfecf0, 0x0000000715e00000| 99%| O|  |TAMS 0x0000000715c00000| PB 0x0000000715c00000| Untracked |  0
| 146|0x0000000715e00000, 0x0000000715fea680, 0x0000000716000000| 95%| O|  |TAMS 0x0000000715e00000| PB 0x0000000715e00000| Untracked |  0
| 147|0x0000000716000000, 0x00000007161ebe50, 0x0000000716200000| 96%| O|  |TAMS 0x0000000716000000| PB 0x0000000716000000| Untracked |  0
| 148|0x0000000716200000, 0x00000007163fe3d8, 0x0000000716400000| 99%| O|  |TAMS 0x0000000716200000| PB 0x0000000716200000| Untracked |  0
| 149|0x0000000716400000, 0x00000007165e99a0, 0x0000000716600000| 95%| O|  |TAMS 0x0000000716400000| PB 0x0000000716400000| Untracked |  0
| 150|0x0000000716600000, 0x00000007167fed10, 0x0000000716800000| 99%| O|  |TAMS 0x0000000716600000| PB 0x0000000716600000| Untracked |  0
| 151|0x0000000716800000, 0x00000007169ff750, 0x0000000716a00000| 99%| O|  |TAMS 0x0000000716800000| PB 0x0000000716800000| Untracked |  0
| 152|0x0000000716a00000, 0x0000000716bfb388, 0x0000000716c00000| 99%| O|  |TAMS 0x0000000716a00000| PB 0x0000000716a00000| Untracked |  0
| 153|0x0000000716c00000, 0x0000000716e00000, 0x0000000716e00000|100%|HS|  |TAMS 0x0000000716c00000| PB 0x0000000716c00000| Untracked |  0
| 154|0x0000000716e00000, 0x0000000717000000, 0x0000000717000000|100%|HC|  |TAMS 0x0000000716e00000| PB 0x0000000716e00000| Untracked |  0
| 155|0x0000000717000000, 0x00000007171f9830, 0x0000000717200000| 98%| O|  |TAMS 0x0000000717000000| PB 0x0000000717000000| Untracked |  0
| 156|0x0000000717200000, 0x00000007173ed120, 0x0000000717400000| 96%| O|  |TAMS 0x0000000717200000| PB 0x0000000717200000| Untracked |  0
| 157|0x0000000717400000, 0x0000000717600000, 0x0000000717600000|100%|HS|  |TAMS 0x0000000717400000| PB 0x0000000717400000| Untracked |  0
| 158|0x0000000717600000, 0x0000000717800000, 0x0000000717800000|100%|HC|  |TAMS 0x0000000717600000| PB 0x0000000717600000| Untracked |  0
| 159|0x0000000717800000, 0x0000000717a00000, 0x0000000717a00000|100%|HS|  |TAMS 0x0000000717800000| PB 0x0000000717800000| Untracked |  0
| 160|0x0000000717a00000, 0x0000000717c00000, 0x0000000717c00000|100%|HC|  |TAMS 0x0000000717a00000| PB 0x0000000717a00000| Untracked |  0
| 161|0x0000000717c00000, 0x0000000717e00000, 0x0000000717e00000|100%|HS|  |TAMS 0x0000000717c00000| PB 0x0000000717c00000| Untracked |  0
| 162|0x0000000717e00000, 0x0000000718000000, 0x0000000718000000|100%|HC|  |TAMS 0x0000000717e00000| PB 0x0000000717e00000| Untracked |  0
| 163|0x0000000718000000, 0x00000007181f91b0, 0x0000000718200000| 98%| O|  |TAMS 0x0000000718000000| PB 0x0000000718000000| Untracked |  0
| 164|0x0000000718200000, 0x00000007183ffed0, 0x0000000718400000| 99%| O|  |TAMS 0x0000000718200000| PB 0x0000000718200000| Untracked |  0
| 165|0x0000000718400000, 0x00000007185e91e8, 0x0000000718600000| 95%| O|  |TAMS 0x0000000718400000| PB 0x0000000718400000| Untracked |  0
| 166|0x0000000718600000, 0x0000000718800000, 0x0000000718800000|100%|HS|  |TAMS 0x0000000718600000| PB 0x0000000718600000| Untracked |  0
| 167|0x0000000718800000, 0x0000000718a00000, 0x0000000718a00000|100%|HC|  |TAMS 0x0000000718800000| PB 0x0000000718800000| Untracked |  0
| 168|0x0000000718a00000, 0x0000000718c00000, 0x0000000718c00000|100%|HS|  |TAMS 0x0000000718a00000| PB 0x0000000718a00000| Untracked |  0
| 169|0x0000000718c00000, 0x0000000718e00000, 0x0000000718e00000|100%|HC|  |TAMS 0x0000000718c00000| PB 0x0000000718c00000| Untracked |  0
| 170|0x0000000718e00000, 0x0000000719000000, 0x0000000719000000|100%|HS|  |TAMS 0x0000000718e00000| PB 0x0000000718e00000| Untracked |  0
| 171|0x0000000719000000, 0x0000000719200000, 0x0000000719200000|100%|HC|  |TAMS 0x0000000719000000| PB 0x0000000719000000| Untracked |  0
| 172|0x0000000719200000, 0x0000000719400000, 0x0000000719400000|100%|HS|  |TAMS 0x0000000719200000| PB 0x0000000719200000| Untracked |  0
| 173|0x0000000719400000, 0x0000000719600000, 0x0000000719600000|100%|HC|  |TAMS 0x0000000719400000| PB 0x0000000719400000| Untracked |  0
| 174|0x0000000719600000, 0x0000000719800000, 0x0000000719800000|100%|HS|  |TAMS 0x0000000719600000| PB 0x0000000719600000| Untracked |  0
| 175|0x0000000719800000, 0x0000000719a00000, 0x0000000719a00000|100%|HC|  |TAMS 0x0000000719800000| PB 0x0000000719800000| Untracked |  0
| 176|0x0000000719a00000, 0x0000000719c00000, 0x0000000719c00000|100%|HS|  |TAMS 0x0000000719a00000| PB 0x0000000719a00000| Untracked |  0
| 177|0x0000000719c00000, 0x0000000719e00000, 0x0000000719e00000|100%|HC|  |TAMS 0x0000000719c00000| PB 0x0000000719c00000| Untracked |  0
| 178|0x0000000719e00000, 0x0000000719ffff50, 0x000000071a000000| 99%| O|  |TAMS 0x0000000719e00000| PB 0x0000000719e00000| Untracked |  0
| 179|0x000000071a000000, 0x000000071a1fd890, 0x000000071a200000| 99%| O|  |TAMS 0x000000071a000000| PB 0x000000071a000000| Untracked |  0
| 180|0x000000071a200000, 0x000000071a400000, 0x000000071a400000|100%|HS|  |TAMS 0x000000071a200000| PB 0x000000071a200000| Untracked |  0
| 181|0x000000071a400000, 0x000000071a600000, 0x000000071a600000|100%|HC|  |TAMS 0x000000071a400000| PB 0x000000071a400000| Untracked |  0
| 182|0x000000071a600000, 0x000000071a7fe630, 0x000000071a800000| 99%| O|  |TAMS 0x000000071a600000| PB 0x000000071a600000| Untracked |  0
| 183|0x000000071a800000, 0x000000071a9ffff0, 0x000000071aa00000| 99%| O|  |TAMS 0x000000071a800000| PB 0x000000071a800000| Untracked |  0
| 184|0x000000071aa00000, 0x000000071ac00000, 0x000000071ac00000|100%|HS|  |TAMS 0x000000071aa00000| PB 0x000000071aa00000| Untracked |  0
| 185|0x000000071ac00000, 0x000000071ae00000, 0x000000071ae00000|100%|HC|  |TAMS 0x000000071ac00000| PB 0x000000071ac00000| Untracked |  0
| 186|0x000000071ae00000, 0x000000071b000000, 0x000000071b000000|100%|HS|  |TAMS 0x000000071ae00000| PB 0x000000071ae00000| Untracked |  0
| 187|0x000000071b000000, 0x000000071b200000, 0x000000071b200000|100%|HC|  |TAMS 0x000000071b000000| PB 0x000000071b000000| Untracked |  0
| 188|0x000000071b200000, 0x000000071b400000, 0x000000071b400000|100%|HS|  |TAMS 0x000000071b200000| PB 0x000000071b200000| Untracked |  0
| 189|0x000000071b400000, 0x000000071b600000, 0x000000071b600000|100%|HC|  |TAMS 0x000000071b400000| PB 0x000000071b400000| Untracked |  0
| 190|0x000000071b600000, 0x000000071b800000, 0x000000071b800000|100%|HS|  |TAMS 0x000000071b600000| PB 0x000000071b600000| Untracked |  0
| 191|0x000000071b800000, 0x000000071ba00000, 0x000000071ba00000|100%|HC|  |TAMS 0x000000071b800000| PB 0x000000071b800000| Untracked |  0
| 192|0x000000071ba00000, 0x000000071bc00000, 0x000000071bc00000|100%|HS|  |TAMS 0x000000071ba00000| PB 0x000000071ba00000| Untracked |  0
| 193|0x000000071bc00000, 0x000000071be00000, 0x000000071be00000|100%|HC|  |TAMS 0x000000071bc00000| PB 0x000000071bc00000| Untracked |  0
| 194|0x000000071be00000, 0x000000071c000000, 0x000000071c000000|100%|HS|  |TAMS 0x000000071be00000| PB 0x000000071be00000| Untracked |  0
| 195|0x000000071c000000, 0x000000071c200000, 0x000000071c200000|100%|HC|  |TAMS 0x000000071c000000| PB 0x000000071c000000| Untracked |  0
| 196|0x000000071c200000, 0x000000071c400000, 0x000000071c400000|100%|HS|  |TAMS 0x000000071c200000| PB 0x000000071c200000| Untracked |  0
| 197|0x000000071c400000, 0x000000071c600000, 0x000000071c600000|100%|HC|  |TAMS 0x000000071c400000| PB 0x000000071c400000| Untracked |  0
| 198|0x000000071c600000, 0x000000071c800000, 0x000000071c800000|100%|HS|  |TAMS 0x000000071c600000| PB 0x000000071c600000| Untracked |  0
| 199|0x000000071c800000, 0x000000071ca00000, 0x000000071ca00000|100%|HC|  |TAMS 0x000000071c800000| PB 0x000000071c800000| Untracked |  0
| 200|0x000000071ca00000, 0x000000071cbf0648, 0x000000071cc00000| 96%| O|  |TAMS 0x000000071ca00000| PB 0x000000071ca00000| Untracked |  0
| 201|0x000000071cc00000, 0x000000071ce00000, 0x000000071ce00000|100%|HS|  |TAMS 0x000000071cc00000| PB 0x000000071cc00000| Untracked |  0
| 202|0x000000071ce00000, 0x000000071d000000, 0x000000071d000000|100%|HC|  |TAMS 0x000000071ce00000| PB 0x000000071ce00000| Untracked |  0
| 203|0x000000071d000000, 0x000000071d200000, 0x000000071d200000|100%|HS|  |TAMS 0x000000071d000000| PB 0x000000071d000000| Untracked |  0
| 204|0x000000071d200000, 0x000000071d400000, 0x000000071d400000|100%|HC|  |TAMS 0x000000071d200000| PB 0x000000071d200000| Untracked |  0
| 205|0x000000071d400000, 0x000000071d5ffa88, 0x000000071d600000| 99%| O|  |TAMS 0x000000071d400000| PB 0x000000071d400000| Untracked |  0
| 206|0x000000071d600000, 0x000000071d7ee878, 0x000000071d800000| 96%| O|  |TAMS 0x000000071d600000| PB 0x000000071d600000| Untracked |  0
| 207|0x000000071d800000, 0x000000071d9ffe40, 0x000000071da00000| 99%| O|  |TAMS 0x000000071d800000| PB 0x000000071d800000| Untracked |  0
| 208|0x000000071da00000, 0x000000071dc00000, 0x000000071dc00000|100%|HS|  |TAMS 0x000000071da00000| PB 0x000000071da00000| Untracked |  0
| 209|0x000000071dc00000, 0x000000071de00000, 0x000000071de00000|100%|HC|  |TAMS 0x000000071dc00000| PB 0x000000071dc00000| Untracked |  0
| 210|0x000000071de00000, 0x000000071e000000, 0x000000071e000000|100%|HS|  |TAMS 0x000000071de00000| PB 0x000000071de00000| Untracked |  0
| 211|0x000000071e000000, 0x000000071e200000, 0x000000071e200000|100%|HC|  |TAMS 0x000000071e000000| PB 0x000000071e000000| Untracked |  0
| 212|0x000000071e200000, 0x000000071e400000, 0x000000071e400000|100%|HS|  |TAMS 0x000000071e200000| PB 0x000000071e200000| Untracked |  0
| 213|0x000000071e400000, 0x000000071e600000, 0x000000071e600000|100%|HC|  |TAMS 0x000000071e400000| PB 0x000000071e400000| Untracked |  0
| 214|0x000000071e600000, 0x000000071e800000, 0x000000071e800000|100%|HS|  |TAMS 0x000000071e600000| PB 0x000000071e600000| Untracked |  0
| 215|0x000000071e800000, 0x000000071ea00000, 0x000000071ea00000|100%|HC|  |TAMS 0x000000071e800000| PB 0x000000071e800000| Untracked |  0
| 216|0x000000071ea00000, 0x000000071ec00000, 0x000000071ec00000|100%|HS|  |TAMS 0x000000071ea00000| PB 0x000000071ea00000| Untracked |  0
| 217|0x000000071ec00000, 0x000000071ee00000, 0x000000071ee00000|100%|HC|  |TAMS 0x000000071ec00000| PB 0x000000071ec00000| Untracked |  0
| 218|0x000000071ee00000, 0x000000071efffff8, 0x000000071f000000| 99%| O|  |TAMS 0x000000071ee00000| PB 0x000000071ee00000| Untracked |  0
| 219|0x000000071f000000, 0x000000071f1e9458, 0x000000071f200000| 95%| O|  |TAMS 0x000000071f000000| PB 0x000000071f000000| Untracked |  0
| 220|0x000000071f200000, 0x000000071f400000, 0x000000071f400000|100%|HS|  |TAMS 0x000000071f200000| PB 0x000000071f200000| Untracked |  0
| 221|0x000000071f400000, 0x000000071f600000, 0x000000071f600000|100%|HC|  |TAMS 0x000000071f400000| PB 0x000000071f400000| Untracked |  0
| 222|0x000000071f600000, 0x000000071f800000, 0x000000071f800000|100%|HS|  |TAMS 0x000000071f600000| PB 0x000000071f600000| Untracked |  0
| 223|0x000000071f800000, 0x000000071fa00000, 0x000000071fa00000|100%|HC|  |TAMS 0x000000071f800000| PB 0x000000071f800000| Untracked |  0
| 224|0x000000071fa00000, 0x000000071fc00000, 0x000000071fc00000|100%|HS|  |TAMS 0x000000071fa00000| PB 0x000000071fa00000| Untracked |  0
| 225|0x000000071fc00000, 0x000000071fe00000, 0x000000071fe00000|100%|HC|  |TAMS 0x000000071fc00000| PB 0x000000071fc00000| Untracked |  0
| 226|0x000000071fe00000, 0x0000000720000000, 0x0000000720000000|100%|HS|  |TAMS 0x000000071fe00000| PB 0x000000071fe00000| Untracked |  0
| 227|0x0000000720000000, 0x0000000720200000, 0x0000000720200000|100%|HC|  |TAMS 0x0000000720000000| PB 0x0000000720000000| Untracked |  0
| 228|0x0000000720200000, 0x0000000720400000, 0x0000000720400000|100%|HS|  |TAMS 0x0000000720200000| PB 0x0000000720200000| Untracked |  0
| 229|0x0000000720400000, 0x0000000720600000, 0x0000000720600000|100%|HC|  |TAMS 0x0000000720400000| PB 0x0000000720400000| Untracked |  0
| 230|0x0000000720600000, 0x0000000720800000, 0x0000000720800000|100%|HS|  |TAMS 0x0000000720600000| PB 0x0000000720600000| Untracked |  0
| 231|0x0000000720800000, 0x0000000720a00000, 0x0000000720a00000|100%|HC|  |TAMS 0x0000000720800000| PB 0x0000000720800000| Untracked |  0
| 232|0x0000000720a00000, 0x0000000720c00000, 0x0000000720c00000|100%|HS|  |TAMS 0x0000000720a00000| PB 0x0000000720a00000| Untracked |  0
| 233|0x0000000720c00000, 0x0000000720e00000, 0x0000000720e00000|100%|HC|  |TAMS 0x0000000720c00000| PB 0x0000000720c00000| Untracked |  0
| 234|0x0000000720e00000, 0x0000000721000000, 0x0000000721000000|100%|HS|  |TAMS 0x0000000720e00000| PB 0x0000000720e00000| Untracked |  0
| 235|0x0000000721000000, 0x0000000721200000, 0x0000000721200000|100%|HC|  |TAMS 0x0000000721000000| PB 0x0000000721000000| Untracked |  0
| 236|0x0000000721200000, 0x0000000721400000, 0x0000000721400000|100%|HS|  |TAMS 0x0000000721200000| PB 0x0000000721200000| Untracked |  0
| 237|0x0000000721400000, 0x0000000721600000, 0x0000000721600000|100%|HC|  |TAMS 0x0000000721400000| PB 0x0000000721400000| Untracked |  0
| 238|0x0000000721600000, 0x0000000721800000, 0x0000000721800000|100%|HS|  |TAMS 0x0000000721600000| PB 0x0000000721600000| Untracked |  0
| 239|0x0000000721800000, 0x0000000721a00000, 0x0000000721a00000|100%|HC|  |TAMS 0x0000000721800000| PB 0x0000000721800000| Untracked |  0
| 240|0x0000000721a00000, 0x0000000721c00000, 0x0000000721c00000|100%|HS|  |TAMS 0x0000000721a00000| PB 0x0000000721a00000| Untracked |  0
| 241|0x0000000721c00000, 0x0000000721e00000, 0x0000000721e00000|100%|HC|  |TAMS 0x0000000721c00000| PB 0x0000000721c00000| Untracked |  0
| 242|0x0000000721e00000, 0x0000000722000000, 0x0000000722000000|100%|HS|  |TAMS 0x0000000721e00000| PB 0x0000000721e00000| Untracked |  0
| 243|0x0000000722000000, 0x0000000722200000, 0x0000000722200000|100%|HC|  |TAMS 0x0000000722000000| PB 0x0000000722000000| Untracked |  0
| 244|0x0000000722200000, 0x0000000722400000, 0x0000000722400000|100%|HS|  |TAMS 0x0000000722200000| PB 0x0000000722200000| Untracked |  0
| 245|0x0000000722400000, 0x0000000722600000, 0x0000000722600000|100%|HC|  |TAMS 0x0000000722400000| PB 0x0000000722400000| Untracked |  0
| 246|0x0000000722600000, 0x0000000722800000, 0x0000000722800000|100%|HS|  |TAMS 0x0000000722600000| PB 0x0000000722600000| Untracked |  0
| 247|0x0000000722800000, 0x0000000722a00000, 0x0000000722a00000|100%|HC|  |TAMS 0x0000000722800000| PB 0x0000000722800000| Untracked |  0
| 248|0x0000000722a00000, 0x0000000722bfdef8, 0x0000000722c00000| 99%| O|  |TAMS 0x0000000722a00000| PB 0x0000000722a00000| Untracked |  0
| 249|0x0000000722c00000, 0x0000000722df32d0, 0x0000000722e00000| 97%| O|  |TAMS 0x0000000722c00000| PB 0x0000000722c00000| Untracked |  0
| 250|0x0000000722e00000, 0x0000000723000000, 0x0000000723000000|100%|HS|  |TAMS 0x0000000722e00000| PB 0x0000000722e00000| Untracked |  0
| 251|0x0000000723000000, 0x0000000723200000, 0x0000000723200000|100%|HC|  |TAMS 0x0000000723000000| PB 0x0000000723000000| Untracked |  0
| 252|0x0000000723200000, 0x0000000723400000, 0x0000000723400000|100%|HS|  |TAMS 0x0000000723200000| PB 0x0000000723200000| Untracked |  0
| 253|0x0000000723400000, 0x0000000723600000, 0x0000000723600000|100%|HC|  |TAMS 0x0000000723400000| PB 0x0000000723400000| Untracked |  0
| 254|0x0000000723600000, 0x00000007237ed308, 0x0000000723800000| 96%| O|  |TAMS 0x0000000723600000| PB 0x0000000723600000| Untracked |  0
| 255|0x0000000723800000, 0x00000007239ffff0, 0x0000000723a00000| 99%| O|  |TAMS 0x0000000723800000| PB 0x0000000723800000| Untracked |  0
| 256|0x0000000723a00000, 0x0000000723c00000, 0x0000000723c00000|100%|HS|  |TAMS 0x0000000723a00000| PB 0x0000000723a00000| Untracked |  0
| 257|0x0000000723c00000, 0x0000000723e00000, 0x0000000723e00000|100%|HC|  |TAMS 0x0000000723c00000| PB 0x0000000723c00000| Untracked |  0
| 258|0x0000000723e00000, 0x0000000724000000, 0x0000000724000000|100%|HS|  |TAMS 0x0000000723e00000| PB 0x0000000723e00000| Untracked |  0
| 259|0x0000000724000000, 0x0000000724200000, 0x0000000724200000|100%|HC|  |TAMS 0x0000000724000000| PB 0x0000000724000000| Untracked |  0
| 260|0x0000000724200000, 0x0000000724400000, 0x0000000724400000|100%|HS|  |TAMS 0x0000000724200000| PB 0x0000000724200000| Untracked |  0
| 261|0x0000000724400000, 0x0000000724600000, 0x0000000724600000|100%|HC|  |TAMS 0x0000000724400000| PB 0x0000000724400000| Untracked |  0
| 262|0x0000000724600000, 0x0000000724800000, 0x0000000724800000|100%|HS|  |TAMS 0x0000000724600000| PB 0x0000000724600000| Untracked |  0
| 263|0x0000000724800000, 0x0000000724a00000, 0x0000000724a00000|100%|HC|  |TAMS 0x0000000724800000| PB 0x0000000724800000| Untracked |  0
| 264|0x0000000724a00000, 0x0000000724c00000, 0x0000000724c00000|100%|HS|  |TAMS 0x0000000724a00000| PB 0x0000000724a00000| Untracked |  0
| 265|0x0000000724c00000, 0x0000000724e00000, 0x0000000724e00000|100%|HC|  |TAMS 0x0000000724c00000| PB 0x0000000724c00000| Untracked |  0
| 266|0x0000000724e00000, 0x0000000725000000, 0x0000000725000000|100%|HS|  |TAMS 0x0000000724e00000| PB 0x0000000724e00000| Untracked |  0
| 267|0x0000000725000000, 0x0000000725200000, 0x0000000725200000|100%|HC|  |TAMS 0x0000000725000000| PB 0x0000000725000000| Untracked |  0
| 268|0x0000000725200000, 0x0000000725400000, 0x0000000725400000|100%|HS|  |TAMS 0x0000000725200000| PB 0x0000000725200000| Untracked |  0
| 269|0x0000000725400000, 0x0000000725600000, 0x0000000725600000|100%|HC|  |TAMS 0x0000000725400000| PB 0x0000000725400000| Untracked |  0
| 270|0x0000000725600000, 0x0000000725800000, 0x0000000725800000|100%|HS|  |TAMS 0x0000000725600000| PB 0x0000000725600000| Untracked |  0
| 271|0x0000000725800000, 0x0000000725a00000, 0x0000000725a00000|100%|HC|  |TAMS 0x0000000725800000| PB 0x0000000725800000| Untracked |  0
| 272|0x0000000725a00000, 0x0000000725c00000, 0x0000000725c00000|100%|HS|  |TAMS 0x0000000725a00000| PB 0x0000000725a00000| Untracked |  0
| 273|0x0000000725c00000, 0x0000000725e00000, 0x0000000725e00000|100%|HC|  |TAMS 0x0000000725c00000| PB 0x0000000725c00000| Untracked |  0
| 274|0x0000000725e00000, 0x0000000726000000, 0x0000000726000000|100%|HS|  |TAMS 0x0000000725e00000| PB 0x0000000725e00000| Untracked |  0
| 275|0x0000000726000000, 0x0000000726200000, 0x0000000726200000|100%|HC|  |TAMS 0x0000000726000000| PB 0x0000000726000000| Untracked |  0
| 276|0x0000000726200000, 0x0000000726400000, 0x0000000726400000|100%|HS|  |TAMS 0x0000000726200000| PB 0x0000000726200000| Untracked |  0
| 277|0x0000000726400000, 0x0000000726600000, 0x0000000726600000|100%|HC|  |TAMS 0x0000000726400000| PB 0x0000000726400000| Untracked |  0
| 278|0x0000000726600000, 0x0000000726800000, 0x0000000726800000|100%|HS|  |TAMS 0x0000000726600000| PB 0x0000000726600000| Untracked |  0
| 279|0x0000000726800000, 0x0000000726a00000, 0x0000000726a00000|100%|HC|  |TAMS 0x0000000726800000| PB 0x0000000726800000| Untracked |  0
| 280|0x0000000726a00000, 0x0000000726c00000, 0x0000000726c00000|100%|HS|  |TAMS 0x0000000726a00000| PB 0x0000000726a00000| Untracked |  0
| 281|0x0000000726c00000, 0x0000000726e00000, 0x0000000726e00000|100%|HC|  |TAMS 0x0000000726c00000| PB 0x0000000726c00000| Untracked |  0
| 282|0x0000000726e00000, 0x0000000727000000, 0x0000000727000000|100%|HS|  |TAMS 0x0000000726e00000| PB 0x0000000726e00000| Untracked |  0
| 283|0x0000000727000000, 0x0000000727200000, 0x0000000727200000|100%|HC|  |TAMS 0x0000000727000000| PB 0x0000000727000000| Untracked |  0
| 284|0x0000000727200000, 0x00000007273eb3e0, 0x0000000727400000| 95%| O|  |TAMS 0x0000000727200000| PB 0x0000000727200000| Untracked |  0
| 285|0x0000000727400000, 0x00000007275fb9a8, 0x0000000727600000| 99%| O|  |TAMS 0x0000000727400000| PB 0x0000000727400000| Untracked |  0
| 286|0x0000000727600000, 0x0000000727800000, 0x0000000727800000|100%|HS|  |TAMS 0x0000000727600000| PB 0x0000000727600000| Untracked |  0
| 287|0x0000000727800000, 0x0000000727a00000, 0x0000000727a00000|100%|HC|  |TAMS 0x0000000727800000| PB 0x0000000727800000| Untracked |  0
| 288|0x0000000727a00000, 0x0000000727c00000, 0x0000000727c00000|100%|HS|  |TAMS 0x0000000727a00000| PB 0x0000000727a00000| Untracked |  0
| 289|0x0000000727c00000, 0x0000000727e00000, 0x0000000727e00000|100%|HC|  |TAMS 0x0000000727c00000| PB 0x0000000727c00000| Untracked |  0
| 290|0x0000000727e00000, 0x0000000728000000, 0x0000000728000000|100%|HS|  |TAMS 0x0000000727e00000| PB 0x0000000727e00000| Untracked |  0
| 291|0x0000000728000000, 0x0000000728200000, 0x0000000728200000|100%|HC|  |TAMS 0x0000000728000000| PB 0x0000000728000000| Untracked |  0
| 292|0x0000000728200000, 0x0000000728400000, 0x0000000728400000|100%|HS|  |TAMS 0x0000000728200000| PB 0x0000000728200000| Untracked |  0
| 293|0x0000000728400000, 0x0000000728600000, 0x0000000728600000|100%|HC|  |TAMS 0x0000000728400000| PB 0x0000000728400000| Untracked |  0
| 294|0x0000000728600000, 0x0000000728800000, 0x0000000728800000|100%|HS|  |TAMS 0x0000000728600000| PB 0x0000000728600000| Untracked |  0
| 295|0x0000000728800000, 0x0000000728a00000, 0x0000000728a00000|100%|HC|  |TAMS 0x0000000728800000| PB 0x0000000728800000| Untracked |  0
| 296|0x0000000728a00000, 0x0000000728c00000, 0x0000000728c00000|100%|HS|  |TAMS 0x0000000728a00000| PB 0x0000000728a00000| Untracked |  0
| 297|0x0000000728c00000, 0x0000000728e00000, 0x0000000728e00000|100%|HC|  |TAMS 0x0000000728c00000| PB 0x0000000728c00000| Untracked |  0
| 298|0x0000000728e00000, 0x0000000729000000, 0x0000000729000000|100%|HS|  |TAMS 0x0000000728e00000| PB 0x0000000728e00000| Untracked |  0
| 299|0x0000000729000000, 0x0000000729200000, 0x0000000729200000|100%|HC|  |TAMS 0x0000000729000000| PB 0x0000000729000000| Untracked |  0
| 300|0x0000000729200000, 0x0000000729400000, 0x0000000729400000|100%|HS|  |TAMS 0x0000000729200000| PB 0x0000000729200000| Untracked |  0
| 301|0x0000000729400000, 0x0000000729600000, 0x0000000729600000|100%|HC|  |TAMS 0x0000000729400000| PB 0x0000000729400000| Untracked |  0
| 302|0x0000000729600000, 0x0000000729800000, 0x0000000729800000|100%|HS|  |TAMS 0x0000000729600000| PB 0x0000000729600000| Untracked |  0
| 303|0x0000000729800000, 0x0000000729a00000, 0x0000000729a00000|100%|HC|  |TAMS 0x0000000729800000| PB 0x0000000729800000| Untracked |  0
| 304|0x0000000729a00000, 0x0000000729c00000, 0x0000000729c00000|100%|HS|  |TAMS 0x0000000729a00000| PB 0x0000000729a00000| Untracked |  0
| 305|0x0000000729c00000, 0x0000000729e00000, 0x0000000729e00000|100%|HC|  |TAMS 0x0000000729c00000| PB 0x0000000729c00000| Untracked |  0
| 306|0x0000000729e00000, 0x000000072a000000, 0x000000072a000000|100%|HS|  |TAMS 0x0000000729e00000| PB 0x0000000729e00000| Untracked |  0
| 307|0x000000072a000000, 0x000000072a200000, 0x000000072a200000|100%|HC|  |TAMS 0x000000072a000000| PB 0x000000072a000000| Untracked |  0
| 308|0x000000072a200000, 0x000000072a400000, 0x000000072a400000|100%|HS|  |TAMS 0x000000072a200000| PB 0x000000072a200000| Untracked |  0
| 309|0x000000072a400000, 0x000000072a600000, 0x000000072a600000|100%|HC|  |TAMS 0x000000072a400000| PB 0x000000072a400000| Untracked |  0
| 310|0x000000072a600000, 0x000000072a800000, 0x000000072a800000|100%|HS|  |TAMS 0x000000072a600000| PB 0x000000072a600000| Untracked |  0
| 311|0x000000072a800000, 0x000000072aa00000, 0x000000072aa00000|100%|HC|  |TAMS 0x000000072a800000| PB 0x000000072a800000| Untracked |  0
| 312|0x000000072aa00000, 0x000000072ac00000, 0x000000072ac00000|100%|HS|  |TAMS 0x000000072aa00000| PB 0x000000072aa00000| Untracked |  0
| 313|0x000000072ac00000, 0x000000072ae00000, 0x000000072ae00000|100%|HC|  |TAMS 0x000000072ac00000| PB 0x000000072ac00000| Untracked |  0
| 314|0x000000072ae00000, 0x000000072b000000, 0x000000072b000000|100%|HS|  |TAMS 0x000000072ae00000| PB 0x000000072ae00000| Untracked |  0
| 315|0x000000072b000000, 0x000000072b200000, 0x000000072b200000|100%|HC|  |TAMS 0x000000072b000000| PB 0x000000072b000000| Untracked |  0
| 316|0x000000072b200000, 0x000000072b400000, 0x000000072b400000|100%|HS|  |TAMS 0x000000072b200000| PB 0x000000072b200000| Untracked |  0
| 317|0x000000072b400000, 0x000000072b600000, 0x000000072b600000|100%|HC|  |TAMS 0x000000072b400000| PB 0x000000072b400000| Untracked |  0
| 318|0x000000072b600000, 0x000000072b800000, 0x000000072b800000|100%|HS|  |TAMS 0x000000072b600000| PB 0x000000072b600000| Untracked |  0
| 319|0x000000072b800000, 0x000000072ba00000, 0x000000072ba00000|100%|HC|  |TAMS 0x000000072b800000| PB 0x000000072b800000| Untracked |  0
| 320|0x000000072ba00000, 0x000000072bbfd158, 0x000000072bc00000| 99%| O|  |TAMS 0x000000072ba00000| PB 0x000000072ba00000| Untracked |  0
| 321|0x000000072bc00000, 0x000000072bdfcf10, 0x000000072be00000| 99%| O|  |TAMS 0x000000072bc00000| PB 0x000000072bc00000| Untracked |  0
| 322|0x000000072be00000, 0x000000072c000000, 0x000000072c000000|100%|HS|  |TAMS 0x000000072be00000| PB 0x000000072be00000| Untracked |  0
| 323|0x000000072c000000, 0x000000072c200000, 0x000000072c200000|100%|HC|  |TAMS 0x000000072c000000| PB 0x000000072c000000| Untracked |  0
| 324|0x000000072c200000, 0x000000072c400000, 0x000000072c400000|100%|HS|  |TAMS 0x000000072c200000| PB 0x000000072c200000| Untracked |  0
| 325|0x000000072c400000, 0x000000072c600000, 0x000000072c600000|100%|HC|  |TAMS 0x000000072c400000| PB 0x000000072c400000| Untracked |  0
| 326|0x000000072c600000, 0x000000072c800000, 0x000000072c800000|100%|HS|  |TAMS 0x000000072c600000| PB 0x000000072c600000| Untracked |  0
| 327|0x000000072c800000, 0x000000072ca00000, 0x000000072ca00000|100%|HC|  |TAMS 0x000000072c800000| PB 0x000000072c800000| Untracked |  0
| 328|0x000000072ca00000, 0x000000072cc00000, 0x000000072cc00000|100%|HS|  |TAMS 0x000000072ca00000| PB 0x000000072ca00000| Untracked |  0
| 329|0x000000072cc00000, 0x000000072ce00000, 0x000000072ce00000|100%|HC|  |TAMS 0x000000072cc00000| PB 0x000000072cc00000| Untracked |  0
| 330|0x000000072ce00000, 0x000000072d000000, 0x000000072d000000|100%|HS|  |TAMS 0x000000072ce00000| PB 0x000000072ce00000| Untracked |  0
| 331|0x000000072d000000, 0x000000072d200000, 0x000000072d200000|100%|HC|  |TAMS 0x000000072d000000| PB 0x000000072d000000| Untracked |  0
| 332|0x000000072d200000, 0x000000072d400000, 0x000000072d400000|100%|HS|  |TAMS 0x000000072d200000| PB 0x000000072d200000| Untracked |  0
| 333|0x000000072d400000, 0x000000072d600000, 0x000000072d600000|100%|HC|  |TAMS 0x000000072d400000| PB 0x000000072d400000| Untracked |  0
| 334|0x000000072d600000, 0x000000072d800000, 0x000000072d800000|100%|HS|  |TAMS 0x000000072d600000| PB 0x000000072d600000| Untracked |  0
| 335|0x000000072d800000, 0x000000072da00000, 0x000000072da00000|100%|HC|  |TAMS 0x000000072d800000| PB 0x000000072d800000| Untracked |  0
| 336|0x000000072da00000, 0x000000072dbf5730, 0x000000072dc00000| 97%| O|  |TAMS 0x000000072da00000| PB 0x000000072da00000| Untracked |  0
| 337|0x000000072dc00000, 0x000000072ddee7d8, 0x000000072de00000| 96%| O|  |TAMS 0x000000072dc00000| PB 0x000000072dc00000| Untracked |  0
| 338|0x000000072de00000, 0x000000072e000000, 0x000000072e000000|100%|HS|  |TAMS 0x000000072de00000| PB 0x000000072de00000| Untracked |  0
| 339|0x000000072e000000, 0x000000072e200000, 0x000000072e200000|100%|HC|  |TAMS 0x000000072e000000| PB 0x000000072e000000| Untracked |  0
| 340|0x000000072e200000, 0x000000072e400000, 0x000000072e400000|100%|HS|  |TAMS 0x000000072e200000| PB 0x000000072e200000| Untracked |  0
| 341|0x000000072e400000, 0x000000072e600000, 0x000000072e600000|100%|HC|  |TAMS 0x000000072e400000| PB 0x000000072e400000| Untracked |  0
| 342|0x000000072e600000, 0x000000072e800000, 0x000000072e800000|100%|HS|  |TAMS 0x000000072e600000| PB 0x000000072e600000| Untracked |  0
| 343|0x000000072e800000, 0x000000072ea00000, 0x000000072ea00000|100%|HC|  |TAMS 0x000000072e800000| PB 0x000000072e800000| Untracked |  0
| 344|0x000000072ea00000, 0x000000072ec00000, 0x000000072ec00000|100%|HS|  |TAMS 0x000000072ea00000| PB 0x000000072ea00000| Untracked |  0
| 345|0x000000072ec00000, 0x000000072ee00000, 0x000000072ee00000|100%|HC|  |TAMS 0x000000072ec00000| PB 0x000000072ec00000| Untracked |  0
| 346|0x000000072ee00000, 0x000000072f000000, 0x000000072f000000|100%|HS|  |TAMS 0x000000072ee00000| PB 0x000000072ee00000| Untracked |  0
| 347|0x000000072f000000, 0x000000072f200000, 0x000000072f200000|100%|HC|  |TAMS 0x000000072f000000| PB 0x000000072f000000| Untracked |  0
| 348|0x000000072f200000, 0x000000072f400000, 0x000000072f400000|100%|HS|  |TAMS 0x000000072f200000| PB 0x000000072f200000| Untracked |  0
| 349|0x000000072f400000, 0x000000072f600000, 0x000000072f600000|100%|HC|  |TAMS 0x000000072f400000| PB 0x000000072f400000| Untracked |  0
| 350|0x000000072f600000, 0x000000072f800000, 0x000000072f800000|100%|HS|  |TAMS 0x000000072f600000| PB 0x000000072f600000| Untracked |  0
| 351|0x000000072f800000, 0x000000072fa00000, 0x000000072fa00000|100%|HC|  |TAMS 0x000000072f800000| PB 0x000000072f800000| Untracked |  0
| 352|0x000000072fa00000, 0x000000072fc00000, 0x000000072fc00000|100%|HS|  |TAMS 0x000000072fa00000| PB 0x000000072fa00000| Untracked |  0
| 353|0x000000072fc00000, 0x000000072fe00000, 0x000000072fe00000|100%|HC|  |TAMS 0x000000072fc00000| PB 0x000000072fc00000| Untracked |  0
| 354|0x000000072fe00000, 0x0000000730000000, 0x0000000730000000|100%|HS|  |TAMS 0x000000072fe00000| PB 0x000000072fe00000| Untracked |  0
| 355|0x0000000730000000, 0x0000000730200000, 0x0000000730200000|100%|HC|  |TAMS 0x0000000730000000| PB 0x0000000730000000| Untracked |  0
| 356|0x0000000730200000, 0x00000007303e9518, 0x0000000730400000| 95%| O|  |TAMS 0x0000000730200000| PB 0x0000000730200000| Untracked |  0
| 357|0x0000000730400000, 0x00000007305e8f10, 0x0000000730600000| 95%| O|  |TAMS 0x0000000730400000| PB 0x0000000730400000| Untracked |  0
| 358|0x0000000730600000, 0x0000000730800000, 0x0000000730800000|100%|HS|  |TAMS 0x0000000730600000| PB 0x0000000730600000| Untracked |  0
| 359|0x0000000730800000, 0x0000000730a00000, 0x0000000730a00000|100%|HC|  |TAMS 0x0000000730800000| PB 0x0000000730800000| Untracked |  0
| 360|0x0000000730a00000, 0x0000000730c00000, 0x0000000730c00000|100%|HS|  |TAMS 0x0000000730a00000| PB 0x0000000730a00000| Untracked |  0
| 361|0x0000000730c00000, 0x0000000730e00000, 0x0000000730e00000|100%|HC|  |TAMS 0x0000000730c00000| PB 0x0000000730c00000| Untracked |  0
| 362|0x0000000730e00000, 0x0000000731000000, 0x0000000731000000|100%|HS|  |TAMS 0x0000000730e00000| PB 0x0000000730e00000| Untracked |  0
| 363|0x0000000731000000, 0x0000000731200000, 0x0000000731200000|100%|HC|  |TAMS 0x0000000731000000| PB 0x0000000731000000| Untracked |  0
| 364|0x0000000731200000, 0x0000000731400000, 0x0000000731400000|100%|HS|  |TAMS 0x0000000731200000| PB 0x0000000731200000| Untracked |  0
| 365|0x0000000731400000, 0x0000000731600000, 0x0000000731600000|100%|HC|  |TAMS 0x0000000731400000| PB 0x0000000731400000| Untracked |  0
| 366|0x0000000731600000, 0x0000000731800000, 0x0000000731800000|100%|HS|  |TAMS 0x0000000731600000| PB 0x0000000731600000| Untracked |  0
| 367|0x0000000731800000, 0x0000000731a00000, 0x0000000731a00000|100%|HC|  |TAMS 0x0000000731800000| PB 0x0000000731800000| Untracked |  0
| 368|0x0000000731a00000, 0x0000000731c00000, 0x0000000731c00000|100%|HS|  |TAMS 0x0000000731a00000| PB 0x0000000731a00000| Untracked |  0
| 369|0x0000000731c00000, 0x0000000731e00000, 0x0000000731e00000|100%|HC|  |TAMS 0x0000000731c00000| PB 0x0000000731c00000| Untracked |  0
| 370|0x0000000731e00000, 0x0000000732000000, 0x0000000732000000|100%|HS|  |TAMS 0x0000000731e00000| PB 0x0000000731e00000| Untracked |  0
| 371|0x0000000732000000, 0x0000000732200000, 0x0000000732200000|100%|HC|  |TAMS 0x0000000732000000| PB 0x0000000732000000| Untracked |  0
| 372|0x0000000732200000, 0x0000000732400000, 0x0000000732400000|100%|HS|  |TAMS 0x0000000732200000| PB 0x0000000732200000| Untracked |  0
| 373|0x0000000732400000, 0x0000000732600000, 0x0000000732600000|100%|HC|  |TAMS 0x0000000732400000| PB 0x0000000732400000| Untracked |  0
| 374|0x0000000732600000, 0x0000000732800000, 0x0000000732800000|100%|HS|  |TAMS 0x0000000732600000| PB 0x0000000732600000| Untracked |  0
| 375|0x0000000732800000, 0x0000000732a00000, 0x0000000732a00000|100%|HC|  |TAMS 0x0000000732800000| PB 0x0000000732800000| Untracked |  0
| 376|0x0000000732a00000, 0x0000000732c00000, 0x0000000732c00000|100%|HS|  |TAMS 0x0000000732a00000| PB 0x0000000732a00000| Untracked |  0
| 377|0x0000000732c00000, 0x0000000732e00000, 0x0000000732e00000|100%|HC|  |TAMS 0x0000000732c00000| PB 0x0000000732c00000| Untracked |  0
| 378|0x0000000732e00000, 0x0000000733000000, 0x0000000733000000|100%|HS|  |TAMS 0x0000000732e00000| PB 0x0000000732e00000| Untracked |  0
| 379|0x0000000733000000, 0x0000000733200000, 0x0000000733200000|100%|HC|  |TAMS 0x0000000733000000| PB 0x0000000733000000| Untracked |  0
| 380|0x0000000733200000, 0x0000000733400000, 0x0000000733400000|100%|HS|  |TAMS 0x0000000733200000| PB 0x0000000733200000| Untracked |  0
| 381|0x0000000733400000, 0x0000000733600000, 0x0000000733600000|100%|HC|  |TAMS 0x0000000733400000| PB 0x0000000733400000| Untracked |  0
| 382|0x0000000733600000, 0x0000000733800000, 0x0000000733800000|100%|HS|  |TAMS 0x0000000733600000| PB 0x0000000733600000| Untracked |  0
| 383|0x0000000733800000, 0x0000000733a00000, 0x0000000733a00000|100%|HC|  |TAMS 0x0000000733800000| PB 0x0000000733800000| Untracked |  0
| 384|0x0000000733a00000, 0x0000000733c00000, 0x0000000733c00000|100%|HS|  |TAMS 0x0000000733a00000| PB 0x0000000733a00000| Untracked |  0
| 385|0x0000000733c00000, 0x0000000733e00000, 0x0000000733e00000|100%|HC|  |TAMS 0x0000000733c00000| PB 0x0000000733c00000| Untracked |  0
| 386|0x0000000733e00000, 0x0000000734000000, 0x0000000734000000|100%|HS|  |TAMS 0x0000000733e00000| PB 0x0000000733e00000| Untracked |  0
| 387|0x0000000734000000, 0x0000000734200000, 0x0000000734200000|100%|HC|  |TAMS 0x0000000734000000| PB 0x0000000734000000| Untracked |  0
| 388|0x0000000734200000, 0x0000000734400000, 0x0000000734400000|100%|HS|  |TAMS 0x0000000734200000| PB 0x0000000734200000| Untracked |  0
| 389|0x0000000734400000, 0x0000000734600000, 0x0000000734600000|100%|HC|  |TAMS 0x0000000734400000| PB 0x0000000734400000| Untracked |  0
| 390|0x0000000734600000, 0x00000007347ebb38, 0x0000000734800000| 96%| O|  |TAMS 0x0000000734600000| PB 0x0000000734600000| Untracked |  0
| 391|0x0000000734800000, 0x0000000734a00000, 0x0000000734a00000|100%|HS|  |TAMS 0x0000000734800000| PB 0x0000000734800000| Untracked |  0
| 392|0x0000000734a00000, 0x0000000734c00000, 0x0000000734c00000|100%|HC|  |TAMS 0x0000000734a00000| PB 0x0000000734a00000| Untracked |  0
| 393|0x0000000734c00000, 0x0000000734e00000, 0x0000000734e00000|100%|HS|  |TAMS 0x0000000734c00000| PB 0x0000000734c00000| Untracked |  0
| 394|0x0000000734e00000, 0x0000000735000000, 0x0000000735000000|100%|HC|  |TAMS 0x0000000734e00000| PB 0x0000000734e00000| Untracked |  0
| 395|0x0000000735000000, 0x0000000735200000, 0x0000000735200000|100%|HS|  |TAMS 0x0000000735000000| PB 0x0000000735000000| Untracked |  0
| 396|0x0000000735200000, 0x0000000735400000, 0x0000000735400000|100%|HC|  |TAMS 0x0000000735200000| PB 0x0000000735200000| Untracked |  0
| 397|0x0000000735400000, 0x0000000735600000, 0x0000000735600000|100%|HS|  |TAMS 0x0000000735400000| PB 0x0000000735400000| Untracked |  0
| 398|0x0000000735600000, 0x0000000735800000, 0x0000000735800000|100%|HC|  |TAMS 0x0000000735600000| PB 0x0000000735600000| Untracked |  0
| 399|0x0000000735800000, 0x0000000735a00000, 0x0000000735a00000|100%|HS|  |TAMS 0x0000000735800000| PB 0x0000000735800000| Untracked |  0
| 400|0x0000000735a00000, 0x0000000735c00000, 0x0000000735c00000|100%|HC|  |TAMS 0x0000000735a00000| PB 0x0000000735a00000| Untracked |  0
| 401|0x0000000735c00000, 0x0000000735e00000, 0x0000000735e00000|100%|HS|  |TAMS 0x0000000735c00000| PB 0x0000000735c00000| Untracked |  0
| 402|0x0000000735e00000, 0x0000000736000000, 0x0000000736000000|100%|HC|  |TAMS 0x0000000735e00000| PB 0x0000000735e00000| Untracked |  0
| 403|0x0000000736000000, 0x00000007361e9e08, 0x0000000736200000| 95%| O|  |TAMS 0x0000000736000000| PB 0x0000000736000000| Untracked |  0
| 404|0x0000000736200000, 0x00000007363f1298, 0x0000000736400000| 97%| O|  |TAMS 0x0000000736200000| PB 0x0000000736200000| Untracked |  0
| 405|0x0000000736400000, 0x00000007365fb5e0, 0x0000000736600000| 99%| O|  |TAMS 0x0000000736400000| PB 0x0000000736400000| Untracked |  0
| 406|0x0000000736600000, 0x0000000736800000, 0x0000000736800000|100%|HS|  |TAMS 0x0000000736600000| PB 0x0000000736600000| Untracked |  0
| 407|0x0000000736800000, 0x0000000736a00000, 0x0000000736a00000|100%|HC|  |TAMS 0x0000000736800000| PB 0x0000000736800000| Untracked |  0
| 408|0x0000000736a00000, 0x0000000736bfbb20, 0x0000000736c00000| 99%| O|  |TAMS 0x0000000736a00000| PB 0x0000000736a00000| Untracked |  0
| 409|0x0000000736c00000, 0x0000000736df7078, 0x0000000736e00000| 98%| O|  |TAMS 0x0000000736c00000| PB 0x0000000736c00000| Untracked |  0
| 410|0x0000000736e00000, 0x0000000737000000, 0x0000000737000000|100%|HS|  |TAMS 0x0000000736e00000| PB 0x0000000736e00000| Untracked |  0
| 411|0x0000000737000000, 0x0000000737200000, 0x0000000737200000|100%|HC|  |TAMS 0x0000000737000000| PB 0x0000000737000000| Untracked |  0
| 412|0x0000000737200000, 0x0000000737400000, 0x0000000737400000|100%|HS|  |TAMS 0x0000000737200000| PB 0x0000000737200000| Untracked |  0
| 413|0x0000000737400000, 0x0000000737600000, 0x0000000737600000|100%|HC|  |TAMS 0x0000000737400000| PB 0x0000000737400000| Untracked |  0
| 414|0x0000000737600000, 0x0000000737800000, 0x0000000737800000|100%|HS|  |TAMS 0x0000000737600000| PB 0x0000000737600000| Untracked |  0
| 415|0x0000000737800000, 0x0000000737a00000, 0x0000000737a00000|100%|HC|  |TAMS 0x0000000737800000| PB 0x0000000737800000| Untracked |  0
| 416|0x0000000737a00000, 0x0000000737c00000, 0x0000000737c00000|100%|HS|  |TAMS 0x0000000737a00000| PB 0x0000000737a00000| Untracked |  0
| 417|0x0000000737c00000, 0x0000000737e00000, 0x0000000737e00000|100%|HC|  |TAMS 0x0000000737c00000| PB 0x0000000737c00000| Untracked |  0
| 418|0x0000000737e00000, 0x0000000738000000, 0x0000000738000000|100%|HS|  |TAMS 0x0000000737e00000| PB 0x0000000737e00000| Untracked |  0
| 419|0x0000000738000000, 0x0000000738200000, 0x0000000738200000|100%|HC|  |TAMS 0x0000000738000000| PB 0x0000000738000000| Untracked |  0
| 420|0x0000000738200000, 0x0000000738400000, 0x0000000738400000|100%|HS|  |TAMS 0x0000000738200000| PB 0x0000000738200000| Untracked |  0
| 421|0x0000000738400000, 0x0000000738600000, 0x0000000738600000|100%|HC|  |TAMS 0x0000000738400000| PB 0x0000000738400000| Untracked |  0
| 422|0x0000000738600000, 0x0000000738800000, 0x0000000738800000|100%|HS|  |TAMS 0x0000000738600000| PB 0x0000000738600000| Untracked |  0
| 423|0x0000000738800000, 0x0000000738a00000, 0x0000000738a00000|100%|HC|  |TAMS 0x0000000738800000| PB 0x0000000738800000| Untracked |  0
| 424|0x0000000738a00000, 0x0000000738c00000, 0x0000000738c00000|100%|HS|  |TAMS 0x0000000738a00000| PB 0x0000000738a00000| Untracked |  0
| 425|0x0000000738c00000, 0x0000000738e00000, 0x0000000738e00000|100%|HC|  |TAMS 0x0000000738c00000| PB 0x0000000738c00000| Untracked |  0
| 426|0x0000000738e00000, 0x0000000739000000, 0x0000000739000000|100%|HS|  |TAMS 0x0000000738e00000| PB 0x0000000738e00000| Untracked |  0
| 427|0x0000000739000000, 0x0000000739200000, 0x0000000739200000|100%|HC|  |TAMS 0x0000000739000000| PB 0x0000000739000000| Untracked |  0
| 428|0x0000000739200000, 0x0000000739400000, 0x0000000739400000|100%|HS|  |TAMS 0x0000000739200000| PB 0x0000000739200000| Untracked |  0
| 429|0x0000000739400000, 0x0000000739600000, 0x0000000739600000|100%|HC|  |TAMS 0x0000000739400000| PB 0x0000000739400000| Untracked |  0
| 430|0x0000000739600000, 0x0000000739800000, 0x0000000739800000|100%|HS|  |TAMS 0x0000000739600000| PB 0x0000000739600000| Untracked |  0
| 431|0x0000000739800000, 0x0000000739a00000, 0x0000000739a00000|100%|HC|  |TAMS 0x0000000739800000| PB 0x0000000739800000| Untracked |  0
| 432|0x0000000739a00000, 0x0000000739c00000, 0x0000000739c00000|100%|HS|  |TAMS 0x0000000739a00000| PB 0x0000000739a00000| Untracked |  0
| 433|0x0000000739c00000, 0x0000000739e00000, 0x0000000739e00000|100%|HC|  |TAMS 0x0000000739c00000| PB 0x0000000739c00000| Untracked |  0
| 434|0x0000000739e00000, 0x000000073a000000, 0x000000073a000000|100%|HS|  |TAMS 0x0000000739e00000| PB 0x0000000739e00000| Untracked |  0
| 435|0x000000073a000000, 0x000000073a200000, 0x000000073a200000|100%|HC|  |TAMS 0x000000073a000000| PB 0x000000073a000000| Untracked |  0
| 436|0x000000073a200000, 0x000000073a400000, 0x000000073a400000|100%|HS|  |TAMS 0x000000073a200000| PB 0x000000073a200000| Untracked |  0
| 437|0x000000073a400000, 0x000000073a600000, 0x000000073a600000|100%|HC|  |TAMS 0x000000073a400000| PB 0x000000073a400000| Untracked |  0
| 438|0x000000073a600000, 0x000000073a800000, 0x000000073a800000|100%|HS|  |TAMS 0x000000073a600000| PB 0x000000073a600000| Untracked |  0
| 439|0x000000073a800000, 0x000000073aa00000, 0x000000073aa00000|100%|HC|  |TAMS 0x000000073a800000| PB 0x000000073a800000| Untracked |  0
| 440|0x000000073aa00000, 0x000000073ac00000, 0x000000073ac00000|100%|HS|  |TAMS 0x000000073aa00000| PB 0x000000073aa00000| Untracked |  0
| 441|0x000000073ac00000, 0x000000073ae00000, 0x000000073ae00000|100%|HC|  |TAMS 0x000000073ac00000| PB 0x000000073ac00000| Untracked |  0
| 442|0x000000073ae00000, 0x000000073afed868, 0x000000073b000000| 96%| O|  |TAMS 0x000000073ae00000| PB 0x000000073ae00000| Untracked |  0
| 443|0x000000073b000000, 0x000000073b1fe8a8, 0x000000073b200000| 99%| O|  |TAMS 0x000000073b000000| PB 0x000000073b000000| Untracked |  0
| 444|0x000000073b200000, 0x000000073b400000, 0x000000073b400000|100%|HS|  |TAMS 0x000000073b200000| PB 0x000000073b200000| Untracked |  0
| 445|0x000000073b400000, 0x000000073b600000, 0x000000073b600000|100%|HC|  |TAMS 0x000000073b400000| PB 0x000000073b400000| Untracked |  0
| 446|0x000000073b600000, 0x000000073b800000, 0x000000073b800000|100%|HS|  |TAMS 0x000000073b600000| PB 0x000000073b600000| Untracked |  0
| 447|0x000000073b800000, 0x000000073ba00000, 0x000000073ba00000|100%|HC|  |TAMS 0x000000073b800000| PB 0x000000073b800000| Untracked |  0
| 448|0x000000073ba00000, 0x000000073bc00000, 0x000000073bc00000|100%|HS|  |TAMS 0x000000073ba00000| PB 0x000000073ba00000| Untracked |  0
| 449|0x000000073bc00000, 0x000000073be00000, 0x000000073be00000|100%|HC|  |TAMS 0x000000073bc00000| PB 0x000000073bc00000| Untracked |  0
| 450|0x000000073be00000, 0x000000073c000000, 0x000000073c000000|100%|HS|  |TAMS 0x000000073be00000| PB 0x000000073be00000| Untracked |  0
| 451|0x000000073c000000, 0x000000073c200000, 0x000000073c200000|100%|HC|  |TAMS 0x000000073c000000| PB 0x000000073c000000| Untracked |  0
| 452|0x000000073c200000, 0x000000073c400000, 0x000000073c400000|100%|HS|  |TAMS 0x000000073c200000| PB 0x000000073c200000| Untracked |  0
| 453|0x000000073c400000, 0x000000073c600000, 0x000000073c600000|100%|HC|  |TAMS 0x000000073c400000| PB 0x000000073c400000| Untracked |  0
| 454|0x000000073c600000, 0x000000073c800000, 0x000000073c800000|100%|HS|  |TAMS 0x000000073c600000| PB 0x000000073c600000| Untracked |  0
| 455|0x000000073c800000, 0x000000073ca00000, 0x000000073ca00000|100%|HC|  |TAMS 0x000000073c800000| PB 0x000000073c800000| Untracked |  0
| 456|0x000000073ca00000, 0x000000073cc00000, 0x000000073cc00000|100%|HS|  |TAMS 0x000000073ca00000| PB 0x000000073ca00000| Untracked |  0
| 457|0x000000073cc00000, 0x000000073ce00000, 0x000000073ce00000|100%|HC|  |TAMS 0x000000073cc00000| PB 0x000000073cc00000| Untracked |  0
| 458|0x000000073ce00000, 0x000000073d000000, 0x000000073d000000|100%|HS|  |TAMS 0x000000073ce00000| PB 0x000000073ce00000| Untracked |  0
| 459|0x000000073d000000, 0x000000073d200000, 0x000000073d200000|100%|HC|  |TAMS 0x000000073d000000| PB 0x000000073d000000| Untracked |  0
| 460|0x000000073d200000, 0x000000073d400000, 0x000000073d400000|100%|HS|  |TAMS 0x000000073d200000| PB 0x000000073d200000| Untracked |  0
| 461|0x000000073d400000, 0x000000073d600000, 0x000000073d600000|100%|HC|  |TAMS 0x000000073d400000| PB 0x000000073d400000| Untracked |  0
| 462|0x000000073d600000, 0x000000073d800000, 0x000000073d800000|100%|HS|  |TAMS 0x000000073d600000| PB 0x000000073d600000| Untracked |  0
| 463|0x000000073d800000, 0x000000073da00000, 0x000000073da00000|100%|HC|  |TAMS 0x000000073d800000| PB 0x000000073d800000| Untracked |  0
| 464|0x000000073da00000, 0x000000073dc00000, 0x000000073dc00000|100%|HS|  |TAMS 0x000000073da00000| PB 0x000000073da00000| Untracked |  0
| 465|0x000000073dc00000, 0x000000073de00000, 0x000000073de00000|100%|HC|  |TAMS 0x000000073dc00000| PB 0x000000073dc00000| Untracked |  0
| 466|0x000000073de00000, 0x000000073e000000, 0x000000073e000000|100%|HS|  |TAMS 0x000000073de00000| PB 0x000000073de00000| Untracked |  0
| 467|0x000000073e000000, 0x000000073e200000, 0x000000073e200000|100%|HC|  |TAMS 0x000000073e000000| PB 0x000000073e000000| Untracked |  0
| 468|0x000000073e200000, 0x000000073e400000, 0x000000073e400000|100%|HS|  |TAMS 0x000000073e200000| PB 0x000000073e200000| Untracked |  0
| 469|0x000000073e400000, 0x000000073e600000, 0x000000073e600000|100%|HC|  |TAMS 0x000000073e400000| PB 0x000000073e400000| Untracked |  0
| 470|0x000000073e600000, 0x000000073e800000, 0x000000073e800000|100%|HS|  |TAMS 0x000000073e600000| PB 0x000000073e600000| Untracked |  0
| 471|0x000000073e800000, 0x000000073ea00000, 0x000000073ea00000|100%|HC|  |TAMS 0x000000073e800000| PB 0x000000073e800000| Untracked |  0
| 472|0x000000073ea00000, 0x000000073ec00000, 0x000000073ec00000|100%|HS|  |TAMS 0x000000073ea00000| PB 0x000000073ea00000| Untracked |  0
| 473|0x000000073ec00000, 0x000000073ee00000, 0x000000073ee00000|100%|HC|  |TAMS 0x000000073ec00000| PB 0x000000073ec00000| Untracked |  0
| 474|0x000000073ee00000, 0x000000073f000000, 0x000000073f000000|100%|HS|  |TAMS 0x000000073ee00000| PB 0x000000073ee00000| Untracked |  0
| 475|0x000000073f000000, 0x000000073f200000, 0x000000073f200000|100%|HC|  |TAMS 0x000000073f000000| PB 0x000000073f000000| Untracked |  0
| 476|0x000000073f200000, 0x000000073f400000, 0x000000073f400000|100%|HS|  |TAMS 0x000000073f200000| PB 0x000000073f200000| Untracked |  0
| 477|0x000000073f400000, 0x000000073f600000, 0x000000073f600000|100%|HC|  |TAMS 0x000000073f400000| PB 0x000000073f400000| Untracked |  0
| 478|0x000000073f600000, 0x000000073f800000, 0x000000073f800000|100%|HS|  |TAMS 0x000000073f600000| PB 0x000000073f600000| Untracked |  0
| 479|0x000000073f800000, 0x000000073fa00000, 0x000000073fa00000|100%|HC|  |TAMS 0x000000073f800000| PB 0x000000073f800000| Untracked |  0
| 480|0x000000073fa00000, 0x000000073fc00000, 0x000000073fc00000|100%|HS|  |TAMS 0x000000073fa00000| PB 0x000000073fa00000| Untracked |  0
| 481|0x000000073fc00000, 0x000000073fe00000, 0x000000073fe00000|100%|HC|  |TAMS 0x000000073fc00000| PB 0x000000073fc00000| Untracked |  0
| 482|0x000000073fe00000, 0x0000000740000000, 0x0000000740000000|100%|HS|  |TAMS 0x000000073fe00000| PB 0x000000073fe00000| Untracked |  0
| 483|0x0000000740000000, 0x0000000740200000, 0x0000000740200000|100%|HC|  |TAMS 0x0000000740000000| PB 0x0000000740000000| Untracked |  0
| 484|0x0000000740200000, 0x0000000740400000, 0x0000000740400000|100%|HS|  |TAMS 0x0000000740200000| PB 0x0000000740200000| Untracked |  0
| 485|0x0000000740400000, 0x0000000740600000, 0x0000000740600000|100%|HC|  |TAMS 0x0000000740400000| PB 0x0000000740400000| Untracked |  0
| 486|0x0000000740600000, 0x0000000740800000, 0x0000000740800000|100%|HS|  |TAMS 0x0000000740600000| PB 0x0000000740600000| Untracked |  0
| 487|0x0000000740800000, 0x0000000740a00000, 0x0000000740a00000|100%|HC|  |TAMS 0x0000000740800000| PB 0x0000000740800000| Untracked |  0
| 488|0x0000000740a00000, 0x0000000740c00000, 0x0000000740c00000|100%|HS|  |TAMS 0x0000000740a00000| PB 0x0000000740a00000| Untracked |  0
| 489|0x0000000740c00000, 0x0000000740e00000, 0x0000000740e00000|100%|HC|  |TAMS 0x0000000740c00000| PB 0x0000000740c00000| Untracked |  0
| 490|0x0000000740e00000, 0x0000000741000000, 0x0000000741000000|100%|HS|  |TAMS 0x0000000740e00000| PB 0x0000000740e00000| Untracked |  0
| 491|0x0000000741000000, 0x0000000741200000, 0x0000000741200000|100%|HC|  |TAMS 0x0000000741000000| PB 0x0000000741000000| Untracked |  0
| 492|0x0000000741200000, 0x00000007413f88a0, 0x0000000741400000| 98%| O|  |TAMS 0x0000000741200000| PB 0x0000000741200000| Untracked |  0
| 493|0x0000000741400000, 0x0000000741600000, 0x0000000741600000|100%|HS|  |TAMS 0x0000000741400000| PB 0x0000000741400000| Untracked |  0
| 494|0x0000000741600000, 0x0000000741800000, 0x0000000741800000|100%|HC|  |TAMS 0x0000000741600000| PB 0x0000000741600000| Untracked |  0
| 495|0x0000000741800000, 0x0000000741a00000, 0x0000000741a00000|100%|HS|  |TAMS 0x0000000741800000| PB 0x0000000741800000| Untracked |  0
| 496|0x0000000741a00000, 0x0000000741c00000, 0x0000000741c00000|100%|HC|  |TAMS 0x0000000741a00000| PB 0x0000000741a00000| Untracked |  0
| 497|0x0000000741c00000, 0x0000000741e00000, 0x0000000741e00000|100%|HS|  |TAMS 0x0000000741c00000| PB 0x0000000741c00000| Untracked |  0
| 498|0x0000000741e00000, 0x0000000742000000, 0x0000000742000000|100%|HC|  |TAMS 0x0000000741e00000| PB 0x0000000741e00000| Untracked |  0
| 499|0x0000000742000000, 0x0000000742200000, 0x0000000742200000|100%|HS|  |TAMS 0x0000000742000000| PB 0x0000000742000000| Untracked |  0
| 500|0x0000000742200000, 0x0000000742400000, 0x0000000742400000|100%|HC|  |TAMS 0x0000000742200000| PB 0x0000000742200000| Untracked |  0
| 501|0x0000000742400000, 0x0000000742600000, 0x0000000742600000|100%|HS|  |TAMS 0x0000000742400000| PB 0x0000000742400000| Untracked |  0
| 502|0x0000000742600000, 0x0000000742800000, 0x0000000742800000|100%|HC|  |TAMS 0x0000000742600000| PB 0x0000000742600000| Untracked |  0
| 503|0x0000000742800000, 0x0000000742a00000, 0x0000000742a00000|100%|HS|  |TAMS 0x0000000742800000| PB 0x0000000742800000| Untracked |  0
| 504|0x0000000742a00000, 0x0000000742c00000, 0x0000000742c00000|100%|HC|  |TAMS 0x0000000742a00000| PB 0x0000000742a00000| Untracked |  0
| 505|0x0000000742c00000, 0x0000000742e00000, 0x0000000742e00000|100%|HS|  |TAMS 0x0000000742c00000| PB 0x0000000742c00000| Untracked |  0
| 506|0x0000000742e00000, 0x0000000743000000, 0x0000000743000000|100%|HC|  |TAMS 0x0000000742e00000| PB 0x0000000742e00000| Untracked |  0
| 507|0x0000000743000000, 0x0000000743200000, 0x0000000743200000|100%|HS|  |TAMS 0x0000000743000000| PB 0x0000000743000000| Untracked |  0
| 508|0x0000000743200000, 0x0000000743400000, 0x0000000743400000|100%|HC|  |TAMS 0x0000000743200000| PB 0x0000000743200000| Untracked |  0
| 509|0x0000000743400000, 0x0000000743600000, 0x0000000743600000|100%|HS|  |TAMS 0x0000000743400000| PB 0x0000000743400000| Untracked |  0
| 510|0x0000000743600000, 0x0000000743800000, 0x0000000743800000|100%|HC|  |TAMS 0x0000000743600000| PB 0x0000000743600000| Untracked |  0
| 511|0x0000000743800000, 0x0000000743a00000, 0x0000000743a00000|100%|HS|  |TAMS 0x0000000743800000| PB 0x0000000743800000| Untracked |  0
| 512|0x0000000743a00000, 0x0000000743c00000, 0x0000000743c00000|100%|HC|  |TAMS 0x0000000743a00000| PB 0x0000000743a00000| Untracked |  0
| 513|0x0000000743c00000, 0x0000000743e00000, 0x0000000743e00000|100%|HS|  |TAMS 0x0000000743c00000| PB 0x0000000743c00000| Untracked |  0
| 514|0x0000000743e00000, 0x0000000744000000, 0x0000000744000000|100%|HC|  |TAMS 0x0000000743e00000| PB 0x0000000743e00000| Untracked |  0
| 515|0x0000000744000000, 0x0000000744200000, 0x0000000744200000|100%|HS|  |TAMS 0x0000000744000000| PB 0x0000000744000000| Untracked |  0
| 516|0x0000000744200000, 0x0000000744400000, 0x0000000744400000|100%|HC|  |TAMS 0x0000000744200000| PB 0x0000000744200000| Untracked |  0
| 517|0x0000000744400000, 0x0000000744600000, 0x0000000744600000|100%|HS|  |TAMS 0x0000000744400000| PB 0x0000000744400000| Untracked |  0
| 518|0x0000000744600000, 0x0000000744800000, 0x0000000744800000|100%|HC|  |TAMS 0x0000000744600000| PB 0x0000000744600000| Untracked |  0
| 519|0x0000000744800000, 0x0000000744a00000, 0x0000000744a00000|100%|HS|  |TAMS 0x0000000744800000| PB 0x0000000744800000| Untracked |  0
| 520|0x0000000744a00000, 0x0000000744c00000, 0x0000000744c00000|100%|HC|  |TAMS 0x0000000744a00000| PB 0x0000000744a00000| Untracked |  0
| 521|0x0000000744c00000, 0x0000000744df0900, 0x0000000744e00000| 96%| O|  |TAMS 0x0000000744c00000| PB 0x0000000744c00000| Untracked |  0
| 522|0x0000000744e00000, 0x0000000744fee940, 0x0000000745000000| 96%| O|  |TAMS 0x0000000744e00000| PB 0x0000000744e00000| Untracked |  0
| 523|0x0000000745000000, 0x00000007451fddf0, 0x0000000745200000| 99%| O|  |TAMS 0x0000000745000000| PB 0x0000000745000000| Untracked |  0
| 524|0x0000000745200000, 0x00000007453edef0, 0x0000000745400000| 96%| O|  |TAMS 0x0000000745200000| PB 0x0000000745200000| Untracked |  0
| 525|0x0000000745400000, 0x0000000745600000, 0x0000000745600000|100%|HS|  |TAMS 0x0000000745400000| PB 0x0000000745400000| Untracked |  0
| 526|0x0000000745600000, 0x0000000745800000, 0x0000000745800000|100%|HC|  |TAMS 0x0000000745600000| PB 0x0000000745600000| Untracked |  0
| 527|0x0000000745800000, 0x0000000745a00000, 0x0000000745a00000|100%|HS|  |TAMS 0x0000000745800000| PB 0x0000000745800000| Untracked |  0
| 528|0x0000000745a00000, 0x0000000745c00000, 0x0000000745c00000|100%|HC|  |TAMS 0x0000000745a00000| PB 0x0000000745a00000| Untracked |  0
| 529|0x0000000745c00000, 0x0000000745e00000, 0x0000000745e00000|100%|HS|  |TAMS 0x0000000745c00000| PB 0x0000000745c00000| Untracked |  0
| 530|0x0000000745e00000, 0x0000000746000000, 0x0000000746000000|100%|HC|  |TAMS 0x0000000745e00000| PB 0x0000000745e00000| Untracked |  0
| 531|0x0000000746000000, 0x0000000746200000, 0x0000000746200000|100%|HS|  |TAMS 0x0000000746000000| PB 0x0000000746000000| Untracked |  0
| 532|0x0000000746200000, 0x0000000746400000, 0x0000000746400000|100%|HC|  |TAMS 0x0000000746200000| PB 0x0000000746200000| Untracked |  0
| 533|0x0000000746400000, 0x0000000746600000, 0x0000000746600000|100%|HS|  |TAMS 0x0000000746400000| PB 0x0000000746400000| Untracked |  0
| 534|0x0000000746600000, 0x0000000746800000, 0x0000000746800000|100%|HC|  |TAMS 0x0000000746600000| PB 0x0000000746600000| Untracked |  0
| 535|0x0000000746800000, 0x0000000746a00000, 0x0000000746a00000|100%|HS|  |TAMS 0x0000000746800000| PB 0x0000000746800000| Untracked |  0
| 536|0x0000000746a00000, 0x0000000746c00000, 0x0000000746c00000|100%|HC|  |TAMS 0x0000000746a00000| PB 0x0000000746a00000| Untracked |  0
| 537|0x0000000746c00000, 0x0000000746e00000, 0x0000000746e00000|100%|HS|  |TAMS 0x0000000746c00000| PB 0x0000000746c00000| Untracked |  0
| 538|0x0000000746e00000, 0x0000000747000000, 0x0000000747000000|100%|HC|  |TAMS 0x0000000746e00000| PB 0x0000000746e00000| Untracked |  0
| 539|0x0000000747000000, 0x0000000747200000, 0x0000000747200000|100%|HS|  |TAMS 0x0000000747000000| PB 0x0000000747000000| Untracked |  0
| 540|0x0000000747200000, 0x0000000747400000, 0x0000000747400000|100%|HC|  |TAMS 0x0000000747200000| PB 0x0000000747200000| Untracked |  0
| 541|0x0000000747400000, 0x0000000747600000, 0x0000000747600000|100%|HS|  |TAMS 0x0000000747400000| PB 0x0000000747400000| Untracked |  0
| 542|0x0000000747600000, 0x0000000747800000, 0x0000000747800000|100%|HC|  |TAMS 0x0000000747600000| PB 0x0000000747600000| Untracked |  0
| 543|0x0000000747800000, 0x0000000747a00000, 0x0000000747a00000|100%|HS|  |TAMS 0x0000000747800000| PB 0x0000000747800000| Untracked |  0
| 544|0x0000000747a00000, 0x0000000747c00000, 0x0000000747c00000|100%|HC|  |TAMS 0x0000000747a00000| PB 0x0000000747a00000| Untracked |  0
| 545|0x0000000747c00000, 0x0000000747e00000, 0x0000000747e00000|100%|HS|  |TAMS 0x0000000747c00000| PB 0x0000000747c00000| Untracked |  0
| 546|0x0000000747e00000, 0x0000000748000000, 0x0000000748000000|100%|HC|  |TAMS 0x0000000747e00000| PB 0x0000000747e00000| Untracked |  0
| 547|0x0000000748000000, 0x0000000748200000, 0x0000000748200000|100%|HS|  |TAMS 0x0000000748000000| PB 0x0000000748000000| Untracked |  0
| 548|0x0000000748200000, 0x0000000748400000, 0x0000000748400000|100%|HC|  |TAMS 0x0000000748200000| PB 0x0000000748200000| Untracked |  0
| 549|0x0000000748400000, 0x00000007485e8dd8, 0x0000000748600000| 95%| O|  |TAMS 0x0000000748400000| PB 0x0000000748400000| Untracked |  0
| 550|0x0000000748600000, 0x0000000748800000, 0x0000000748800000|100%|HS|  |TAMS 0x0000000748600000| PB 0x0000000748600000| Untracked |  0
| 551|0x0000000748800000, 0x0000000748a00000, 0x0000000748a00000|100%|HC|  |TAMS 0x0000000748800000| PB 0x0000000748800000| Untracked |  0
| 552|0x0000000748a00000, 0x0000000748c00000, 0x0000000748c00000|100%|HS|  |TAMS 0x0000000748a00000| PB 0x0000000748a00000| Untracked |  0
| 553|0x0000000748c00000, 0x0000000748e00000, 0x0000000748e00000|100%|HC|  |TAMS 0x0000000748c00000| PB 0x0000000748c00000| Untracked |  0
| 554|0x0000000748e00000, 0x0000000749000000, 0x0000000749000000|100%|HS|  |TAMS 0x0000000748e00000| PB 0x0000000748e00000| Untracked |  0
| 555|0x0000000749000000, 0x0000000749200000, 0x0000000749200000|100%|HC|  |TAMS 0x0000000749000000| PB 0x0000000749000000| Untracked |  0
| 556|0x0000000749200000, 0x0000000749400000, 0x0000000749400000|100%|HS|  |TAMS 0x0000000749200000| PB 0x0000000749200000| Untracked |  0
| 557|0x0000000749400000, 0x0000000749600000, 0x0000000749600000|100%|HC|  |TAMS 0x0000000749400000| PB 0x0000000749400000| Untracked |  0
| 558|0x0000000749600000, 0x0000000749800000, 0x0000000749800000|100%|HS|  |TAMS 0x0000000749600000| PB 0x0000000749600000| Untracked |  0
| 559|0x0000000749800000, 0x0000000749a00000, 0x0000000749a00000|100%|HC|  |TAMS 0x0000000749800000| PB 0x0000000749800000| Untracked |  0
| 560|0x0000000749a00000, 0x0000000749c00000, 0x0000000749c00000|100%|HS|  |TAMS 0x0000000749a00000| PB 0x0000000749a00000| Untracked |  0
| 561|0x0000000749c00000, 0x0000000749e00000, 0x0000000749e00000|100%|HC|  |TAMS 0x0000000749c00000| PB 0x0000000749c00000| Untracked |  0
| 562|0x0000000749e00000, 0x000000074a000000, 0x000000074a000000|100%|HS|  |TAMS 0x0000000749e00000| PB 0x0000000749e00000| Untracked |  0
| 563|0x000000074a000000, 0x000000074a200000, 0x000000074a200000|100%|HC|  |TAMS 0x000000074a000000| PB 0x000000074a000000| Untracked |  0
| 564|0x000000074a200000, 0x000000074a400000, 0x000000074a400000|100%|HS|  |TAMS 0x000000074a200000| PB 0x000000074a200000| Untracked |  0
| 565|0x000000074a400000, 0x000000074a600000, 0x000000074a600000|100%|HC|  |TAMS 0x000000074a400000| PB 0x000000074a400000| Untracked |  0
| 566|0x000000074a600000, 0x000000074a800000, 0x000000074a800000|100%|HS|  |TAMS 0x000000074a600000| PB 0x000000074a600000| Untracked |  0
| 567|0x000000074a800000, 0x000000074aa00000, 0x000000074aa00000|100%|HC|  |TAMS 0x000000074a800000| PB 0x000000074a800000| Untracked |  0
| 568|0x000000074aa00000, 0x000000074ac00000, 0x000000074ac00000|100%|HS|  |TAMS 0x000000074aa00000| PB 0x000000074aa00000| Untracked |  0
| 569|0x000000074ac00000, 0x000000074ae00000, 0x000000074ae00000|100%|HC|  |TAMS 0x000000074ac00000| PB 0x000000074ac00000| Untracked |  0
| 570|0x000000074ae00000, 0x000000074b000000, 0x000000074b000000|100%|HS|  |TAMS 0x000000074ae00000| PB 0x000000074ae00000| Untracked |  0
| 571|0x000000074b000000, 0x000000074b200000, 0x000000074b200000|100%|HC|  |TAMS 0x000000074b000000| PB 0x000000074b000000| Untracked |  0
| 572|0x000000074b200000, 0x000000074b400000, 0x000000074b400000|100%|HS|  |TAMS 0x000000074b200000| PB 0x000000074b200000| Untracked |  0
| 573|0x000000074b400000, 0x000000074b600000, 0x000000074b600000|100%|HC|  |TAMS 0x000000074b400000| PB 0x000000074b400000| Untracked |  0
| 574|0x000000074b600000, 0x000000074b800000, 0x000000074b800000|100%|HS|  |TAMS 0x000000074b600000| PB 0x000000074b600000| Untracked |  0
| 575|0x000000074b800000, 0x000000074ba00000, 0x000000074ba00000|100%|HC|  |TAMS 0x000000074b800000| PB 0x000000074b800000| Untracked |  0
| 576|0x000000074ba00000, 0x000000074bc00000, 0x000000074bc00000|100%|HS|  |TAMS 0x000000074ba00000| PB 0x000000074ba00000| Untracked |  0
| 577|0x000000074bc00000, 0x000000074be00000, 0x000000074be00000|100%|HC|  |TAMS 0x000000074bc00000| PB 0x000000074bc00000| Untracked |  0
| 578|0x000000074be00000, 0x000000074c000000, 0x000000074c000000|100%|HS|  |TAMS 0x000000074be00000| PB 0x000000074be00000| Untracked |  0
| 579|0x000000074c000000, 0x000000074c200000, 0x000000074c200000|100%|HC|  |TAMS 0x000000074c000000| PB 0x000000074c000000| Untracked |  0
| 580|0x000000074c200000, 0x000000074c400000, 0x000000074c400000|100%|HS|  |TAMS 0x000000074c200000| PB 0x000000074c200000| Untracked |  0
| 581|0x000000074c400000, 0x000000074c600000, 0x000000074c600000|100%|HC|  |TAMS 0x000000074c400000| PB 0x000000074c400000| Untracked |  0
| 582|0x000000074c600000, 0x000000074c800000, 0x000000074c800000|100%|HS|  |TAMS 0x000000074c600000| PB 0x000000074c600000| Untracked |  0
| 583|0x000000074c800000, 0x000000074ca00000, 0x000000074ca00000|100%|HC|  |TAMS 0x000000074c800000| PB 0x000000074c800000| Untracked |  0
| 584|0x000000074ca00000, 0x000000074cc00000, 0x000000074cc00000|100%|HS|  |TAMS 0x000000074ca00000| PB 0x000000074ca00000| Untracked |  0
| 585|0x000000074cc00000, 0x000000074ce00000, 0x000000074ce00000|100%|HC|  |TAMS 0x000000074cc00000| PB 0x000000074cc00000| Untracked |  0
| 586|0x000000074ce00000, 0x000000074d000000, 0x000000074d000000|100%|HS|  |TAMS 0x000000074ce00000| PB 0x000000074ce00000| Untracked |  0
| 587|0x000000074d000000, 0x000000074d200000, 0x000000074d200000|100%|HC|  |TAMS 0x000000074d000000| PB 0x000000074d000000| Untracked |  0
| 588|0x000000074d200000, 0x000000074d400000, 0x000000074d400000|100%|HS|  |TAMS 0x000000074d200000| PB 0x000000074d200000| Untracked |  0
| 589|0x000000074d400000, 0x000000074d600000, 0x000000074d600000|100%|HC|  |TAMS 0x000000074d400000| PB 0x000000074d400000| Untracked |  0
| 590|0x000000074d600000, 0x000000074d800000, 0x000000074d800000|100%|HS|  |TAMS 0x000000074d600000| PB 0x000000074d600000| Untracked |  0
| 591|0x000000074d800000, 0x000000074da00000, 0x000000074da00000|100%|HC|  |TAMS 0x000000074d800000| PB 0x000000074d800000| Untracked |  0
| 592|0x000000074da00000, 0x000000074dc00000, 0x000000074dc00000|100%|HS|  |TAMS 0x000000074da00000| PB 0x000000074da00000| Untracked |  0
| 593|0x000000074dc00000, 0x000000074de00000, 0x000000074de00000|100%|HC|  |TAMS 0x000000074dc00000| PB 0x000000074dc00000| Untracked |  0
| 594|0x000000074de00000, 0x000000074e000000, 0x000000074e000000|100%|HS|  |TAMS 0x000000074de00000| PB 0x000000074de00000| Untracked |  0
| 595|0x000000074e000000, 0x000000074e200000, 0x000000074e200000|100%|HC|  |TAMS 0x000000074e000000| PB 0x000000074e000000| Untracked |  0
| 596|0x000000074e200000, 0x000000074e3ff410, 0x000000074e400000| 99%| O|  |TAMS 0x000000074e200000| PB 0x000000074e200000| Untracked |  0
| 597|0x000000074e400000, 0x000000074e600000, 0x000000074e600000|100%|HS|  |TAMS 0x000000074e400000| PB 0x000000074e400000| Untracked |  0
| 598|0x000000074e600000, 0x000000074e800000, 0x000000074e800000|100%|HC|  |TAMS 0x000000074e600000| PB 0x000000074e600000| Untracked |  0
| 599|0x000000074e800000, 0x000000074ea00000, 0x000000074ea00000|100%|HS|  |TAMS 0x000000074e800000| PB 0x000000074e800000| Untracked |  0
| 600|0x000000074ea00000, 0x000000074ec00000, 0x000000074ec00000|100%|HC|  |TAMS 0x000000074ea00000| PB 0x000000074ea00000| Untracked |  0
| 601|0x000000074ec00000, 0x000000074ee00000, 0x000000074ee00000|100%|HS|  |TAMS 0x000000074ec00000| PB 0x000000074ec00000| Untracked |  0
| 602|0x000000074ee00000, 0x000000074f000000, 0x000000074f000000|100%|HC|  |TAMS 0x000000074ee00000| PB 0x000000074ee00000| Untracked |  0
| 603|0x000000074f000000, 0x000000074f200000, 0x000000074f200000|100%|HS|  |TAMS 0x000000074f000000| PB 0x000000074f000000| Untracked |  0
| 604|0x000000074f200000, 0x000000074f400000, 0x000000074f400000|100%|HC|  |TAMS 0x000000074f200000| PB 0x000000074f200000| Untracked |  0
| 605|0x000000074f400000, 0x000000074f600000, 0x000000074f600000|100%|HS|  |TAMS 0x000000074f400000| PB 0x000000074f400000| Untracked |  0
| 606|0x000000074f600000, 0x000000074f800000, 0x000000074f800000|100%|HC|  |TAMS 0x000000074f600000| PB 0x000000074f600000| Untracked |  0
| 607|0x000000074f800000, 0x000000074fa00000, 0x000000074fa00000|100%|HS|  |TAMS 0x000000074f800000| PB 0x000000074f800000| Untracked |  0
| 608|0x000000074fa00000, 0x000000074fc00000, 0x000000074fc00000|100%|HC|  |TAMS 0x000000074fa00000| PB 0x000000074fa00000| Untracked |  0
| 609|0x000000074fc00000, 0x000000074fe00000, 0x000000074fe00000|100%|HS|  |TAMS 0x000000074fc00000| PB 0x000000074fc00000| Untracked |  0
| 610|0x000000074fe00000, 0x0000000750000000, 0x0000000750000000|100%|HC|  |TAMS 0x000000074fe00000| PB 0x000000074fe00000| Untracked |  0
| 611|0x0000000750000000, 0x0000000750200000, 0x0000000750200000|100%|HS|  |TAMS 0x0000000750000000| PB 0x0000000750000000| Untracked |  0
| 612|0x0000000750200000, 0x0000000750400000, 0x0000000750400000|100%|HC|  |TAMS 0x0000000750200000| PB 0x0000000750200000| Untracked |  0
| 613|0x0000000750400000, 0x0000000750600000, 0x0000000750600000|100%|HS|  |TAMS 0x0000000750400000| PB 0x0000000750400000| Untracked |  0
| 614|0x0000000750600000, 0x0000000750800000, 0x0000000750800000|100%|HC|  |TAMS 0x0000000750600000| PB 0x0000000750600000| Untracked |  0
| 615|0x0000000750800000, 0x0000000750a00000, 0x0000000750a00000|100%|HS|  |TAMS 0x0000000750800000| PB 0x0000000750800000| Untracked |  0
| 616|0x0000000750a00000, 0x0000000750c00000, 0x0000000750c00000|100%|HC|  |TAMS 0x0000000750a00000| PB 0x0000000750a00000| Untracked |  0
| 617|0x0000000750c00000, 0x0000000750e00000, 0x0000000750e00000|100%|HS|  |TAMS 0x0000000750c00000| PB 0x0000000750c00000| Untracked |  0
| 618|0x0000000750e00000, 0x0000000751000000, 0x0000000751000000|100%|HC|  |TAMS 0x0000000750e00000| PB 0x0000000750e00000| Untracked |  0
| 619|0x0000000751000000, 0x0000000751200000, 0x0000000751200000|100%|HS|  |TAMS 0x0000000751000000| PB 0x0000000751000000| Untracked |  0
| 620|0x0000000751200000, 0x0000000751400000, 0x0000000751400000|100%|HC|  |TAMS 0x0000000751200000| PB 0x0000000751200000| Untracked |  0
| 621|0x0000000751400000, 0x0000000751600000, 0x0000000751600000|100%|HS|  |TAMS 0x0000000751400000| PB 0x0000000751400000| Untracked |  0
| 622|0x0000000751600000, 0x0000000751800000, 0x0000000751800000|100%|HC|  |TAMS 0x0000000751600000| PB 0x0000000751600000| Untracked |  0
| 623|0x0000000751800000, 0x0000000751a00000, 0x0000000751a00000|100%|HS|  |TAMS 0x0000000751800000| PB 0x0000000751800000| Untracked |  0
| 624|0x0000000751a00000, 0x0000000751c00000, 0x0000000751c00000|100%|HC|  |TAMS 0x0000000751a00000| PB 0x0000000751a00000| Untracked |  0
| 625|0x0000000751c00000, 0x0000000751e00000, 0x0000000751e00000|100%|HS|  |TAMS 0x0000000751c00000| PB 0x0000000751c00000| Untracked |  0
| 626|0x0000000751e00000, 0x0000000752000000, 0x0000000752000000|100%|HC|  |TAMS 0x0000000751e00000| PB 0x0000000751e00000| Untracked |  0
| 627|0x0000000752000000, 0x0000000752200000, 0x0000000752200000|100%|HS|  |TAMS 0x0000000752000000| PB 0x0000000752000000| Untracked |  0
| 628|0x0000000752200000, 0x0000000752400000, 0x0000000752400000|100%|HC|  |TAMS 0x0000000752200000| PB 0x0000000752200000| Untracked |  0
| 629|0x0000000752400000, 0x0000000752600000, 0x0000000752600000|100%|HS|  |TAMS 0x0000000752400000| PB 0x0000000752400000| Untracked |  0
| 630|0x0000000752600000, 0x0000000752800000, 0x0000000752800000|100%|HC|  |TAMS 0x0000000752600000| PB 0x0000000752600000| Untracked |  0
| 631|0x0000000752800000, 0x0000000752a00000, 0x0000000752a00000|100%|HS|  |TAMS 0x0000000752800000| PB 0x0000000752800000| Untracked |  0
| 632|0x0000000752a00000, 0x0000000752c00000, 0x0000000752c00000|100%|HC|  |TAMS 0x0000000752a00000| PB 0x0000000752a00000| Untracked |  0
| 633|0x0000000752c00000, 0x0000000752e00000, 0x0000000752e00000|100%|HS|  |TAMS 0x0000000752c00000| PB 0x0000000752c00000| Untracked |  0
| 634|0x0000000752e00000, 0x0000000753000000, 0x0000000753000000|100%|HC|  |TAMS 0x0000000752e00000| PB 0x0000000752e00000| Untracked |  0
| 635|0x0000000753000000, 0x0000000753200000, 0x0000000753200000|100%|HS|  |TAMS 0x0000000753000000| PB 0x0000000753000000| Untracked |  0
| 636|0x0000000753200000, 0x0000000753400000, 0x0000000753400000|100%|HC|  |TAMS 0x0000000753200000| PB 0x0000000753200000| Untracked |  0
| 637|0x0000000753400000, 0x0000000753600000, 0x0000000753600000|100%|HS|  |TAMS 0x0000000753400000| PB 0x0000000753400000| Untracked |  0
| 638|0x0000000753600000, 0x0000000753800000, 0x0000000753800000|100%|HC|  |TAMS 0x0000000753600000| PB 0x0000000753600000| Untracked |  0
| 639|0x0000000753800000, 0x0000000753a00000, 0x0000000753a00000|100%|HS|  |TAMS 0x0000000753800000| PB 0x0000000753800000| Untracked |  0
| 640|0x0000000753a00000, 0x0000000753c00000, 0x0000000753c00000|100%|HC|  |TAMS 0x0000000753a00000| PB 0x0000000753a00000| Untracked |  0
| 641|0x0000000753c00000, 0x0000000753e00000, 0x0000000753e00000|100%|HS|  |TAMS 0x0000000753c00000| PB 0x0000000753c00000| Untracked |  0
| 642|0x0000000753e00000, 0x0000000754000000, 0x0000000754000000|100%|HC|  |TAMS 0x0000000753e00000| PB 0x0000000753e00000| Untracked |  0
| 643|0x0000000754000000, 0x0000000754200000, 0x0000000754200000|100%|HS|  |TAMS 0x0000000754000000| PB 0x0000000754000000| Untracked |  0
| 644|0x0000000754200000, 0x0000000754400000, 0x0000000754400000|100%|HC|  |TAMS 0x0000000754200000| PB 0x0000000754200000| Untracked |  0
| 645|0x0000000754400000, 0x0000000754600000, 0x0000000754600000|100%|HS|  |TAMS 0x0000000754400000| PB 0x0000000754400000| Untracked |  0
| 646|0x0000000754600000, 0x0000000754800000, 0x0000000754800000|100%|HC|  |TAMS 0x0000000754600000| PB 0x0000000754600000| Untracked |  0
| 647|0x0000000754800000, 0x00000007549f6c28, 0x0000000754a00000| 98%| O|  |TAMS 0x0000000754800000| PB 0x0000000754800000| Untracked |  0
| 648|0x0000000754a00000, 0x0000000754bef288, 0x0000000754c00000| 96%| O|  |TAMS 0x0000000754a00000| PB 0x0000000754a00000| Untracked |  0
| 649|0x0000000754c00000, 0x0000000754e00000, 0x0000000754e00000|100%|HS|  |TAMS 0x0000000754c00000| PB 0x0000000754c00000| Untracked |  0
| 650|0x0000000754e00000, 0x0000000755000000, 0x0000000755000000|100%|HC|  |TAMS 0x0000000754e00000| PB 0x0000000754e00000| Untracked |  0
| 651|0x0000000755000000, 0x0000000755200000, 0x0000000755200000|100%|HS|  |TAMS 0x0000000755000000| PB 0x0000000755000000| Untracked |  0
| 652|0x0000000755200000, 0x0000000755400000, 0x0000000755400000|100%|HC|  |TAMS 0x0000000755200000| PB 0x0000000755200000| Untracked |  0
| 653|0x0000000755400000, 0x0000000755600000, 0x0000000755600000|100%|HS|  |TAMS 0x0000000755400000| PB 0x0000000755400000| Untracked |  0
| 654|0x0000000755600000, 0x0000000755800000, 0x0000000755800000|100%|HC|  |TAMS 0x0000000755600000| PB 0x0000000755600000| Untracked |  0
| 655|0x0000000755800000, 0x0000000755a00000, 0x0000000755a00000|100%|HS|  |TAMS 0x0000000755800000| PB 0x0000000755800000| Untracked |  0
| 656|0x0000000755a00000, 0x0000000755c00000, 0x0000000755c00000|100%|HC|  |TAMS 0x0000000755a00000| PB 0x0000000755a00000| Untracked |  0
| 657|0x0000000755c00000, 0x0000000755e00000, 0x0000000755e00000|100%|HS|  |TAMS 0x0000000755c00000| PB 0x0000000755c00000| Untracked |  0
| 658|0x0000000755e00000, 0x0000000756000000, 0x0000000756000000|100%|HC|  |TAMS 0x0000000755e00000| PB 0x0000000755e00000| Untracked |  0
| 659|0x0000000756000000, 0x0000000756200000, 0x0000000756200000|100%|HS|  |TAMS 0x0000000756000000| PB 0x0000000756000000| Untracked |  0
| 660|0x0000000756200000, 0x0000000756400000, 0x0000000756400000|100%|HC|  |TAMS 0x0000000756200000| PB 0x0000000756200000| Untracked |  0
| 661|0x0000000756400000, 0x0000000756600000, 0x0000000756600000|100%|HS|  |TAMS 0x0000000756400000| PB 0x0000000756400000| Untracked |  0
| 662|0x0000000756600000, 0x0000000756800000, 0x0000000756800000|100%|HC|  |TAMS 0x0000000756600000| PB 0x0000000756600000| Untracked |  0
| 663|0x0000000756800000, 0x0000000756a00000, 0x0000000756a00000|100%|HS|  |TAMS 0x0000000756800000| PB 0x0000000756800000| Untracked |  0
| 664|0x0000000756a00000, 0x0000000756c00000, 0x0000000756c00000|100%|HC|  |TAMS 0x0000000756a00000| PB 0x0000000756a00000| Untracked |  0
| 665|0x0000000756c00000, 0x0000000756e00000, 0x0000000756e00000|100%|HS|  |TAMS 0x0000000756c00000| PB 0x0000000756c00000| Untracked |  0
| 666|0x0000000756e00000, 0x0000000757000000, 0x0000000757000000|100%|HC|  |TAMS 0x0000000756e00000| PB 0x0000000756e00000| Untracked |  0
| 667|0x0000000757000000, 0x0000000757200000, 0x0000000757200000|100%|HS|  |TAMS 0x0000000757000000| PB 0x0000000757000000| Untracked |  0
| 668|0x0000000757200000, 0x0000000757400000, 0x0000000757400000|100%|HC|  |TAMS 0x0000000757200000| PB 0x0000000757200000| Untracked |  0
| 669|0x0000000757400000, 0x0000000757600000, 0x0000000757600000|100%|HS|  |TAMS 0x0000000757400000| PB 0x0000000757400000| Untracked |  0
| 670|0x0000000757600000, 0x0000000757800000, 0x0000000757800000|100%|HC|  |TAMS 0x0000000757600000| PB 0x0000000757600000| Untracked |  0
| 671|0x0000000757800000, 0x0000000757a00000, 0x0000000757a00000|100%|HS|  |TAMS 0x0000000757800000| PB 0x0000000757800000| Untracked |  0
| 672|0x0000000757a00000, 0x0000000757c00000, 0x0000000757c00000|100%|HC|  |TAMS 0x0000000757a00000| PB 0x0000000757a00000| Untracked |  0
| 673|0x0000000757c00000, 0x0000000757e00000, 0x0000000757e00000|100%|HS|  |TAMS 0x0000000757c00000| PB 0x0000000757c00000| Untracked |  0
| 674|0x0000000757e00000, 0x0000000758000000, 0x0000000758000000|100%|HC|  |TAMS 0x0000000757e00000| PB 0x0000000757e00000| Untracked |  0
| 675|0x0000000758000000, 0x0000000758200000, 0x0000000758200000|100%|HS|  |TAMS 0x0000000758000000| PB 0x0000000758000000| Untracked |  0
| 676|0x0000000758200000, 0x0000000758400000, 0x0000000758400000|100%|HC|  |TAMS 0x0000000758200000| PB 0x0000000758200000| Untracked |  0
| 677|0x0000000758400000, 0x0000000758600000, 0x0000000758600000|100%|HS|  |TAMS 0x0000000758400000| PB 0x0000000758400000| Untracked |  0
| 678|0x0000000758600000, 0x0000000758800000, 0x0000000758800000|100%|HC|  |TAMS 0x0000000758600000| PB 0x0000000758600000| Untracked |  0
| 679|0x0000000758800000, 0x0000000758a00000, 0x0000000758a00000|100%|HS|  |TAMS 0x0000000758800000| PB 0x0000000758800000| Untracked |  0
| 680|0x0000000758a00000, 0x0000000758c00000, 0x0000000758c00000|100%|HC|  |TAMS 0x0000000758a00000| PB 0x0000000758a00000| Untracked |  0
| 681|0x0000000758c00000, 0x0000000758e00000, 0x0000000758e00000|100%|HS|  |TAMS 0x0000000758c00000| PB 0x0000000758c00000| Untracked |  0
| 682|0x0000000758e00000, 0x0000000759000000, 0x0000000759000000|100%|HC|  |TAMS 0x0000000758e00000| PB 0x0000000758e00000| Untracked |  0
| 683|0x0000000759000000, 0x0000000759200000, 0x0000000759200000|100%|HS|  |TAMS 0x0000000759000000| PB 0x0000000759000000| Untracked |  0
| 684|0x0000000759200000, 0x0000000759400000, 0x0000000759400000|100%|HC|  |TAMS 0x0000000759200000| PB 0x0000000759200000| Untracked |  0
| 685|0x0000000759400000, 0x00000007595f0f68, 0x0000000759600000| 97%| O|  |TAMS 0x0000000759400000| PB 0x0000000759400000| Untracked |  0
| 686|0x0000000759600000, 0x00000007597ee910, 0x0000000759800000| 96%| O|  |TAMS 0x0000000759600000| PB 0x0000000759600000| Untracked |  0
| 687|0x0000000759800000, 0x0000000759a00000, 0x0000000759a00000|100%|HS|  |TAMS 0x0000000759800000| PB 0x0000000759800000| Untracked |  0
| 688|0x0000000759a00000, 0x0000000759c00000, 0x0000000759c00000|100%|HC|  |TAMS 0x0000000759a00000| PB 0x0000000759a00000| Untracked |  0
| 689|0x0000000759c00000, 0x0000000759e00000, 0x0000000759e00000|100%|HS|  |TAMS 0x0000000759c00000| PB 0x0000000759c00000| Untracked |  0
| 690|0x0000000759e00000, 0x000000075a000000, 0x000000075a000000|100%|HC|  |TAMS 0x0000000759e00000| PB 0x0000000759e00000| Untracked |  0
| 691|0x000000075a000000, 0x000000075a200000, 0x000000075a200000|100%|HS|  |TAMS 0x000000075a000000| PB 0x000000075a000000| Untracked |  0
| 692|0x000000075a200000, 0x000000075a400000, 0x000000075a400000|100%|HC|  |TAMS 0x000000075a200000| PB 0x000000075a200000| Untracked |  0
| 693|0x000000075a400000, 0x000000075a600000, 0x000000075a600000|100%|HS|  |TAMS 0x000000075a400000| PB 0x000000075a400000| Untracked |  0
| 694|0x000000075a600000, 0x000000075a800000, 0x000000075a800000|100%|HC|  |TAMS 0x000000075a600000| PB 0x000000075a600000| Untracked |  0
| 695|0x000000075a800000, 0x000000075aa00000, 0x000000075aa00000|100%|HS|  |TAMS 0x000000075a800000| PB 0x000000075a800000| Untracked |  0
| 696|0x000000075aa00000, 0x000000075ac00000, 0x000000075ac00000|100%|HC|  |TAMS 0x000000075aa00000| PB 0x000000075aa00000| Untracked |  0
| 697|0x000000075ac00000, 0x000000075ae00000, 0x000000075ae00000|100%|HS|  |TAMS 0x000000075ac00000| PB 0x000000075ac00000| Untracked |  0
| 698|0x000000075ae00000, 0x000000075b000000, 0x000000075b000000|100%|HC|  |TAMS 0x000000075ae00000| PB 0x000000075ae00000| Untracked |  0
| 699|0x000000075b000000, 0x000000075b200000, 0x000000075b200000|100%|HS|  |TAMS 0x000000075b000000| PB 0x000000075b000000| Untracked |  0
| 700|0x000000075b200000, 0x000000075b400000, 0x000000075b400000|100%|HC|  |TAMS 0x000000075b200000| PB 0x000000075b200000| Untracked |  0
| 701|0x000000075b400000, 0x000000075b600000, 0x000000075b600000|100%|HS|  |TAMS 0x000000075b400000| PB 0x000000075b400000| Untracked |  0
| 702|0x000000075b600000, 0x000000075b800000, 0x000000075b800000|100%|HC|  |TAMS 0x000000075b600000| PB 0x000000075b600000| Untracked |  0
| 703|0x000000075b800000, 0x000000075ba00000, 0x000000075ba00000|100%|HS|  |TAMS 0x000000075b800000| PB 0x000000075b800000| Untracked |  0
| 704|0x000000075ba00000, 0x000000075bc00000, 0x000000075bc00000|100%|HC|  |TAMS 0x000000075ba00000| PB 0x000000075ba00000| Untracked |  0
| 705|0x000000075bc00000, 0x000000075be00000, 0x000000075be00000|100%|HS|  |TAMS 0x000000075bc00000| PB 0x000000075bc00000| Untracked |  0
| 706|0x000000075be00000, 0x000000075c000000, 0x000000075c000000|100%|HC|  |TAMS 0x000000075be00000| PB 0x000000075be00000| Untracked |  0
| 707|0x000000075c000000, 0x000000075c200000, 0x000000075c200000|100%|HS|  |TAMS 0x000000075c000000| PB 0x000000075c000000| Untracked |  0
| 708|0x000000075c200000, 0x000000075c400000, 0x000000075c400000|100%|HC|  |TAMS 0x000000075c200000| PB 0x000000075c200000| Untracked |  0
| 709|0x000000075c400000, 0x000000075c600000, 0x000000075c600000|100%|HS|  |TAMS 0x000000075c400000| PB 0x000000075c400000| Untracked |  0
| 710|0x000000075c600000, 0x000000075c800000, 0x000000075c800000|100%|HC|  |TAMS 0x000000075c600000| PB 0x000000075c600000| Untracked |  0
| 711|0x000000075c800000, 0x000000075c9eb318, 0x000000075ca00000| 95%| O|  |TAMS 0x000000075c800000| PB 0x000000075c800000| Untracked |  0
| 712|0x000000075ca00000, 0x000000075cc00000, 0x000000075cc00000|100%|HS|  |TAMS 0x000000075ca00000| PB 0x000000075ca00000| Untracked |  0
| 713|0x000000075cc00000, 0x000000075ce00000, 0x000000075ce00000|100%|HC|  |TAMS 0x000000075cc00000| PB 0x000000075cc00000| Untracked |  0
| 714|0x000000075ce00000, 0x000000075cfe9458, 0x000000075d000000| 95%| O|  |TAMS 0x000000075ce00000| PB 0x000000075ce00000| Untracked |  0
| 715|0x000000075d000000, 0x000000075d1f2ea8, 0x000000075d200000| 97%| O|  |TAMS 0x000000075d000000| PB 0x000000075d000000| Untracked |  0
| 716|0x000000075d200000, 0x000000075d3f0b90, 0x000000075d400000| 97%| O|  |TAMS 0x000000075d200000| PB 0x000000075d200000| Untracked |  0
| 717|0x000000075d400000, 0x000000075d5ec5b0, 0x000000075d600000| 96%| O|  |TAMS 0x000000075d400000| PB 0x000000075d400000| Untracked |  0
| 718|0x000000075d600000, 0x000000075d800000, 0x000000075d800000|100%|HS|  |TAMS 0x000000075d600000| PB 0x000000075d600000| Untracked |  0
| 719|0x000000075d800000, 0x000000075da00000, 0x000000075da00000|100%|HC|  |TAMS 0x000000075d800000| PB 0x000000075d800000| Untracked |  0
| 720|0x000000075da00000, 0x000000075dbedf70, 0x000000075dc00000| 96%| O|  |TAMS 0x000000075da00000| PB 0x000000075da00000| Untracked |  0
| 721|0x000000075dc00000, 0x000000075de00000, 0x000000075de00000|100%|HS|  |TAMS 0x000000075dc00000| PB 0x000000075dc00000| Untracked |  0
| 722|0x000000075de00000, 0x000000075e000000, 0x000000075e000000|100%|HC|  |TAMS 0x000000075de00000| PB 0x000000075de00000| Untracked |  0
| 723|0x000000075e000000, 0x000000075e200000, 0x000000075e200000|100%|HS|  |TAMS 0x000000075e000000| PB 0x000000075e000000| Untracked |  0
| 724|0x000000075e200000, 0x000000075e400000, 0x000000075e400000|100%|HC|  |TAMS 0x000000075e200000| PB 0x000000075e200000| Untracked |  0
| 725|0x000000075e400000, 0x000000075e5f5170, 0x000000075e600000| 97%| O|  |TAMS 0x000000075e400000| PB 0x000000075e400000| Untracked |  0
| 726|0x000000075e600000, 0x000000075e7ed898, 0x000000075e800000| 96%| O|  |TAMS 0x000000075e600000| PB 0x000000075e600000| Untracked |  0
| 727|0x000000075e800000, 0x000000075ea00000, 0x000000075ea00000|100%|HS|  |TAMS 0x000000075e800000| PB 0x000000075e800000| Untracked |  0
| 728|0x000000075ea00000, 0x000000075ec00000, 0x000000075ec00000|100%|HC|  |TAMS 0x000000075ea00000| PB 0x000000075ea00000| Untracked |  0
| 729|0x000000075ec00000, 0x000000075ee00000, 0x000000075ee00000|100%|HS|  |TAMS 0x000000075ec00000| PB 0x000000075ec00000| Untracked |  0
| 730|0x000000075ee00000, 0x000000075f000000, 0x000000075f000000|100%|HC|  |TAMS 0x000000075ee00000| PB 0x000000075ee00000| Untracked |  0
| 731|0x000000075f000000, 0x000000075f200000, 0x000000075f200000|100%|HS|  |TAMS 0x000000075f000000| PB 0x000000075f000000| Untracked |  0
| 732|0x000000075f200000, 0x000000075f400000, 0x000000075f400000|100%|HC|  |TAMS 0x000000075f200000| PB 0x000000075f200000| Untracked |  0
| 733|0x000000075f400000, 0x000000075f5ec5b0, 0x000000075f600000| 96%| O|  |TAMS 0x000000075f400000| PB 0x000000075f400000| Untracked |  0
| 734|0x000000075f600000, 0x000000075f800000, 0x000000075f800000|100%|HS|  |TAMS 0x000000075f600000| PB 0x000000075f600000| Untracked |  0
| 735|0x000000075f800000, 0x000000075fa00000, 0x000000075fa00000|100%|HC|  |TAMS 0x000000075f800000| PB 0x000000075f800000| Untracked |  0
| 736|0x000000075fa00000, 0x000000075fc00000, 0x000000075fc00000|100%|HS|  |TAMS 0x000000075fa00000| PB 0x000000075fa00000| Untracked |  0
| 737|0x000000075fc00000, 0x000000075fe00000, 0x000000075fe00000|100%|HC|  |TAMS 0x000000075fc00000| PB 0x000000075fc00000| Untracked |  0
| 738|0x000000075fe00000, 0x000000075ffec5b0, 0x0000000760000000| 96%| O|  |TAMS 0x000000075fe00000| PB 0x000000075fe00000| Untracked |  0
| 739|0x0000000760000000, 0x0000000760200000, 0x0000000760200000|100%|HS|  |TAMS 0x0000000760000000| PB 0x0000000760000000| Untracked |  0
| 740|0x0000000760200000, 0x0000000760400000, 0x0000000760400000|100%|HC|  |TAMS 0x0000000760200000| PB 0x0000000760200000| Untracked |  0
| 741|0x0000000760400000, 0x0000000760600000, 0x0000000760600000|100%|HS|  |TAMS 0x0000000760400000| PB 0x0000000760400000| Untracked |  0
| 742|0x0000000760600000, 0x0000000760800000, 0x0000000760800000|100%|HC|  |TAMS 0x0000000760600000| PB 0x0000000760600000| Untracked |  0
| 743|0x0000000760800000, 0x0000000760a00000, 0x0000000760a00000|100%|HS|  |TAMS 0x0000000760800000| PB 0x0000000760800000| Untracked |  0
| 744|0x0000000760a00000, 0x0000000760c00000, 0x0000000760c00000|100%|HC|  |TAMS 0x0000000760a00000| PB 0x0000000760a00000| Untracked |  0
| 745|0x0000000760c00000, 0x0000000760e00000, 0x0000000760e00000|100%|HS|  |TAMS 0x0000000760c00000| PB 0x0000000760c00000| Untracked |  0
| 746|0x0000000760e00000, 0x0000000760fec5b0, 0x0000000761000000| 96%| O|  |TAMS 0x0000000760e00000| PB 0x0000000760e00000| Untracked |  0
| 747|0x0000000761000000, 0x0000000761200000, 0x0000000761200000|100%|HS|  |TAMS 0x0000000761000000| PB 0x0000000761000000| Untracked |  0
| 748|0x0000000761200000, 0x0000000761400000, 0x0000000761400000|100%|HC|  |TAMS 0x0000000761200000| PB 0x0000000761200000| Untracked |  0
| 749|0x0000000761400000, 0x0000000761600000, 0x0000000761600000|100%|HS|  |TAMS 0x0000000761400000| PB 0x0000000761400000| Untracked |  0
| 750|0x0000000761600000, 0x0000000761800000, 0x0000000761800000|100%|HC|  |TAMS 0x0000000761600000| PB 0x0000000761600000| Untracked |  0
| 751|0x0000000761800000, 0x0000000761a00000, 0x0000000761a00000|100%|HS|  |TAMS 0x0000000761800000| PB 0x0000000761800000| Untracked |  0
| 752|0x0000000761a00000, 0x0000000761c00000, 0x0000000761c00000|100%|HC|  |TAMS 0x0000000761a00000| PB 0x0000000761a00000| Untracked |  0
| 753|0x0000000761c00000, 0x0000000761e00000, 0x0000000761e00000|100%|HS|  |TAMS 0x0000000761c00000| PB 0x0000000761c00000| Untracked |  0
| 754|0x0000000761e00000, 0x0000000762000000, 0x0000000762000000|100%|HC|  |TAMS 0x0000000761e00000| PB 0x0000000761e00000| Untracked |  0
| 755|0x0000000762000000, 0x0000000762200000, 0x0000000762200000|100%|HS|  |TAMS 0x0000000762000000| PB 0x0000000762000000| Untracked |  0
| 756|0x0000000762200000, 0x0000000762400000, 0x0000000762400000|100%|HC|  |TAMS 0x0000000762200000| PB 0x0000000762200000| Untracked |  0
| 757|0x0000000762400000, 0x0000000762600000, 0x0000000762600000|100%|HS|  |TAMS 0x0000000762400000| PB 0x0000000762400000| Untracked |  0
| 758|0x0000000762600000, 0x0000000762800000, 0x0000000762800000|100%|HC|  |TAMS 0x0000000762600000| PB 0x0000000762600000| Untracked |  0
| 759|0x0000000762800000, 0x0000000762a00000, 0x0000000762a00000|100%|HS|  |TAMS 0x0000000762800000| PB 0x0000000762800000| Untracked |  0
| 760|0x0000000762a00000, 0x0000000762c00000, 0x0000000762c00000|100%|HC|  |TAMS 0x0000000762a00000| PB 0x0000000762a00000| Untracked |  0
| 761|0x0000000762c00000, 0x0000000762e00000, 0x0000000762e00000|100%|HS|  |TAMS 0x0000000762c00000| PB 0x0000000762c00000| Untracked |  0
| 762|0x0000000762e00000, 0x0000000763000000, 0x0000000763000000|100%|HC|  |TAMS 0x0000000762e00000| PB 0x0000000762e00000| Untracked |  0
| 763|0x0000000763000000, 0x0000000763200000, 0x0000000763200000|100%|HS|  |TAMS 0x0000000763000000| PB 0x0000000763000000| Untracked |  0
| 764|0x0000000763200000, 0x0000000763400000, 0x0000000763400000|100%|HC|  |TAMS 0x0000000763200000| PB 0x0000000763200000| Untracked |  0
| 765|0x0000000763400000, 0x0000000763600000, 0x0000000763600000|100%|HS|  |TAMS 0x0000000763400000| PB 0x0000000763400000| Untracked |  0
| 766|0x0000000763600000, 0x0000000763800000, 0x0000000763800000|100%|HC|  |TAMS 0x0000000763600000| PB 0x0000000763600000| Untracked |  0
| 767|0x0000000763800000, 0x0000000763a00000, 0x0000000763a00000|100%|HS|  |TAMS 0x0000000763800000| PB 0x0000000763800000| Untracked |  0
| 768|0x0000000763a00000, 0x0000000763c00000, 0x0000000763c00000|100%|HC|  |TAMS 0x0000000763a00000| PB 0x0000000763a00000| Untracked |  0
| 769|0x0000000763c00000, 0x0000000763e00000, 0x0000000763e00000|100%|HS|  |TAMS 0x0000000763c00000| PB 0x0000000763c00000| Untracked |  0
| 770|0x0000000763e00000, 0x0000000764000000, 0x0000000764000000|100%|HC|  |TAMS 0x0000000763e00000| PB 0x0000000763e00000| Untracked |  0
| 771|0x0000000764000000, 0x0000000764200000, 0x0000000764200000|100%|HS|  |TAMS 0x0000000764000000| PB 0x0000000764000000| Untracked |  0
| 772|0x0000000764200000, 0x0000000764400000, 0x0000000764400000|100%|HC|  |TAMS 0x0000000764200000| PB 0x0000000764200000| Untracked |  0
| 773|0x0000000764400000, 0x0000000764600000, 0x0000000764600000|100%|HS|  |TAMS 0x0000000764400000| PB 0x0000000764400000| Untracked |  0
| 774|0x0000000764600000, 0x0000000764800000, 0x0000000764800000|100%|HC|  |TAMS 0x0000000764600000| PB 0x0000000764600000| Untracked |  0
| 775|0x0000000764800000, 0x0000000764a00000, 0x0000000764a00000|100%|HS|  |TAMS 0x0000000764800000| PB 0x0000000764800000| Untracked |  0
| 776|0x0000000764a00000, 0x0000000764c00000, 0x0000000764c00000|100%|HC|  |TAMS 0x0000000764a00000| PB 0x0000000764a00000| Untracked |  0
| 777|0x0000000764c00000, 0x0000000764e00000, 0x0000000764e00000|100%|HS|  |TAMS 0x0000000764c00000| PB 0x0000000764c00000| Untracked |  0
| 778|0x0000000764e00000, 0x0000000765000000, 0x0000000765000000|100%|HC|  |TAMS 0x0000000764e00000| PB 0x0000000764e00000| Untracked |  0
| 779|0x0000000765000000, 0x0000000765200000, 0x0000000765200000|100%|HS|  |TAMS 0x0000000765000000| PB 0x0000000765000000| Untracked |  0
| 780|0x0000000765200000, 0x0000000765400000, 0x0000000765400000|100%|HC|  |TAMS 0x0000000765200000| PB 0x0000000765200000| Untracked |  0
| 781|0x0000000765400000, 0x0000000765600000, 0x0000000765600000|100%|HS|  |TAMS 0x0000000765400000| PB 0x0000000765400000| Untracked |  0
| 782|0x0000000765600000, 0x0000000765800000, 0x0000000765800000|100%|HC|  |TAMS 0x0000000765600000| PB 0x0000000765600000| Untracked |  0
| 783|0x0000000765800000, 0x0000000765a00000, 0x0000000765a00000|100%|HS|  |TAMS 0x0000000765800000| PB 0x0000000765800000| Untracked |  0
| 784|0x0000000765a00000, 0x0000000765c00000, 0x0000000765c00000|100%|HC|  |TAMS 0x0000000765a00000| PB 0x0000000765a00000| Untracked |  0
| 785|0x0000000765c00000, 0x0000000765e00000, 0x0000000765e00000|100%|HS|  |TAMS 0x0000000765c00000| PB 0x0000000765c00000| Untracked |  0
| 786|0x0000000765e00000, 0x0000000766000000, 0x0000000766000000|100%|HC|  |TAMS 0x0000000765e00000| PB 0x0000000765e00000| Untracked |  0
| 787|0x0000000766000000, 0x0000000766200000, 0x0000000766200000|100%|HS|  |TAMS 0x0000000766000000| PB 0x0000000766000000| Untracked |  0
| 788|0x0000000766200000, 0x0000000766400000, 0x0000000766400000|100%|HC|  |TAMS 0x0000000766200000| PB 0x0000000766200000| Untracked |  0
| 789|0x0000000766400000, 0x0000000766600000, 0x0000000766600000|100%|HS|  |TAMS 0x0000000766400000| PB 0x0000000766400000| Untracked |  0
| 790|0x0000000766600000, 0x0000000766800000, 0x0000000766800000|100%|HC|  |TAMS 0x0000000766600000| PB 0x0000000766600000| Untracked |  0
| 791|0x0000000766800000, 0x0000000766a00000, 0x0000000766a00000|100%|HS|  |TAMS 0x0000000766800000| PB 0x0000000766800000| Untracked |  0
| 792|0x0000000766a00000, 0x0000000766c00000, 0x0000000766c00000|100%|HC|  |TAMS 0x0000000766a00000| PB 0x0000000766a00000| Untracked |  0
| 793|0x0000000766c00000, 0x0000000766e00000, 0x0000000766e00000|100%|HS|  |TAMS 0x0000000766c00000| PB 0x0000000766c00000| Untracked |  0
| 794|0x0000000766e00000, 0x0000000767000000, 0x0000000767000000|100%|HC|  |TAMS 0x0000000766e00000| PB 0x0000000766e00000| Untracked |  0
| 795|0x0000000767000000, 0x0000000767200000, 0x0000000767200000|100%|HS|  |TAMS 0x0000000767000000| PB 0x0000000767000000| Untracked |  0
| 796|0x0000000767200000, 0x0000000767400000, 0x0000000767400000|100%|HC|  |TAMS 0x0000000767200000| PB 0x0000000767200000| Untracked |  0
| 797|0x0000000767400000, 0x0000000767600000, 0x0000000767600000|100%|HS|  |TAMS 0x0000000767400000| PB 0x0000000767400000| Untracked |  0
| 798|0x0000000767600000, 0x0000000767800000, 0x0000000767800000|100%|HC|  |TAMS 0x0000000767600000| PB 0x0000000767600000| Untracked |  0
| 799|0x0000000767800000, 0x0000000767a00000, 0x0000000767a00000|100%|HS|  |TAMS 0x0000000767800000| PB 0x0000000767800000| Untracked |  0
| 800|0x0000000767a00000, 0x0000000767c00000, 0x0000000767c00000|100%|HC|  |TAMS 0x0000000767a00000| PB 0x0000000767a00000| Untracked |  0
| 801|0x0000000767c00000, 0x0000000767e00000, 0x0000000767e00000|100%|HS|  |TAMS 0x0000000767c00000| PB 0x0000000767c00000| Untracked |  0
| 802|0x0000000767e00000, 0x0000000768000000, 0x0000000768000000|100%|HC|  |TAMS 0x0000000767e00000| PB 0x0000000767e00000| Untracked |  0
| 803|0x0000000768000000, 0x0000000768200000, 0x0000000768200000|100%|HS|  |TAMS 0x0000000768000000| PB 0x0000000768000000| Untracked |  0
| 804|0x0000000768200000, 0x0000000768400000, 0x0000000768400000|100%|HC|  |TAMS 0x0000000768200000| PB 0x0000000768200000| Untracked |  0
| 805|0x0000000768400000, 0x0000000768600000, 0x0000000768600000|100%|HS|  |TAMS 0x0000000768400000| PB 0x0000000768400000| Untracked |  0
| 806|0x0000000768600000, 0x0000000768800000, 0x0000000768800000|100%|HC|  |TAMS 0x0000000768600000| PB 0x0000000768600000| Untracked |  0
| 807|0x0000000768800000, 0x0000000768a00000, 0x0000000768a00000|100%|HS|  |TAMS 0x0000000768800000| PB 0x0000000768800000| Untracked |  0
| 808|0x0000000768a00000, 0x0000000768c00000, 0x0000000768c00000|100%|HC|  |TAMS 0x0000000768a00000| PB 0x0000000768a00000| Untracked |  0
| 809|0x0000000768c00000, 0x0000000768e00000, 0x0000000768e00000|100%|HS|  |TAMS 0x0000000768c00000| PB 0x0000000768c00000| Untracked |  0
| 810|0x0000000768e00000, 0x0000000769000000, 0x0000000769000000|100%|HC|  |TAMS 0x0000000768e00000| PB 0x0000000768e00000| Untracked |  0
| 811|0x0000000769000000, 0x0000000769200000, 0x0000000769200000|100%|HS|  |TAMS 0x0000000769000000| PB 0x0000000769000000| Untracked |  0
| 812|0x0000000769200000, 0x0000000769400000, 0x0000000769400000|100%|HC|  |TAMS 0x0000000769200000| PB 0x0000000769200000| Untracked |  0
| 813|0x0000000769400000, 0x00000007695e87f0, 0x0000000769600000| 95%| O|  |TAMS 0x0000000769400000| PB 0x0000000769400000| Untracked |  0
| 814|0x0000000769600000, 0x0000000769800000, 0x0000000769800000|100%|HS|  |TAMS 0x0000000769600000| PB 0x0000000769600000| Untracked |  0
| 815|0x0000000769800000, 0x0000000769a00000, 0x0000000769a00000|100%|HC|  |TAMS 0x0000000769800000| PB 0x0000000769800000| Untracked |  0
| 816|0x0000000769a00000, 0x0000000769c00000, 0x0000000769c00000|100%|HS|  |TAMS 0x0000000769a00000| PB 0x0000000769a00000| Untracked |  0
| 817|0x0000000769c00000, 0x0000000769e00000, 0x0000000769e00000|100%|HC|  |TAMS 0x0000000769c00000| PB 0x0000000769c00000| Untracked |  0
| 818|0x0000000769e00000, 0x000000076a000000, 0x000000076a000000|100%|HS|  |TAMS 0x0000000769e00000| PB 0x0000000769e00000| Untracked |  0
| 819|0x000000076a000000, 0x000000076a200000, 0x000000076a200000|100%|HC|  |TAMS 0x000000076a000000| PB 0x000000076a000000| Untracked |  0
| 820|0x000000076a200000, 0x000000076a400000, 0x000000076a400000|100%|HS|  |TAMS 0x000000076a200000| PB 0x000000076a200000| Untracked |  0
| 821|0x000000076a400000, 0x000000076a600000, 0x000000076a600000|100%|HC|  |TAMS 0x000000076a400000| PB 0x000000076a400000| Untracked |  0
| 822|0x000000076a600000, 0x000000076a800000, 0x000000076a800000|100%|HS|  |TAMS 0x000000076a600000| PB 0x000000076a600000| Untracked |  0
| 823|0x000000076a800000, 0x000000076aa00000, 0x000000076aa00000|100%|HC|  |TAMS 0x000000076a800000| PB 0x000000076a800000| Untracked |  0
| 824|0x000000076aa00000, 0x000000076ac00000, 0x000000076ac00000|100%|HS|  |TAMS 0x000000076aa00000| PB 0x000000076aa00000| Untracked |  0
| 825|0x000000076ac00000, 0x000000076ae00000, 0x000000076ae00000|100%|HC|  |TAMS 0x000000076ac00000| PB 0x000000076ac00000| Untracked |  0
| 826|0x000000076ae00000, 0x000000076b000000, 0x000000076b000000|100%|HS|  |TAMS 0x000000076ae00000| PB 0x000000076ae00000| Untracked |  0
| 827|0x000000076b000000, 0x000000076b200000, 0x000000076b200000|100%|HC|  |TAMS 0x000000076b000000| PB 0x000000076b000000| Untracked |  0
| 828|0x000000076b200000, 0x000000076b400000, 0x000000076b400000|100%|HS|  |TAMS 0x000000076b200000| PB 0x000000076b200000| Untracked |  0
| 829|0x000000076b400000, 0x000000076b600000, 0x000000076b600000|100%|HC|  |TAMS 0x000000076b400000| PB 0x000000076b400000| Untracked |  0
| 830|0x000000076b600000, 0x000000076b800000, 0x000000076b800000|100%|HS|  |TAMS 0x000000076b600000| PB 0x000000076b600000| Untracked |  0
| 831|0x000000076b800000, 0x000000076ba00000, 0x000000076ba00000|100%|HC|  |TAMS 0x000000076b800000| PB 0x000000076b800000| Untracked |  0
| 832|0x000000076ba00000, 0x000000076bc00000, 0x000000076bc00000|100%|HS|  |TAMS 0x000000076ba00000| PB 0x000000076ba00000| Untracked |  0
| 833|0x000000076bc00000, 0x000000076be00000, 0x000000076be00000|100%|HC|  |TAMS 0x000000076bc00000| PB 0x000000076bc00000| Untracked |  0
| 834|0x000000076be00000, 0x000000076c000000, 0x000000076c000000|100%|HS|  |TAMS 0x000000076be00000| PB 0x000000076be00000| Untracked |  0
| 835|0x000000076c000000, 0x000000076c200000, 0x000000076c200000|100%|HC|  |TAMS 0x000000076c000000| PB 0x000000076c000000| Untracked |  0
| 836|0x000000076c200000, 0x000000076c400000, 0x000000076c400000|100%|HS|  |TAMS 0x000000076c200000| PB 0x000000076c200000| Untracked |  0
| 837|0x000000076c400000, 0x000000076c600000, 0x000000076c600000|100%|HC|  |TAMS 0x000000076c400000| PB 0x000000076c400000| Untracked |  0
| 838|0x000000076c600000, 0x000000076c800000, 0x000000076c800000|100%|HS|  |TAMS 0x000000076c600000| PB 0x000000076c600000| Untracked |  0
| 839|0x000000076c800000, 0x000000076ca00000, 0x000000076ca00000|100%|HC|  |TAMS 0x000000076c800000| PB 0x000000076c800000| Untracked |  0
| 840|0x000000076ca00000, 0x000000076cc00000, 0x000000076cc00000|100%|HS|  |TAMS 0x000000076ca00000| PB 0x000000076ca00000| Untracked |  0
| 841|0x000000076cc00000, 0x000000076ce00000, 0x000000076ce00000|100%|HC|  |TAMS 0x000000076cc00000| PB 0x000000076cc00000| Untracked |  0
| 842|0x000000076ce00000, 0x000000076d000000, 0x000000076d000000|100%|HS|  |TAMS 0x000000076ce00000| PB 0x000000076ce00000| Untracked |  0
| 843|0x000000076d000000, 0x000000076d200000, 0x000000076d200000|100%|HC|  |TAMS 0x000000076d000000| PB 0x000000076d000000| Untracked |  0
| 844|0x000000076d200000, 0x000000076d400000, 0x000000076d400000|100%|HS|  |TAMS 0x000000076d200000| PB 0x000000076d200000| Untracked |  0
| 845|0x000000076d400000, 0x000000076d600000, 0x000000076d600000|100%|HC|  |TAMS 0x000000076d400000| PB 0x000000076d400000| Untracked |  0
| 846|0x000000076d600000, 0x000000076d800000, 0x000000076d800000|100%|HS|  |TAMS 0x000000076d600000| PB 0x000000076d600000| Untracked |  0
| 847|0x000000076d800000, 0x000000076da00000, 0x000000076da00000|100%|HC|  |TAMS 0x000000076d800000| PB 0x000000076d800000| Untracked |  0
| 848|0x000000076da00000, 0x000000076dc00000, 0x000000076dc00000|100%|HS|  |TAMS 0x000000076da00000| PB 0x000000076da00000| Untracked |  0
| 849|0x000000076dc00000, 0x000000076de00000, 0x000000076de00000|100%|HC|  |TAMS 0x000000076dc00000| PB 0x000000076dc00000| Untracked |  0
| 850|0x000000076de00000, 0x000000076e000000, 0x000000076e000000|100%|HS|  |TAMS 0x000000076de00000| PB 0x000000076de00000| Untracked |  0
| 851|0x000000076e000000, 0x000000076e200000, 0x000000076e200000|100%|HC|  |TAMS 0x000000076e000000| PB 0x000000076e000000| Untracked |  0
| 852|0x000000076e200000, 0x000000076e400000, 0x000000076e400000|100%|HS|  |TAMS 0x000000076e200000| PB 0x000000076e200000| Untracked |  0
| 853|0x000000076e400000, 0x000000076e600000, 0x000000076e600000|100%|HC|  |TAMS 0x000000076e400000| PB 0x000000076e400000| Untracked |  0
| 854|0x000000076e600000, 0x000000076e800000, 0x000000076e800000|100%|HS|  |TAMS 0x000000076e600000| PB 0x000000076e600000| Untracked |  0
| 855|0x000000076e800000, 0x000000076ea00000, 0x000000076ea00000|100%|HC|  |TAMS 0x000000076e800000| PB 0x000000076e800000| Untracked |  0
| 856|0x000000076ea00000, 0x000000076ec00000, 0x000000076ec00000|100%|HS|  |TAMS 0x000000076ea00000| PB 0x000000076ea00000| Untracked |  0
| 857|0x000000076ec00000, 0x000000076ee00000, 0x000000076ee00000|100%|HC|  |TAMS 0x000000076ec00000| PB 0x000000076ec00000| Untracked |  0
| 858|0x000000076ee00000, 0x000000076f000000, 0x000000076f000000|100%|HS|  |TAMS 0x000000076ee00000| PB 0x000000076ee00000| Untracked |  0
| 859|0x000000076f000000, 0x000000076f200000, 0x000000076f200000|100%|HC|  |TAMS 0x000000076f000000| PB 0x000000076f000000| Untracked |  0
| 860|0x000000076f200000, 0x000000076f400000, 0x000000076f400000|100%|HS|  |TAMS 0x000000076f200000| PB 0x000000076f200000| Untracked |  0
| 861|0x000000076f400000, 0x000000076f600000, 0x000000076f600000|100%|HC|  |TAMS 0x000000076f400000| PB 0x000000076f400000| Untracked |  0
| 862|0x000000076f600000, 0x000000076f800000, 0x000000076f800000|100%|HS|  |TAMS 0x000000076f600000| PB 0x000000076f600000| Untracked |  0
| 863|0x000000076f800000, 0x000000076fa00000, 0x000000076fa00000|100%|HC|  |TAMS 0x000000076f800000| PB 0x000000076f800000| Untracked |  0
| 864|0x000000076fa00000, 0x000000076fc00000, 0x000000076fc00000|100%|HS|  |TAMS 0x000000076fa00000| PB 0x000000076fa00000| Untracked |  0
| 865|0x000000076fc00000, 0x000000076fe00000, 0x000000076fe00000|100%|HC|  |TAMS 0x000000076fc00000| PB 0x000000076fc00000| Untracked |  0
| 866|0x000000076fe00000, 0x0000000770000000, 0x0000000770000000|100%|HS|  |TAMS 0x000000076fe00000| PB 0x000000076fe00000| Untracked |  0
| 867|0x0000000770000000, 0x0000000770200000, 0x0000000770200000|100%|HC|  |TAMS 0x0000000770000000| PB 0x0000000770000000| Untracked |  0
| 868|0x0000000770200000, 0x0000000770400000, 0x0000000770400000|100%|HS|  |TAMS 0x0000000770200000| PB 0x0000000770200000| Untracked |  0
| 869|0x0000000770400000, 0x0000000770600000, 0x0000000770600000|100%|HC|  |TAMS 0x0000000770400000| PB 0x0000000770400000| Untracked |  0
| 870|0x0000000770600000, 0x0000000770800000, 0x0000000770800000|100%|HS|  |TAMS 0x0000000770600000| PB 0x0000000770600000| Untracked |  0
| 871|0x0000000770800000, 0x0000000770a00000, 0x0000000770a00000|100%|HC|  |TAMS 0x0000000770800000| PB 0x0000000770800000| Untracked |  0
| 872|0x0000000770a00000, 0x0000000770c00000, 0x0000000770c00000|100%|HS|  |TAMS 0x0000000770a00000| PB 0x0000000770a00000| Untracked |  0
| 873|0x0000000770c00000, 0x0000000770e00000, 0x0000000770e00000|100%|HC|  |TAMS 0x0000000770c00000| PB 0x0000000770c00000| Untracked |  0
| 874|0x0000000770e00000, 0x0000000771000000, 0x0000000771000000|100%|HS|  |TAMS 0x0000000770e00000| PB 0x0000000770e00000| Untracked |  0
| 875|0x0000000771000000, 0x0000000771200000, 0x0000000771200000|100%|HC|  |TAMS 0x0000000771000000| PB 0x0000000771000000| Untracked |  0
| 876|0x0000000771200000, 0x0000000771400000, 0x0000000771400000|100%|HS|  |TAMS 0x0000000771200000| PB 0x0000000771200000| Untracked |  0
| 877|0x0000000771400000, 0x0000000771600000, 0x0000000771600000|100%|HC|  |TAMS 0x0000000771400000| PB 0x0000000771400000| Untracked |  0
| 878|0x0000000771600000, 0x0000000771800000, 0x0000000771800000|100%|HS|  |TAMS 0x0000000771600000| PB 0x0000000771600000| Untracked |  0
| 879|0x0000000771800000, 0x0000000771a00000, 0x0000000771a00000|100%|HC|  |TAMS 0x0000000771800000| PB 0x0000000771800000| Untracked |  0
| 880|0x0000000771a00000, 0x0000000771c00000, 0x0000000771c00000|100%|HS|  |TAMS 0x0000000771a00000| PB 0x0000000771a00000| Untracked |  0
| 881|0x0000000771c00000, 0x0000000771e00000, 0x0000000771e00000|100%|HC|  |TAMS 0x0000000771c00000| PB 0x0000000771c00000| Untracked |  0
| 882|0x0000000771e00000, 0x0000000772000000, 0x0000000772000000|100%|HS|  |TAMS 0x0000000771e00000| PB 0x0000000771e00000| Untracked |  0
| 883|0x0000000772000000, 0x0000000772200000, 0x0000000772200000|100%|HC|  |TAMS 0x0000000772000000| PB 0x0000000772000000| Untracked |  0
| 884|0x0000000772200000, 0x0000000772400000, 0x0000000772400000|100%|HS|  |TAMS 0x0000000772200000| PB 0x0000000772200000| Untracked |  0
| 885|0x0000000772400000, 0x0000000772600000, 0x0000000772600000|100%|HC|  |TAMS 0x0000000772400000| PB 0x0000000772400000| Untracked |  0
| 886|0x0000000772600000, 0x0000000772800000, 0x0000000772800000|100%|HS|  |TAMS 0x0000000772600000| PB 0x0000000772600000| Untracked |  0
| 887|0x0000000772800000, 0x0000000772a00000, 0x0000000772a00000|100%|HC|  |TAMS 0x0000000772800000| PB 0x0000000772800000| Untracked |  0
| 888|0x0000000772a00000, 0x0000000772c00000, 0x0000000772c00000|100%|HS|  |TAMS 0x0000000772a00000| PB 0x0000000772a00000| Untracked |  0
| 889|0x0000000772c00000, 0x0000000772e00000, 0x0000000772e00000|100%|HC|  |TAMS 0x0000000772c00000| PB 0x0000000772c00000| Untracked |  0
| 890|0x0000000772e00000, 0x0000000772fed898, 0x0000000773000000| 96%| O|  |TAMS 0x0000000772e00000| PB 0x0000000772e00000| Untracked |  0
| 891|0x0000000773000000, 0x0000000773200000, 0x0000000773200000|100%|HS|  |TAMS 0x0000000773000000| PB 0x0000000773000000| Untracked |  0
| 892|0x0000000773200000, 0x0000000773400000, 0x0000000773400000|100%|HC|  |TAMS 0x0000000773200000| PB 0x0000000773200000| Untracked |  0
| 893|0x0000000773400000, 0x0000000773600000, 0x0000000773600000|100%|HS|  |TAMS 0x0000000773400000| PB 0x0000000773400000| Untracked |  0
| 894|0x0000000773600000, 0x0000000773800000, 0x0000000773800000|100%|HC|  |TAMS 0x0000000773600000| PB 0x0000000773600000| Untracked |  0
| 895|0x0000000773800000, 0x00000007739ec5b0, 0x0000000773a00000| 96%| O|  |TAMS 0x0000000773800000| PB 0x0000000773800000| Untracked |  0
| 896|0x0000000773a00000, 0x0000000773c00000, 0x0000000773c00000|100%|HS|  |TAMS 0x0000000773a00000| PB 0x0000000773a00000| Untracked |  0
| 897|0x0000000773c00000, 0x0000000773e00000, 0x0000000773e00000|100%|HC|  |TAMS 0x0000000773c00000| PB 0x0000000773c00000| Untracked |  0
| 898|0x0000000773e00000, 0x0000000774000000, 0x0000000774000000|100%|HS|  |TAMS 0x0000000773e00000| PB 0x0000000773e00000| Untracked |  0
| 899|0x0000000774000000, 0x0000000774200000, 0x0000000774200000|100%|HC|  |TAMS 0x0000000774000000| PB 0x0000000774000000| Untracked |  0
| 900|0x0000000774200000, 0x0000000774400000, 0x0000000774400000|100%|HS|  |TAMS 0x0000000774200000| PB 0x0000000774200000| Untracked |  0
| 901|0x0000000774400000, 0x0000000774600000, 0x0000000774600000|100%|HC|  |TAMS 0x0000000774400000| PB 0x0000000774400000| Untracked |  0
| 902|0x0000000774600000, 0x00000007747ec5b0, 0x0000000774800000| 96%| O|  |TAMS 0x0000000774600000| PB 0x0000000774600000| Untracked |  0
| 903|0x0000000774800000, 0x0000000774a00000, 0x0000000774a00000|100%|HS|  |TAMS 0x0000000774800000| PB 0x0000000774800000| Untracked |  0
| 904|0x0000000774a00000, 0x0000000774c00000, 0x0000000774c00000|100%|HC|  |TAMS 0x0000000774a00000| PB 0x0000000774a00000| Untracked |  0
| 905|0x0000000774c00000, 0x0000000774e00000, 0x0000000774e00000|100%|HS|  |TAMS 0x0000000774c00000| PB 0x0000000774c00000| Untracked |  0
| 906|0x0000000774e00000, 0x0000000775000000, 0x0000000775000000|100%|HC|  |TAMS 0x0000000774e00000| PB 0x0000000774e00000| Untracked |  0
| 907|0x0000000775000000, 0x00000007751fe260, 0x0000000775200000| 99%| O|  |TAMS 0x0000000775000000| PB 0x0000000775000000| Untracked |  0
| 908|0x0000000775200000, 0x00000007753ec5b0, 0x0000000775400000| 96%| O|  |TAMS 0x0000000775200000| PB 0x0000000775200000| Untracked |  0
| 909|0x0000000775400000, 0x0000000775600000, 0x0000000775600000|100%|HS|  |TAMS 0x0000000775400000| PB 0x0000000775400000| Untracked |  0
| 910|0x0000000775600000, 0x0000000775800000, 0x0000000775800000|100%|HC|  |TAMS 0x0000000775600000| PB 0x0000000775600000| Untracked |  0
| 911|0x0000000775800000, 0x0000000775a00000, 0x0000000775a00000|100%|HS|  |TAMS 0x0000000775800000| PB 0x0000000775800000| Untracked |  0
| 912|0x0000000775a00000, 0x0000000775c00000, 0x0000000775c00000|100%|HC|  |TAMS 0x0000000775a00000| PB 0x0000000775a00000| Untracked |  0
| 913|0x0000000775c00000, 0x0000000775e00000, 0x0000000775e00000|100%|HS|  |TAMS 0x0000000775c00000| PB 0x0000000775c00000| Untracked |  0
| 914|0x0000000775e00000, 0x0000000776000000, 0x0000000776000000|100%|HC|  |TAMS 0x0000000775e00000| PB 0x0000000775e00000| Untracked |  0
| 915|0x0000000776000000, 0x00000007761ec5b0, 0x0000000776200000| 96%| O|  |TAMS 0x0000000776000000| PB 0x0000000776000000| Untracked |  0
| 916|0x0000000776200000, 0x0000000776400000, 0x0000000776400000|100%|HS|  |TAMS 0x0000000776200000| PB 0x0000000776200000| Untracked |  0
| 917|0x0000000776400000, 0x0000000776600000, 0x0000000776600000|100%|HC|  |TAMS 0x0000000776400000| PB 0x0000000776400000| Untracked |  0
| 918|0x0000000776600000, 0x0000000776800000, 0x0000000776800000|100%|HS|  |TAMS 0x0000000776600000| PB 0x0000000776600000| Untracked |  0
| 919|0x0000000776800000, 0x0000000776a00000, 0x0000000776a00000|100%|HC|  |TAMS 0x0000000776800000| PB 0x0000000776800000| Untracked |  0
| 920|0x0000000776a00000, 0x0000000776be8730, 0x0000000776c00000| 95%| O|  |TAMS 0x0000000776a00000| PB 0x0000000776a00000| Untracked |  0
| 921|0x0000000776c00000, 0x0000000776ded898, 0x0000000776e00000| 96%| O|  |TAMS 0x0000000776c00000| PB 0x0000000776c00000| Untracked |  0
| 922|0x0000000776e00000, 0x0000000777000000, 0x0000000777000000|100%|HS|  |TAMS 0x0000000776e00000| PB 0x0000000776e00000| Untracked |  0
| 923|0x0000000777000000, 0x0000000777200000, 0x0000000777200000|100%|HC|  |TAMS 0x0000000777000000| PB 0x0000000777000000| Untracked |  0
| 924|0x0000000777200000, 0x0000000777400000, 0x0000000777400000|100%|HS|  |TAMS 0x0000000777200000| PB 0x0000000777200000| Untracked |  0
| 925|0x0000000777400000, 0x0000000777600000, 0x0000000777600000|100%|HC|  |TAMS 0x0000000777400000| PB 0x0000000777400000| Untracked |  0
| 926|0x0000000777600000, 0x0000000777800000, 0x0000000777800000|100%|HS|  |TAMS 0x0000000777600000| PB 0x0000000777600000| Untracked |  0
| 927|0x0000000777800000, 0x0000000777a00000, 0x0000000777a00000|100%|HC|  |TAMS 0x0000000777800000| PB 0x0000000777800000| Untracked |  0
| 928|0x0000000777a00000, 0x0000000777bea4a0, 0x0000000777c00000| 95%| O|  |TAMS 0x0000000777a00000| PB 0x0000000777a00000| Untracked |  0
| 929|0x0000000777c00000, 0x0000000777dec5b0, 0x0000000777e00000| 96%| O|  |TAMS 0x0000000777c00000| PB 0x0000000777c00000| Untracked |  0
| 930|0x0000000777e00000, 0x0000000778000000, 0x0000000778000000|100%|HS|  |TAMS 0x0000000777e00000| PB 0x0000000777e00000| Untracked |  0
| 931|0x0000000778000000, 0x0000000778200000, 0x0000000778200000|100%|HC|  |TAMS 0x0000000778000000| PB 0x0000000778000000| Untracked |  0
| 932|0x0000000778200000, 0x0000000778400000, 0x0000000778400000|100%|HS|  |TAMS 0x0000000778200000| PB 0x0000000778200000| Untracked |  0
| 933|0x0000000778400000, 0x0000000778600000, 0x0000000778600000|100%|HC|  |TAMS 0x0000000778400000| PB 0x0000000778400000| Untracked |  0
| 934|0x0000000778600000, 0x00000007787ec5b0, 0x0000000778800000| 96%| O|  |TAMS 0x0000000778600000| PB 0x0000000778600000| Untracked |  0
| 935|0x0000000778800000, 0x0000000778a00000, 0x0000000778a00000|100%|HS|  |TAMS 0x0000000778800000| PB 0x0000000778800000| Untracked |  0
| 936|0x0000000778a00000, 0x0000000778c00000, 0x0000000778c00000|100%|HC|  |TAMS 0x0000000778a00000| PB 0x0000000778a00000| Untracked |  0
| 937|0x0000000778c00000, 0x0000000778e00000, 0x0000000778e00000|100%|HS|  |TAMS 0x0000000778c00000| PB 0x0000000778c00000| Untracked |  0
| 938|0x0000000778e00000, 0x0000000779000000, 0x0000000779000000|100%|HC|  |TAMS 0x0000000778e00000| PB 0x0000000778e00000| Untracked |  0
| 939|0x0000000779000000, 0x0000000779200000, 0x0000000779200000|100%|HS|  |TAMS 0x0000000779000000| PB 0x0000000779000000| Untracked |  0
| 940|0x0000000779200000, 0x0000000779400000, 0x0000000779400000|100%|HC|  |TAMS 0x0000000779200000| PB 0x0000000779200000| Untracked |  0
| 941|0x0000000779400000, 0x00000007795ea768, 0x0000000779600000| 95%| O|  |TAMS 0x0000000779400000| PB 0x0000000779400000| Untracked |  0
| 942|0x0000000779600000, 0x00000007797ed898, 0x0000000779800000| 96%| O|  |TAMS 0x0000000779600000| PB 0x0000000779600000| Untracked |  0
| 943|0x0000000779800000, 0x0000000779a00000, 0x0000000779a00000|100%|HS|  |TAMS 0x0000000779800000| PB 0x0000000779800000| Untracked |  0
| 944|0x0000000779a00000, 0x0000000779c00000, 0x0000000779c00000|100%|HC|  |TAMS 0x0000000779a00000| PB 0x0000000779a00000| Untracked |  0
| 945|0x0000000779c00000, 0x0000000779e00000, 0x0000000779e00000|100%|HS|  |TAMS 0x0000000779c00000| PB 0x0000000779c00000| Untracked |  0
| 946|0x0000000779e00000, 0x000000077a000000, 0x000000077a000000|100%|HC|  |TAMS 0x0000000779e00000| PB 0x0000000779e00000| Untracked |  0
| 947|0x000000077a000000, 0x000000077a1f5278, 0x000000077a200000| 97%| O|  |TAMS 0x000000077a000000| PB 0x000000077a000000| Untracked |  0
| 948|0x000000077a200000, 0x000000077a400000, 0x000000077a400000|100%|HS|  |TAMS 0x000000077a200000| PB 0x000000077a200000| Untracked |  0
| 949|0x000000077a400000, 0x000000077a600000, 0x000000077a600000|100%|HC|  |TAMS 0x000000077a400000| PB 0x000000077a400000| Untracked |  0
| 950|0x000000077a600000, 0x000000077a800000, 0x000000077a800000|100%|HS|  |TAMS 0x000000077a600000| PB 0x000000077a600000| Untracked |  0
| 951|0x000000077a800000, 0x000000077aa00000, 0x000000077aa00000|100%|HC|  |TAMS 0x000000077a800000| PB 0x000000077a800000| Untracked |  0
| 952|0x000000077aa00000, 0x000000077ac00000, 0x000000077ac00000|100%|HS|  |TAMS 0x000000077aa00000| PB 0x000000077aa00000| Untracked |  0
| 953|0x000000077ac00000, 0x000000077ae00000, 0x000000077ae00000|100%|HC|  |TAMS 0x000000077ac00000| PB 0x000000077ac00000| Untracked |  0
| 954|0x000000077ae00000, 0x000000077b000000, 0x000000077b000000|100%|HS|  |TAMS 0x000000077ae00000| PB 0x000000077ae00000| Untracked |  0
| 955|0x000000077b000000, 0x000000077b200000, 0x000000077b200000|100%|HC|  |TAMS 0x000000077b000000| PB 0x000000077b000000| Untracked |  0
| 956|0x000000077b200000, 0x000000077b400000, 0x000000077b400000|100%|HS|  |TAMS 0x000000077b200000| PB 0x000000077b200000| Untracked |  0
| 957|0x000000077b400000, 0x000000077b600000, 0x000000077b600000|100%|HC|  |TAMS 0x000000077b400000| PB 0x000000077b400000| Untracked |  0
| 958|0x000000077b600000, 0x000000077b800000, 0x000000077b800000|100%|HS|  |TAMS 0x000000077b600000| PB 0x000000077b600000| Untracked |  0
| 959|0x000000077b800000, 0x000000077ba00000, 0x000000077ba00000|100%|HC|  |TAMS 0x000000077b800000| PB 0x000000077b800000| Untracked |  0
| 960|0x000000077ba00000, 0x000000077bc00000, 0x000000077bc00000|100%|HS|  |TAMS 0x000000077ba00000| PB 0x000000077ba00000| Untracked |  0
| 961|0x000000077bc00000, 0x000000077be00000, 0x000000077be00000|100%|HC|  |TAMS 0x000000077bc00000| PB 0x000000077bc00000| Untracked |  0
| 962|0x000000077be00000, 0x000000077c000000, 0x000000077c000000|100%|HS|  |TAMS 0x000000077be00000| PB 0x000000077be00000| Untracked |  0
| 963|0x000000077c000000, 0x000000077c200000, 0x000000077c200000|100%|HC|  |TAMS 0x000000077c000000| PB 0x000000077c000000| Untracked |  0
| 964|0x000000077c200000, 0x000000077c400000, 0x000000077c400000|100%|HS|  |TAMS 0x000000077c200000| PB 0x000000077c200000| Untracked |  0
| 965|0x000000077c400000, 0x000000077c600000, 0x000000077c600000|100%|HC|  |TAMS 0x000000077c400000| PB 0x000000077c400000| Untracked |  0
| 966|0x000000077c600000, 0x000000077c800000, 0x000000077c800000|100%|HS|  |TAMS 0x000000077c600000| PB 0x000000077c600000| Untracked |  0
| 967|0x000000077c800000, 0x000000077ca00000, 0x000000077ca00000|100%|HC|  |TAMS 0x000000077c800000| PB 0x000000077c800000| Untracked |  0
| 968|0x000000077ca00000, 0x000000077cc00000, 0x000000077cc00000|100%|HS|  |TAMS 0x000000077ca00000| PB 0x000000077ca00000| Untracked |  0
| 969|0x000000077cc00000, 0x000000077ce00000, 0x000000077ce00000|100%|HC|  |TAMS 0x000000077cc00000| PB 0x000000077cc00000| Untracked |  0
| 970|0x000000077ce00000, 0x000000077d000000, 0x000000077d000000|100%|HS|  |TAMS 0x000000077ce00000| PB 0x000000077ce00000| Untracked |  0
| 971|0x000000077d000000, 0x000000077d200000, 0x000000077d200000|100%|HC|  |TAMS 0x000000077d000000| PB 0x000000077d000000| Untracked |  0
| 972|0x000000077d200000, 0x000000077d400000, 0x000000077d400000|100%|HS|  |TAMS 0x000000077d200000| PB 0x000000077d200000| Untracked |  0
| 973|0x000000077d400000, 0x000000077d600000, 0x000000077d600000|100%|HC|  |TAMS 0x000000077d400000| PB 0x000000077d400000| Untracked |  0
| 974|0x000000077d600000, 0x000000077d800000, 0x000000077d800000|100%|HS|  |TAMS 0x000000077d600000| PB 0x000000077d600000| Untracked |  0
| 975|0x000000077d800000, 0x000000077da00000, 0x000000077da00000|100%|HC|  |TAMS 0x000000077d800000| PB 0x000000077d800000| Untracked |  0
| 976|0x000000077da00000, 0x000000077dc00000, 0x000000077dc00000|100%|HS|  |TAMS 0x000000077da00000| PB 0x000000077da00000| Untracked |  0
| 977|0x000000077dc00000, 0x000000077de00000, 0x000000077de00000|100%|HC|  |TAMS 0x000000077dc00000| PB 0x000000077dc00000| Untracked |  0
| 978|0x000000077de00000, 0x000000077e000000, 0x000000077e000000|100%|HS|  |TAMS 0x000000077de00000| PB 0x000000077de00000| Untracked |  0
| 979|0x000000077e000000, 0x000000077e200000, 0x000000077e200000|100%|HC|  |TAMS 0x000000077e000000| PB 0x000000077e000000| Untracked |  0
| 980|0x000000077e200000, 0x000000077e400000, 0x000000077e400000|100%|HS|  |TAMS 0x000000077e200000| PB 0x000000077e200000| Untracked |  0
| 981|0x000000077e400000, 0x000000077e600000, 0x000000077e600000|100%|HC|  |TAMS 0x000000077e400000| PB 0x000000077e400000| Untracked |  0
| 982|0x000000077e600000, 0x000000077e800000, 0x000000077e800000|100%|HS|  |TAMS 0x000000077e600000| PB 0x000000077e600000| Untracked |  0
| 983|0x000000077e800000, 0x000000077ea00000, 0x000000077ea00000|100%|HC|  |TAMS 0x000000077e800000| PB 0x000000077e800000| Untracked |  0
| 984|0x000000077ea00000, 0x000000077ec00000, 0x000000077ec00000|100%|HS|  |TAMS 0x000000077ea00000| PB 0x000000077ea00000| Untracked |  0
| 985|0x000000077ec00000, 0x000000077ee00000, 0x000000077ee00000|100%|HC|  |TAMS 0x000000077ec00000| PB 0x000000077ec00000| Untracked |  0
| 986|0x000000077ee00000, 0x000000077f000000, 0x000000077f000000|100%|HS|  |TAMS 0x000000077ee00000| PB 0x000000077ee00000| Untracked |  0
| 987|0x000000077f000000, 0x000000077f200000, 0x000000077f200000|100%|HC|  |TAMS 0x000000077f000000| PB 0x000000077f000000| Untracked |  0
| 988|0x000000077f200000, 0x000000077f400000, 0x000000077f400000|100%|HS|  |TAMS 0x000000077f200000| PB 0x000000077f200000| Untracked |  0
| 989|0x000000077f400000, 0x000000077f600000, 0x000000077f600000|100%|HC|  |TAMS 0x000000077f400000| PB 0x000000077f400000| Untracked |  0
| 990|0x000000077f600000, 0x000000077f800000, 0x000000077f800000|100%|HS|  |TAMS 0x000000077f600000| PB 0x000000077f600000| Untracked |  0
| 991|0x000000077f800000, 0x000000077fa00000, 0x000000077fa00000|100%|HC|  |TAMS 0x000000077f800000| PB 0x000000077f800000| Untracked |  0
| 992|0x000000077fa00000, 0x000000077fc00000, 0x000000077fc00000|100%|HS|  |TAMS 0x000000077fa00000| PB 0x000000077fa00000| Untracked |  0
| 993|0x000000077fc00000, 0x000000077fe00000, 0x000000077fe00000|100%|HC|  |TAMS 0x000000077fc00000| PB 0x000000077fc00000| Untracked |  0
| 994|0x000000077fe00000, 0x0000000780000000, 0x0000000780000000|100%|HS|  |TAMS 0x000000077fe00000| PB 0x000000077fe00000| Untracked |  0
| 995|0x0000000780000000, 0x0000000780200000, 0x0000000780200000|100%|HC|  |TAMS 0x0000000780000000| PB 0x0000000780000000| Untracked |  0
| 996|0x0000000780200000, 0x0000000780400000, 0x0000000780400000|100%|HS|  |TAMS 0x0000000780200000| PB 0x0000000780200000| Untracked |  0
| 997|0x0000000780400000, 0x0000000780600000, 0x0000000780600000|100%|HC|  |TAMS 0x0000000780400000| PB 0x0000000780400000| Untracked |  0
| 998|0x0000000780600000, 0x0000000780800000, 0x0000000780800000|100%|HS|  |TAMS 0x0000000780600000| PB 0x0000000780600000| Untracked |  0
| 999|0x0000000780800000, 0x0000000780a00000, 0x0000000780a00000|100%|HC|  |TAMS 0x0000000780800000| PB 0x0000000780800000| Untracked |  0
|1000|0x0000000780a00000, 0x0000000780c00000, 0x0000000780c00000|100%|HS|  |TAMS 0x0000000780a00000| PB 0x0000000780a00000| Untracked |  0
|1001|0x0000000780c00000, 0x0000000780e00000, 0x0000000780e00000|100%|HC|  |TAMS 0x0000000780c00000| PB 0x0000000780c00000| Untracked |  0
|1002|0x0000000780e00000, 0x0000000781000000, 0x0000000781000000|100%|HS|  |TAMS 0x0000000780e00000| PB 0x0000000780e00000| Untracked |  0
|1003|0x0000000781000000, 0x0000000781200000, 0x0000000781200000|100%|HC|  |TAMS 0x0000000781000000| PB 0x0000000781000000| Untracked |  0
|1004|0x0000000781200000, 0x0000000781400000, 0x0000000781400000|100%|HS|  |TAMS 0x0000000781200000| PB 0x0000000781200000| Untracked |  0
|1005|0x0000000781400000, 0x0000000781600000, 0x0000000781600000|100%|HC|  |TAMS 0x0000000781400000| PB 0x0000000781400000| Untracked |  0
|1006|0x0000000781600000, 0x0000000781800000, 0x0000000781800000|100%|HS|  |TAMS 0x0000000781600000| PB 0x0000000781600000| Untracked |  0
|1007|0x0000000781800000, 0x0000000781a00000, 0x0000000781a00000|100%|HC|  |TAMS 0x0000000781800000| PB 0x0000000781800000| Untracked |  0
|1008|0x0000000781a00000, 0x0000000781c00000, 0x0000000781c00000|100%|HS|  |TAMS 0x0000000781a00000| PB 0x0000000781a00000| Untracked |  0
|1009|0x0000000781c00000, 0x0000000781e00000, 0x0000000781e00000|100%|HC|  |TAMS 0x0000000781c00000| PB 0x0000000781c00000| Untracked |  0
|1010|0x0000000781e00000, 0x0000000782000000, 0x0000000782000000|100%|HS|  |TAMS 0x0000000781e00000| PB 0x0000000781e00000| Untracked |  0
|1011|0x0000000782000000, 0x0000000782200000, 0x0000000782200000|100%|HC|  |TAMS 0x0000000782000000| PB 0x0000000782000000| Untracked |  0
|1012|0x0000000782200000, 0x0000000782400000, 0x0000000782400000|100%|HS|  |TAMS 0x0000000782200000| PB 0x0000000782200000| Untracked |  0
|1013|0x0000000782400000, 0x0000000782600000, 0x0000000782600000|100%|HC|  |TAMS 0x0000000782400000| PB 0x0000000782400000| Untracked |  0
|1014|0x0000000782600000, 0x0000000782800000, 0x0000000782800000|100%|HS|  |TAMS 0x0000000782600000| PB 0x0000000782600000| Untracked |  0
|1015|0x0000000782800000, 0x0000000782a00000, 0x0000000782a00000|100%|HC|  |TAMS 0x0000000782800000| PB 0x0000000782800000| Untracked |  0
|1016|0x0000000782a00000, 0x0000000782c00000, 0x0000000782c00000|100%|HS|  |TAMS 0x0000000782a00000| PB 0x0000000782a00000| Untracked |  0
|1017|0x0000000782c00000, 0x0000000782e00000, 0x0000000782e00000|100%|HC|  |TAMS 0x0000000782c00000| PB 0x0000000782c00000| Untracked |  0
|1018|0x0000000782e00000, 0x0000000783000000, 0x0000000783000000|100%|HS|  |TAMS 0x0000000782e00000| PB 0x0000000782e00000| Untracked |  0
|1019|0x0000000783000000, 0x0000000783200000, 0x0000000783200000|100%|HC|  |TAMS 0x0000000783000000| PB 0x0000000783000000| Untracked |  0
|1020|0x0000000783200000, 0x0000000783400000, 0x0000000783400000|100%|HS|  |TAMS 0x0000000783200000| PB 0x0000000783200000| Untracked |  0
|1021|0x0000000783400000, 0x0000000783600000, 0x0000000783600000|100%|HC|  |TAMS 0x0000000783400000| PB 0x0000000783400000| Untracked |  0
|1022|0x0000000783600000, 0x0000000783800000, 0x0000000783800000|100%|HS|  |TAMS 0x0000000783600000| PB 0x0000000783600000| Untracked |  0
|1023|0x0000000783800000, 0x0000000783a00000, 0x0000000783a00000|100%|HC|  |TAMS 0x0000000783800000| PB 0x0000000783800000| Untracked |  0
|1024|0x0000000783a00000, 0x0000000783c00000, 0x0000000783c00000|100%|HS|  |TAMS 0x0000000783a00000| PB 0x0000000783a00000| Untracked |  0
|1025|0x0000000783c00000, 0x0000000783e00000, 0x0000000783e00000|100%|HC|  |TAMS 0x0000000783c00000| PB 0x0000000783c00000| Untracked |  0
|1026|0x0000000783e00000, 0x0000000784000000, 0x0000000784000000|100%|HS|  |TAMS 0x0000000783e00000| PB 0x0000000783e00000| Untracked |  0
|1027|0x0000000784000000, 0x0000000784200000, 0x0000000784200000|100%|HC|  |TAMS 0x0000000784000000| PB 0x0000000784000000| Untracked |  0
|1028|0x0000000784200000, 0x0000000784400000, 0x0000000784400000|100%|HS|  |TAMS 0x0000000784200000| PB 0x0000000784200000| Untracked |  0
|1029|0x0000000784400000, 0x0000000784600000, 0x0000000784600000|100%|HC|  |TAMS 0x0000000784400000| PB 0x0000000784400000| Untracked |  0
|1030|0x0000000784600000, 0x0000000784800000, 0x0000000784800000|100%|HS|  |TAMS 0x0000000784600000| PB 0x0000000784600000| Untracked |  0
|1031|0x0000000784800000, 0x0000000784a00000, 0x0000000784a00000|100%|HC|  |TAMS 0x0000000784800000| PB 0x0000000784800000| Untracked |  0
|1032|0x0000000784a00000, 0x0000000784c00000, 0x0000000784c00000|100%|HS|  |TAMS 0x0000000784a00000| PB 0x0000000784a00000| Untracked |  0
|1033|0x0000000784c00000, 0x0000000784e00000, 0x0000000784e00000|100%|HC|  |TAMS 0x0000000784c00000| PB 0x0000000784c00000| Untracked |  0
|1034|0x0000000784e00000, 0x0000000785000000, 0x0000000785000000|100%|HS|  |TAMS 0x0000000784e00000| PB 0x0000000784e00000| Untracked |  0
|1035|0x0000000785000000, 0x0000000785200000, 0x0000000785200000|100%|HC|  |TAMS 0x0000000785000000| PB 0x0000000785000000| Untracked |  0
|1036|0x0000000785200000, 0x0000000785400000, 0x0000000785400000|100%|HS|  |TAMS 0x0000000785200000| PB 0x0000000785200000| Untracked |  0
|1037|0x0000000785400000, 0x0000000785600000, 0x0000000785600000|100%|HC|  |TAMS 0x0000000785400000| PB 0x0000000785400000| Untracked |  0
|1038|0x0000000785600000, 0x0000000785800000, 0x0000000785800000|100%|HS|  |TAMS 0x0000000785600000| PB 0x0000000785600000| Untracked |  0
|1039|0x0000000785800000, 0x0000000785a00000, 0x0000000785a00000|100%|HC|  |TAMS 0x0000000785800000| PB 0x0000000785800000| Untracked |  0
|1040|0x0000000785a00000, 0x0000000785c00000, 0x0000000785c00000|100%|HS|  |TAMS 0x0000000785a00000| PB 0x0000000785a00000| Untracked |  0
|1041|0x0000000785c00000, 0x0000000785e00000, 0x0000000785e00000|100%|HC|  |TAMS 0x0000000785c00000| PB 0x0000000785c00000| Untracked |  0
|1042|0x0000000785e00000, 0x0000000786000000, 0x0000000786000000|100%|HS|  |TAMS 0x0000000785e00000| PB 0x0000000785e00000| Untracked |  0
|1043|0x0000000786000000, 0x0000000786200000, 0x0000000786200000|100%|HC|  |TAMS 0x0000000786000000| PB 0x0000000786000000| Untracked |  0
|1044|0x0000000786200000, 0x0000000786400000, 0x0000000786400000|100%|HS|  |TAMS 0x0000000786200000| PB 0x0000000786200000| Untracked |  0
|1045|0x0000000786400000, 0x0000000786600000, 0x0000000786600000|100%|HC|  |TAMS 0x0000000786400000| PB 0x0000000786400000| Untracked |  0
|1046|0x0000000786600000, 0x0000000786800000, 0x0000000786800000|100%|HS|  |TAMS 0x0000000786600000| PB 0x0000000786600000| Untracked |  0
|1047|0x0000000786800000, 0x0000000786a00000, 0x0000000786a00000|100%|HC|  |TAMS 0x0000000786800000| PB 0x0000000786800000| Untracked |  0
|1048|0x0000000786a00000, 0x0000000786c00000, 0x0000000786c00000|100%|HS|  |TAMS 0x0000000786a00000| PB 0x0000000786a00000| Untracked |  0
|1049|0x0000000786c00000, 0x0000000786e00000, 0x0000000786e00000|100%|HC|  |TAMS 0x0000000786c00000| PB 0x0000000786c00000| Untracked |  0
|1050|0x0000000786e00000, 0x0000000787000000, 0x0000000787000000|100%|HS|  |TAMS 0x0000000786e00000| PB 0x0000000786e00000| Untracked |  0
|1051|0x0000000787000000, 0x0000000787200000, 0x0000000787200000|100%|HC|  |TAMS 0x0000000787000000| PB 0x0000000787000000| Untracked |  0
|1052|0x0000000787200000, 0x0000000787400000, 0x0000000787400000|100%|HS|  |TAMS 0x0000000787200000| PB 0x0000000787200000| Untracked |  0
|1053|0x0000000787400000, 0x0000000787600000, 0x0000000787600000|100%|HC|  |TAMS 0x0000000787400000| PB 0x0000000787400000| Untracked |  0
|1054|0x0000000787600000, 0x0000000787800000, 0x0000000787800000|100%|HS|  |TAMS 0x0000000787600000| PB 0x0000000787600000| Untracked |  0
|1055|0x0000000787800000, 0x0000000787a00000, 0x0000000787a00000|100%|HC|  |TAMS 0x0000000787800000| PB 0x0000000787800000| Untracked |  0
|1056|0x0000000787a00000, 0x0000000787c00000, 0x0000000787c00000|100%|HS|  |TAMS 0x0000000787a00000| PB 0x0000000787a00000| Untracked |  0
|1057|0x0000000787c00000, 0x0000000787e00000, 0x0000000787e00000|100%|HC|  |TAMS 0x0000000787c00000| PB 0x0000000787c00000| Untracked |  0
|1058|0x0000000787e00000, 0x0000000788000000, 0x0000000788000000|100%|HS|  |TAMS 0x0000000787e00000| PB 0x0000000787e00000| Untracked |  0
|1059|0x0000000788000000, 0x0000000788200000, 0x0000000788200000|100%|HC|  |TAMS 0x0000000788000000| PB 0x0000000788000000| Untracked |  0
|1060|0x0000000788200000, 0x0000000788400000, 0x0000000788400000|100%|HS|  |TAMS 0x0000000788200000| PB 0x0000000788200000| Untracked |  0
|1061|0x0000000788400000, 0x0000000788600000, 0x0000000788600000|100%|HC|  |TAMS 0x0000000788400000| PB 0x0000000788400000| Untracked |  0
|1062|0x0000000788600000, 0x0000000788800000, 0x0000000788800000|100%|HS|  |TAMS 0x0000000788600000| PB 0x0000000788600000| Untracked |  0
|1063|0x0000000788800000, 0x0000000788a00000, 0x0000000788a00000|100%|HC|  |TAMS 0x0000000788800000| PB 0x0000000788800000| Untracked |  0
|1064|0x0000000788a00000, 0x0000000788c00000, 0x0000000788c00000|100%|HS|  |TAMS 0x0000000788a00000| PB 0x0000000788a00000| Untracked |  0
|1065|0x0000000788c00000, 0x0000000788e00000, 0x0000000788e00000|100%|HC|  |TAMS 0x0000000788c00000| PB 0x0000000788c00000| Untracked |  0
|1066|0x0000000788e00000, 0x0000000789000000, 0x0000000789000000|100%|HS|  |TAMS 0x0000000788e00000| PB 0x0000000788e00000| Untracked |  0
|1067|0x0000000789000000, 0x0000000789200000, 0x0000000789200000|100%|HC|  |TAMS 0x0000000789000000| PB 0x0000000789000000| Untracked |  0
|1068|0x0000000789200000, 0x0000000789400000, 0x0000000789400000|100%|HS|  |TAMS 0x0000000789200000| PB 0x0000000789200000| Untracked |  0
|1069|0x0000000789400000, 0x0000000789600000, 0x0000000789600000|100%|HC|  |TAMS 0x0000000789400000| PB 0x0000000789400000| Untracked |  0
|1070|0x0000000789600000, 0x0000000789800000, 0x0000000789800000|100%|HS|  |TAMS 0x0000000789600000| PB 0x0000000789600000| Untracked |  0
|1071|0x0000000789800000, 0x0000000789a00000, 0x0000000789a00000|100%|HC|  |TAMS 0x0000000789800000| PB 0x0000000789800000| Untracked |  0
|1072|0x0000000789a00000, 0x0000000789c00000, 0x0000000789c00000|100%|HS|  |TAMS 0x0000000789a00000| PB 0x0000000789a00000| Untracked |  0
|1073|0x0000000789c00000, 0x0000000789e00000, 0x0000000789e00000|100%|HC|  |TAMS 0x0000000789c00000| PB 0x0000000789c00000| Untracked |  0
|1074|0x0000000789e00000, 0x000000078a000000, 0x000000078a000000|100%|HS|  |TAMS 0x0000000789e00000| PB 0x0000000789e00000| Untracked |  0
|1075|0x000000078a000000, 0x000000078a200000, 0x000000078a200000|100%|HC|  |TAMS 0x000000078a000000| PB 0x000000078a000000| Untracked |  0
|1076|0x000000078a200000, 0x000000078a400000, 0x000000078a400000|100%|HS|  |TAMS 0x000000078a200000| PB 0x000000078a200000| Untracked |  0
|1077|0x000000078a400000, 0x000000078a600000, 0x000000078a600000|100%|HC|  |TAMS 0x000000078a400000| PB 0x000000078a400000| Untracked |  0
|1078|0x000000078a600000, 0x000000078a800000, 0x000000078a800000|100%|HS|  |TAMS 0x000000078a600000| PB 0x000000078a600000| Untracked |  0
|1079|0x000000078a800000, 0x000000078aa00000, 0x000000078aa00000|100%|HC|  |TAMS 0x000000078a800000| PB 0x000000078a800000| Untracked |  0
|1080|0x000000078aa00000, 0x000000078ac00000, 0x000000078ac00000|100%|HS|  |TAMS 0x000000078aa00000| PB 0x000000078aa00000| Untracked |  0
|1081|0x000000078ac00000, 0x000000078ae00000, 0x000000078ae00000|100%|HC|  |TAMS 0x000000078ac00000| PB 0x000000078ac00000| Untracked |  0
|1082|0x000000078ae00000, 0x000000078b000000, 0x000000078b000000|100%|HS|  |TAMS 0x000000078ae00000| PB 0x000000078ae00000| Untracked |  0
|1083|0x000000078b000000, 0x000000078b200000, 0x000000078b200000|100%|HC|  |TAMS 0x000000078b000000| PB 0x000000078b000000| Untracked |  0
|1084|0x000000078b200000, 0x000000078b400000, 0x000000078b400000|100%|HS|  |TAMS 0x000000078b200000| PB 0x000000078b200000| Untracked |  0
|1085|0x000000078b400000, 0x000000078b600000, 0x000000078b600000|100%|HC|  |TAMS 0x000000078b400000| PB 0x000000078b400000| Untracked |  0
|1086|0x000000078b600000, 0x000000078b800000, 0x000000078b800000|100%|HS|  |TAMS 0x000000078b600000| PB 0x000000078b600000| Untracked |  0
|1087|0x000000078b800000, 0x000000078ba00000, 0x000000078ba00000|100%|HC|  |TAMS 0x000000078b800000| PB 0x000000078b800000| Untracked |  0
|1088|0x000000078ba00000, 0x000000078bc00000, 0x000000078bc00000|100%|HS|  |TAMS 0x000000078ba00000| PB 0x000000078ba00000| Untracked |  0
|1089|0x000000078bc00000, 0x000000078be00000, 0x000000078be00000|100%|HC|  |TAMS 0x000000078bc00000| PB 0x000000078bc00000| Untracked |  0
|1090|0x000000078be00000, 0x000000078c000000, 0x000000078c000000|100%|HS|  |TAMS 0x000000078be00000| PB 0x000000078be00000| Untracked |  0
|1091|0x000000078c000000, 0x000000078c200000, 0x000000078c200000|100%|HC|  |TAMS 0x000000078c000000| PB 0x000000078c000000| Untracked |  0
|1092|0x000000078c200000, 0x000000078c400000, 0x000000078c400000|100%|HS|  |TAMS 0x000000078c200000| PB 0x000000078c200000| Untracked |  0
|1093|0x000000078c400000, 0x000000078c600000, 0x000000078c600000|100%|HC|  |TAMS 0x000000078c400000| PB 0x000000078c400000| Untracked |  0
|1094|0x000000078c600000, 0x000000078c800000, 0x000000078c800000|100%|HS|  |TAMS 0x000000078c600000| PB 0x000000078c600000| Untracked |  0
|1095|0x000000078c800000, 0x000000078ca00000, 0x000000078ca00000|100%|HC|  |TAMS 0x000000078c800000| PB 0x000000078c800000| Untracked |  0
|1096|0x000000078ca00000, 0x000000078cc00000, 0x000000078cc00000|100%|HS|  |TAMS 0x000000078ca00000| PB 0x000000078ca00000| Untracked |  0
|1097|0x000000078cc00000, 0x000000078ce00000, 0x000000078ce00000|100%|HC|  |TAMS 0x000000078cc00000| PB 0x000000078cc00000| Untracked |  0
|1098|0x000000078ce00000, 0x000000078d000000, 0x000000078d000000|100%|HS|  |TAMS 0x000000078ce00000| PB 0x000000078ce00000| Untracked |  0
|1099|0x000000078d000000, 0x000000078d200000, 0x000000078d200000|100%|HC|  |TAMS 0x000000078d000000| PB 0x000000078d000000| Untracked |  0
|1100|0x000000078d200000, 0x000000078d400000, 0x000000078d400000|100%|HS|  |TAMS 0x000000078d200000| PB 0x000000078d200000| Untracked |  0
|1101|0x000000078d400000, 0x000000078d600000, 0x000000078d600000|100%|HC|  |TAMS 0x000000078d400000| PB 0x000000078d400000| Untracked |  0
|1102|0x000000078d600000, 0x000000078d800000, 0x000000078d800000|100%|HS|  |TAMS 0x000000078d600000| PB 0x000000078d600000| Untracked |  0
|1103|0x000000078d800000, 0x000000078da00000, 0x000000078da00000|100%|HC|  |TAMS 0x000000078d800000| PB 0x000000078d800000| Untracked |  0
|1104|0x000000078da00000, 0x000000078dc00000, 0x000000078dc00000|100%|HS|  |TAMS 0x000000078da00000| PB 0x000000078da00000| Untracked |  0
|1105|0x000000078dc00000, 0x000000078de00000, 0x000000078de00000|100%|HC|  |TAMS 0x000000078dc00000| PB 0x000000078dc00000| Untracked |  0
|1106|0x000000078de00000, 0x000000078e000000, 0x000000078e000000|100%|HS|  |TAMS 0x000000078de00000| PB 0x000000078de00000| Untracked |  0
|1107|0x000000078e000000, 0x000000078e200000, 0x000000078e200000|100%|HC|  |TAMS 0x000000078e000000| PB 0x000000078e000000| Untracked |  0
|1108|0x000000078e200000, 0x000000078e400000, 0x000000078e400000|100%|HS|  |TAMS 0x000000078e200000| PB 0x000000078e200000| Untracked |  0
|1109|0x000000078e400000, 0x000000078e600000, 0x000000078e600000|100%|HC|  |TAMS 0x000000078e400000| PB 0x000000078e400000| Untracked |  0
|1110|0x000000078e600000, 0x000000078e800000, 0x000000078e800000|100%|HS|  |TAMS 0x000000078e600000| PB 0x000000078e600000| Untracked |  0
|1111|0x000000078e800000, 0x000000078ea00000, 0x000000078ea00000|100%|HC|  |TAMS 0x000000078e800000| PB 0x000000078e800000| Untracked |  0
|1112|0x000000078ea00000, 0x000000078ec00000, 0x000000078ec00000|100%|HS|  |TAMS 0x000000078ea00000| PB 0x000000078ea00000| Untracked |  0
|1113|0x000000078ec00000, 0x000000078ee00000, 0x000000078ee00000|100%|HC|  |TAMS 0x000000078ec00000| PB 0x000000078ec00000| Untracked |  0
|1114|0x000000078ee00000, 0x000000078f000000, 0x000000078f000000|100%|HS|  |TAMS 0x000000078ee00000| PB 0x000000078ee00000| Untracked |  0
|1115|0x000000078f000000, 0x000000078f200000, 0x000000078f200000|100%|HC|  |TAMS 0x000000078f000000| PB 0x000000078f000000| Untracked |  0
|1116|0x000000078f200000, 0x000000078f400000, 0x000000078f400000|100%|HS|  |TAMS 0x000000078f200000| PB 0x000000078f200000| Untracked |  0
|1117|0x000000078f400000, 0x000000078f600000, 0x000000078f600000|100%|HC|  |TAMS 0x000000078f400000| PB 0x000000078f400000| Untracked |  0
|1118|0x000000078f600000, 0x000000078f800000, 0x000000078f800000|100%|HS|  |TAMS 0x000000078f600000| PB 0x000000078f600000| Untracked |  0
|1119|0x000000078f800000, 0x000000078fa00000, 0x000000078fa00000|100%|HC|  |TAMS 0x000000078f800000| PB 0x000000078f800000| Untracked |  0
|1120|0x000000078fa00000, 0x000000078fc00000, 0x000000078fc00000|100%|HS|  |TAMS 0x000000078fa00000| PB 0x000000078fa00000| Untracked |  0
|1121|0x000000078fc00000, 0x000000078fe00000, 0x000000078fe00000|100%|HC|  |TAMS 0x000000078fc00000| PB 0x000000078fc00000| Untracked |  0
|1122|0x000000078fe00000, 0x0000000790000000, 0x0000000790000000|100%|HS|  |TAMS 0x000000078fe00000| PB 0x000000078fe00000| Untracked |  0
|1123|0x0000000790000000, 0x0000000790200000, 0x0000000790200000|100%|HC|  |TAMS 0x0000000790000000| PB 0x0000000790000000| Untracked |  0
|1124|0x0000000790200000, 0x0000000790400000, 0x0000000790400000|100%|HS|  |TAMS 0x0000000790200000| PB 0x0000000790200000| Untracked |  0
|1125|0x0000000790400000, 0x0000000790600000, 0x0000000790600000|100%|HC|  |TAMS 0x0000000790400000| PB 0x0000000790400000| Untracked |  0
|1126|0x0000000790600000, 0x0000000790800000, 0x0000000790800000|100%|HS|  |TAMS 0x0000000790600000| PB 0x0000000790600000| Untracked |  0
|1127|0x0000000790800000, 0x0000000790a00000, 0x0000000790a00000|100%|HC|  |TAMS 0x0000000790800000| PB 0x0000000790800000| Untracked |  0
|1128|0x0000000790a00000, 0x0000000790c00000, 0x0000000790c00000|100%|HS|  |TAMS 0x0000000790a00000| PB 0x0000000790a00000| Untracked |  0
|1129|0x0000000790c00000, 0x0000000790e00000, 0x0000000790e00000|100%|HC|  |TAMS 0x0000000790c00000| PB 0x0000000790c00000| Untracked |  0
|1130|0x0000000790e00000, 0x0000000791000000, 0x0000000791000000|100%|HS|  |TAMS 0x0000000790e00000| PB 0x0000000790e00000| Untracked |  0
|1131|0x0000000791000000, 0x0000000791200000, 0x0000000791200000|100%|HC|  |TAMS 0x0000000791000000| PB 0x0000000791000000| Untracked |  0
|1132|0x0000000791200000, 0x0000000791400000, 0x0000000791400000|100%|HS|  |TAMS 0x0000000791200000| PB 0x0000000791200000| Untracked |  0
|1133|0x0000000791400000, 0x0000000791600000, 0x0000000791600000|100%|HC|  |TAMS 0x0000000791400000| PB 0x0000000791400000| Untracked |  0
|1134|0x0000000791600000, 0x0000000791800000, 0x0000000791800000|100%|HS|  |TAMS 0x0000000791600000| PB 0x0000000791600000| Untracked |  0
|1135|0x0000000791800000, 0x0000000791a00000, 0x0000000791a00000|100%|HC|  |TAMS 0x0000000791800000| PB 0x0000000791800000| Untracked |  0
|1136|0x0000000791a00000, 0x0000000791c00000, 0x0000000791c00000|100%|HS|  |TAMS 0x0000000791a00000| PB 0x0000000791a00000| Untracked |  0
|1137|0x0000000791c00000, 0x0000000791e00000, 0x0000000791e00000|100%|HC|  |TAMS 0x0000000791c00000| PB 0x0000000791c00000| Untracked |  0
|1138|0x0000000791e00000, 0x0000000792000000, 0x0000000792000000|100%|HS|  |TAMS 0x0000000791e00000| PB 0x0000000791e00000| Untracked |  0
|1139|0x0000000792000000, 0x0000000792200000, 0x0000000792200000|100%|HC|  |TAMS 0x0000000792000000| PB 0x0000000792000000| Untracked |  0
|1140|0x0000000792200000, 0x0000000792400000, 0x0000000792400000|100%|HS|  |TAMS 0x0000000792200000| PB 0x0000000792200000| Untracked |  0
|1141|0x0000000792400000, 0x0000000792600000, 0x0000000792600000|100%|HC|  |TAMS 0x0000000792400000| PB 0x0000000792400000| Untracked |  0
|1142|0x0000000792600000, 0x0000000792800000, 0x0000000792800000|100%|HS|  |TAMS 0x0000000792600000| PB 0x0000000792600000| Untracked |  0
|1143|0x0000000792800000, 0x0000000792a00000, 0x0000000792a00000|100%|HC|  |TAMS 0x0000000792800000| PB 0x0000000792800000| Untracked |  0
|1144|0x0000000792a00000, 0x0000000792c00000, 0x0000000792c00000|100%|HS|  |TAMS 0x0000000792a00000| PB 0x0000000792a00000| Untracked |  0
|1145|0x0000000792c00000, 0x0000000792e00000, 0x0000000792e00000|100%|HS|  |TAMS 0x0000000792c00000| PB 0x0000000792c00000| Untracked |  0
|1146|0x0000000792e00000, 0x0000000793000000, 0x0000000793000000|100%|HS|  |TAMS 0x0000000792e00000| PB 0x0000000792e00000| Untracked |  0
|1147|0x0000000793000000, 0x0000000793200000, 0x0000000793200000|100%|HC|  |TAMS 0x0000000793000000| PB 0x0000000793000000| Untracked |  0
|1148|0x0000000793200000, 0x0000000793400000, 0x0000000793400000|100%|HS|  |TAMS 0x0000000793200000| PB 0x0000000793200000| Untracked |  0
|1149|0x0000000793400000, 0x0000000793600000, 0x0000000793600000|100%|HC|  |TAMS 0x0000000793400000| PB 0x0000000793400000| Untracked |  0
|1150|0x0000000793600000, 0x0000000793800000, 0x0000000793800000|100%|HS|  |TAMS 0x0000000793600000| PB 0x0000000793600000| Untracked |  0
|1151|0x0000000793800000, 0x0000000793a00000, 0x0000000793a00000|100%|HC|  |TAMS 0x0000000793800000| PB 0x0000000793800000| Untracked |  0
|1152|0x0000000793a00000, 0x0000000793c00000, 0x0000000793c00000|100%|HS|  |TAMS 0x0000000793a00000| PB 0x0000000793a00000| Untracked |  0
|1153|0x0000000793c00000, 0x0000000793e00000, 0x0000000793e00000|100%|HC|  |TAMS 0x0000000793c00000| PB 0x0000000793c00000| Untracked |  0
|1154|0x0000000793e00000, 0x0000000794000000, 0x0000000794000000|100%|HS|  |TAMS 0x0000000793e00000| PB 0x0000000793e00000| Untracked |  0
|1155|0x0000000794000000, 0x0000000794200000, 0x0000000794200000|100%|HC|  |TAMS 0x0000000794000000| PB 0x0000000794000000| Untracked |  0
|1156|0x0000000794200000, 0x0000000794400000, 0x0000000794400000|100%|HS|  |TAMS 0x0000000794200000| PB 0x0000000794200000| Untracked |  0
|1157|0x0000000794400000, 0x0000000794600000, 0x0000000794600000|100%|HC|  |TAMS 0x0000000794400000| PB 0x0000000794400000| Untracked |  0
|1158|0x0000000794600000, 0x0000000794800000, 0x0000000794800000|100%|HS|  |TAMS 0x0000000794600000| PB 0x0000000794600000| Untracked |  0
|1159|0x0000000794800000, 0x0000000794a00000, 0x0000000794a00000|100%|HC|  |TAMS 0x0000000794800000| PB 0x0000000794800000| Untracked |  0
|1160|0x0000000794a00000, 0x0000000794c00000, 0x0000000794c00000|100%|HS|  |TAMS 0x0000000794a00000| PB 0x0000000794a00000| Untracked |  0
|1161|0x0000000794c00000, 0x0000000794e00000, 0x0000000794e00000|100%|HC|  |TAMS 0x0000000794c00000| PB 0x0000000794c00000| Untracked |  0
|1162|0x0000000794e00000, 0x0000000795000000, 0x0000000795000000|100%|HS|  |TAMS 0x0000000794e00000| PB 0x0000000794e00000| Untracked |  0
|1163|0x0000000795000000, 0x0000000795200000, 0x0000000795200000|100%|HC|  |TAMS 0x0000000795000000| PB 0x0000000795000000| Untracked |  0
|1164|0x0000000795200000, 0x0000000795400000, 0x0000000795400000|100%|HS|  |TAMS 0x0000000795200000| PB 0x0000000795200000| Untracked |  0
|1165|0x0000000795400000, 0x0000000795600000, 0x0000000795600000|100%|HC|  |TAMS 0x0000000795400000| PB 0x0000000795400000| Untracked |  0
|1166|0x0000000795600000, 0x0000000795800000, 0x0000000795800000|100%|HS|  |TAMS 0x0000000795600000| PB 0x0000000795600000| Untracked |  0
|1167|0x0000000795800000, 0x0000000795a00000, 0x0000000795a00000|100%|HC|  |TAMS 0x0000000795800000| PB 0x0000000795800000| Untracked |  0
|1168|0x0000000795a00000, 0x0000000795c00000, 0x0000000795c00000|100%|HS|  |TAMS 0x0000000795a00000| PB 0x0000000795a00000| Untracked |  0
|1169|0x0000000795c00000, 0x0000000795e00000, 0x0000000795e00000|100%|HC|  |TAMS 0x0000000795c00000| PB 0x0000000795c00000| Untracked |  0
|1170|0x0000000795e00000, 0x0000000796000000, 0x0000000796000000|100%|HS|  |TAMS 0x0000000795e00000| PB 0x0000000795e00000| Untracked |  0
|1171|0x0000000796000000, 0x0000000796200000, 0x0000000796200000|100%|HC|  |TAMS 0x0000000796000000| PB 0x0000000796000000| Untracked |  0
|1172|0x0000000796200000, 0x0000000796400000, 0x0000000796400000|100%|HS|  |TAMS 0x0000000796200000| PB 0x0000000796200000| Untracked |  0
|1173|0x0000000796400000, 0x0000000796600000, 0x0000000796600000|100%|HC|  |TAMS 0x0000000796400000| PB 0x0000000796400000| Untracked |  0
|1174|0x0000000796600000, 0x0000000796800000, 0x0000000796800000|100%|HS|  |TAMS 0x0000000796600000| PB 0x0000000796600000| Untracked |  0
|1175|0x0000000796800000, 0x0000000796a00000, 0x0000000796a00000|100%|HC|  |TAMS 0x0000000796800000| PB 0x0000000796800000| Untracked |  0
|1176|0x0000000796a00000, 0x0000000796c00000, 0x0000000796c00000|100%|HS|  |TAMS 0x0000000796a00000| PB 0x0000000796a00000| Untracked |  0
|1177|0x0000000796c00000, 0x0000000796e00000, 0x0000000796e00000|100%|HC|  |TAMS 0x0000000796c00000| PB 0x0000000796c00000| Untracked |  0
|1178|0x0000000796e00000, 0x0000000797000000, 0x0000000797000000|100%|HS|  |TAMS 0x0000000796e00000| PB 0x0000000796e00000| Untracked |  0
|1179|0x0000000797000000, 0x0000000797200000, 0x0000000797200000|100%|HC|  |TAMS 0x0000000797000000| PB 0x0000000797000000| Untracked |  0
|1180|0x0000000797200000, 0x0000000797400000, 0x0000000797400000|100%|HS|  |TAMS 0x0000000797200000| PB 0x0000000797200000| Untracked |  0
|1181|0x0000000797400000, 0x0000000797600000, 0x0000000797600000|100%|HC|  |TAMS 0x0000000797400000| PB 0x0000000797400000| Untracked |  0
|1182|0x0000000797600000, 0x0000000797800000, 0x0000000797800000|100%|HS|  |TAMS 0x0000000797600000| PB 0x0000000797600000| Untracked |  0
|1183|0x0000000797800000, 0x0000000797a00000, 0x0000000797a00000|100%|HC|  |TAMS 0x0000000797800000| PB 0x0000000797800000| Untracked |  0
|1184|0x0000000797a00000, 0x0000000797c00000, 0x0000000797c00000|100%|HS|  |TAMS 0x0000000797a00000| PB 0x0000000797a00000| Untracked |  0
|1185|0x0000000797c00000, 0x0000000797e00000, 0x0000000797e00000|100%|HC|  |TAMS 0x0000000797c00000| PB 0x0000000797c00000| Untracked |  0
|1186|0x0000000797e00000, 0x0000000798000000, 0x0000000798000000|100%|HS|  |TAMS 0x0000000797e00000| PB 0x0000000797e00000| Untracked |  0
|1187|0x0000000798000000, 0x0000000798200000, 0x0000000798200000|100%|HC|  |TAMS 0x0000000798000000| PB 0x0000000798000000| Untracked |  0
|1188|0x0000000798200000, 0x0000000798400000, 0x0000000798400000|100%|HS|  |TAMS 0x0000000798200000| PB 0x0000000798200000| Untracked |  0
|1189|0x0000000798400000, 0x0000000798600000, 0x0000000798600000|100%|HC|  |TAMS 0x0000000798400000| PB 0x0000000798400000| Untracked |  0
|1190|0x0000000798600000, 0x0000000798800000, 0x0000000798800000|100%|HS|  |TAMS 0x0000000798600000| PB 0x0000000798600000| Untracked |  0
|1191|0x0000000798800000, 0x0000000798a00000, 0x0000000798a00000|100%|HC|  |TAMS 0x0000000798800000| PB 0x0000000798800000| Untracked |  0
|1192|0x0000000798a00000, 0x0000000798c00000, 0x0000000798c00000|100%|HS|  |TAMS 0x0000000798a00000| PB 0x0000000798a00000| Untracked |  0
|1193|0x0000000798c00000, 0x0000000798e00000, 0x0000000798e00000|100%|HC|  |TAMS 0x0000000798c00000| PB 0x0000000798c00000| Untracked |  0
|1194|0x0000000798e00000, 0x0000000799000000, 0x0000000799000000|100%|HS|  |TAMS 0x0000000798e00000| PB 0x0000000798e00000| Untracked |  0
|1195|0x0000000799000000, 0x0000000799200000, 0x0000000799200000|100%|HC|  |TAMS 0x0000000799000000| PB 0x0000000799000000| Untracked |  0
|1196|0x0000000799200000, 0x0000000799400000, 0x0000000799400000|100%|HS|  |TAMS 0x0000000799200000| PB 0x0000000799200000| Untracked |  0
|1197|0x0000000799400000, 0x0000000799600000, 0x0000000799600000|100%|HC|  |TAMS 0x0000000799400000| PB 0x0000000799400000| Untracked |  0
|1198|0x0000000799600000, 0x0000000799800000, 0x0000000799800000|100%|HS|  |TAMS 0x0000000799600000| PB 0x0000000799600000| Untracked |  0
|1199|0x0000000799800000, 0x0000000799a00000, 0x0000000799a00000|100%|HC|  |TAMS 0x0000000799800000| PB 0x0000000799800000| Untracked |  0
|1200|0x0000000799a00000, 0x0000000799c00000, 0x0000000799c00000|100%|HS|  |TAMS 0x0000000799a00000| PB 0x0000000799a00000| Untracked |  0
|1201|0x0000000799c00000, 0x0000000799e00000, 0x0000000799e00000|100%|HC|  |TAMS 0x0000000799c00000| PB 0x0000000799c00000| Untracked |  0
|1202|0x0000000799e00000, 0x000000079a000000, 0x000000079a000000|100%|HS|  |TAMS 0x0000000799e00000| PB 0x0000000799e00000| Untracked |  0
|1203|0x000000079a000000, 0x000000079a200000, 0x000000079a200000|100%|HC|  |TAMS 0x000000079a000000| PB 0x000000079a000000| Untracked |  0
|1204|0x000000079a200000, 0x000000079a400000, 0x000000079a400000|100%|HS|  |TAMS 0x000000079a200000| PB 0x000000079a200000| Untracked |  0
|1205|0x000000079a400000, 0x000000079a600000, 0x000000079a600000|100%|HC|  |TAMS 0x000000079a400000| PB 0x000000079a400000| Untracked |  0
|1206|0x000000079a600000, 0x000000079a800000, 0x000000079a800000|100%|HS|  |TAMS 0x000000079a600000| PB 0x000000079a600000| Untracked |  0
|1207|0x000000079a800000, 0x000000079aa00000, 0x000000079aa00000|100%|HC|  |TAMS 0x000000079a800000| PB 0x000000079a800000| Untracked |  0
|1208|0x000000079aa00000, 0x000000079ac00000, 0x000000079ac00000|100%|HS|  |TAMS 0x000000079aa00000| PB 0x000000079aa00000| Untracked |  0
|1209|0x000000079ac00000, 0x000000079ae00000, 0x000000079ae00000|100%|HC|  |TAMS 0x000000079ac00000| PB 0x000000079ac00000| Untracked |  0
|1210|0x000000079ae00000, 0x000000079b000000, 0x000000079b000000|100%|HS|  |TAMS 0x000000079ae00000| PB 0x000000079ae00000| Untracked |  0
|1211|0x000000079b000000, 0x000000079b200000, 0x000000079b200000|100%|HC|  |TAMS 0x000000079b000000| PB 0x000000079b000000| Untracked |  0
|1212|0x000000079b200000, 0x000000079b400000, 0x000000079b400000|100%|HS|  |TAMS 0x000000079b200000| PB 0x000000079b200000| Untracked |  0
|1213|0x000000079b400000, 0x000000079b600000, 0x000000079b600000|100%|HC|  |TAMS 0x000000079b400000| PB 0x000000079b400000| Untracked |  0
|1214|0x000000079b600000, 0x000000079b800000, 0x000000079b800000|100%|HS|  |TAMS 0x000000079b600000| PB 0x000000079b600000| Untracked |  0
|1215|0x000000079b800000, 0x000000079ba00000, 0x000000079ba00000|100%|HC|  |TAMS 0x000000079b800000| PB 0x000000079b800000| Untracked |  0
|1216|0x000000079ba00000, 0x000000079bc00000, 0x000000079bc00000|100%|HS|  |TAMS 0x000000079ba00000| PB 0x000000079ba00000| Untracked |  0
|1217|0x000000079bc00000, 0x000000079be00000, 0x000000079be00000|100%|HC|  |TAMS 0x000000079bc00000| PB 0x000000079bc00000| Untracked |  0
|1218|0x000000079be00000, 0x000000079c000000, 0x000000079c000000|100%|HS|  |TAMS 0x000000079be00000| PB 0x000000079be00000| Untracked |  0
|1219|0x000000079c000000, 0x000000079c200000, 0x000000079c200000|100%|HC|  |TAMS 0x000000079c000000| PB 0x000000079c000000| Untracked |  0
|1220|0x000000079c200000, 0x000000079c400000, 0x000000079c400000|100%|HS|  |TAMS 0x000000079c200000| PB 0x000000079c200000| Untracked |  0
|1221|0x000000079c400000, 0x000000079c600000, 0x000000079c600000|100%|HC|  |TAMS 0x000000079c400000| PB 0x000000079c400000| Untracked |  0
|1222|0x000000079c600000, 0x000000079c800000, 0x000000079c800000|100%|HS|  |TAMS 0x000000079c600000| PB 0x000000079c600000| Untracked |  0
|1223|0x000000079c800000, 0x000000079ca00000, 0x000000079ca00000|100%|HC|  |TAMS 0x000000079c800000| PB 0x000000079c800000| Untracked |  0
|1224|0x000000079ca00000, 0x000000079cc00000, 0x000000079cc00000|100%|HS|  |TAMS 0x000000079ca00000| PB 0x000000079ca00000| Untracked |  0
|1225|0x000000079cc00000, 0x000000079ce00000, 0x000000079ce00000|100%|HC|  |TAMS 0x000000079cc00000| PB 0x000000079cc00000| Untracked |  0
|1226|0x000000079ce00000, 0x000000079d000000, 0x000000079d000000|100%|HS|  |TAMS 0x000000079ce00000| PB 0x000000079ce00000| Untracked |  0
|1227|0x000000079d000000, 0x000000079d200000, 0x000000079d200000|100%|HC|  |TAMS 0x000000079d000000| PB 0x000000079d000000| Untracked |  0
|1228|0x000000079d200000, 0x000000079d400000, 0x000000079d400000|100%|HS|  |TAMS 0x000000079d200000| PB 0x000000079d200000| Untracked |  0
|1229|0x000000079d400000, 0x000000079d600000, 0x000000079d600000|100%|HC|  |TAMS 0x000000079d400000| PB 0x000000079d400000| Untracked |  0
|1230|0x000000079d600000, 0x000000079d800000, 0x000000079d800000|100%|HS|  |TAMS 0x000000079d600000| PB 0x000000079d600000| Untracked |  0
|1231|0x000000079d800000, 0x000000079da00000, 0x000000079da00000|100%|HC|  |TAMS 0x000000079d800000| PB 0x000000079d800000| Untracked |  0
|1232|0x000000079da00000, 0x000000079dc00000, 0x000000079dc00000|100%|HS|  |TAMS 0x000000079da00000| PB 0x000000079da00000| Untracked |  0
|1233|0x000000079dc00000, 0x000000079de00000, 0x000000079de00000|100%|HC|  |TAMS 0x000000079dc00000| PB 0x000000079dc00000| Untracked |  0
|1234|0x000000079de00000, 0x000000079e000000, 0x000000079e000000|100%|HS|  |TAMS 0x000000079de00000| PB 0x000000079de00000| Untracked |  0
|1235|0x000000079e000000, 0x000000079e200000, 0x000000079e200000|100%|HC|  |TAMS 0x000000079e000000| PB 0x000000079e000000| Untracked |  0
|1236|0x000000079e200000, 0x000000079e400000, 0x000000079e400000|100%|HS|  |TAMS 0x000000079e200000| PB 0x000000079e200000| Untracked |  0
|1237|0x000000079e400000, 0x000000079e600000, 0x000000079e600000|100%|HC|  |TAMS 0x000000079e400000| PB 0x000000079e400000| Untracked |  0
|1238|0x000000079e600000, 0x000000079e800000, 0x000000079e800000|100%|HS|  |TAMS 0x000000079e600000| PB 0x000000079e600000| Untracked |  0
|1239|0x000000079e800000, 0x000000079ea00000, 0x000000079ea00000|100%|HC|  |TAMS 0x000000079e800000| PB 0x000000079e800000| Untracked |  0
|1240|0x000000079ea00000, 0x000000079ec00000, 0x000000079ec00000|100%|HS|  |TAMS 0x000000079ea00000| PB 0x000000079ea00000| Untracked |  0
|1241|0x000000079ec00000, 0x000000079ee00000, 0x000000079ee00000|100%|HC|  |TAMS 0x000000079ec00000| PB 0x000000079ec00000| Untracked |  0
|1242|0x000000079ee00000, 0x000000079efed610, 0x000000079f000000| 96%| O|  |TAMS 0x000000079ee00000| PB 0x000000079ee00000| Untracked |  0
|1243|0x000000079f000000, 0x000000079f1fa698, 0x000000079f200000| 98%| O|  |TAMS 0x000000079f000000| PB 0x000000079f000000| Untracked |  0
|1244|0x000000079f200000, 0x000000079f400000, 0x000000079f400000|100%|HS|  |TAMS 0x000000079f200000| PB 0x000000079f200000| Untracked |  0
|1245|0x000000079f400000, 0x000000079f600000, 0x000000079f600000|100%|HC|  |TAMS 0x000000079f400000| PB 0x000000079f400000| Untracked |  0
|1246|0x000000079f600000, 0x000000079f800000, 0x000000079f800000|100%|HS|  |TAMS 0x000000079f600000| PB 0x000000079f600000| Untracked |  0
|1247|0x000000079f800000, 0x000000079fa00000, 0x000000079fa00000|100%|HC|  |TAMS 0x000000079f800000| PB 0x000000079f800000| Untracked |  0
|1248|0x000000079fa00000, 0x000000079fc00000, 0x000000079fc00000|100%|HS|  |TAMS 0x000000079fa00000| PB 0x000000079fa00000| Untracked |  0
|1249|0x000000079fc00000, 0x000000079fe00000, 0x000000079fe00000|100%|HC|  |TAMS 0x000000079fc00000| PB 0x000000079fc00000| Untracked |  0
|1250|0x000000079fe00000, 0x00000007a0000000, 0x00000007a0000000|100%|HS|  |TAMS 0x000000079fe00000| PB 0x000000079fe00000| Untracked |  0
|1251|0x00000007a0000000, 0x00000007a0200000, 0x00000007a0200000|100%|HC|  |TAMS 0x00000007a0000000| PB 0x00000007a0000000| Untracked |  0
|1252|0x00000007a0200000, 0x00000007a0400000, 0x00000007a0400000|100%|HS|  |TAMS 0x00000007a0200000| PB 0x00000007a0200000| Untracked |  0
|1253|0x00000007a0400000, 0x00000007a0600000, 0x00000007a0600000|100%|HC|  |TAMS 0x00000007a0400000| PB 0x00000007a0400000| Untracked |  0
|1254|0x00000007a0600000, 0x00000007a0800000, 0x00000007a0800000|100%|HS|  |TAMS 0x00000007a0600000| PB 0x00000007a0600000| Untracked |  0
|1255|0x00000007a0800000, 0x00000007a0a00000, 0x00000007a0a00000|100%|HC|  |TAMS 0x00000007a0800000| PB 0x00000007a0800000| Untracked |  0
|1256|0x00000007a0a00000, 0x00000007a0c00000, 0x00000007a0c00000|100%|HS|  |TAMS 0x00000007a0a00000| PB 0x00000007a0a00000| Untracked |  0
|1257|0x00000007a0c00000, 0x00000007a0e00000, 0x00000007a0e00000|100%|HC|  |TAMS 0x00000007a0c00000| PB 0x00000007a0c00000| Untracked |  0
|1258|0x00000007a0e00000, 0x00000007a1000000, 0x00000007a1000000|100%|HS|  |TAMS 0x00000007a0e00000| PB 0x00000007a0e00000| Untracked |  0
|1259|0x00000007a1000000, 0x00000007a1200000, 0x00000007a1200000|100%|HC|  |TAMS 0x00000007a1000000| PB 0x00000007a1000000| Untracked |  0
|1260|0x00000007a1200000, 0x00000007a1400000, 0x00000007a1400000|100%|HS|  |TAMS 0x00000007a1200000| PB 0x00000007a1200000| Untracked |  0
|1261|0x00000007a1400000, 0x00000007a1600000, 0x00000007a1600000|100%|HC|  |TAMS 0x00000007a1400000| PB 0x00000007a1400000| Untracked |  0
|1262|0x00000007a1600000, 0x00000007a1800000, 0x00000007a1800000|100%|HS|  |TAMS 0x00000007a1600000| PB 0x00000007a1600000| Untracked |  0
|1263|0x00000007a1800000, 0x00000007a1a00000, 0x00000007a1a00000|100%|HC|  |TAMS 0x00000007a1800000| PB 0x00000007a1800000| Untracked |  0
|1264|0x00000007a1a00000, 0x00000007a1c00000, 0x00000007a1c00000|100%|HS|  |TAMS 0x00000007a1a00000| PB 0x00000007a1a00000| Untracked |  0
|1265|0x00000007a1c00000, 0x00000007a1e00000, 0x00000007a1e00000|100%|HC|  |TAMS 0x00000007a1c00000| PB 0x00000007a1c00000| Untracked |  0
|1266|0x00000007a1e00000, 0x00000007a2000000, 0x00000007a2000000|100%|HS|  |TAMS 0x00000007a1e00000| PB 0x00000007a1e00000| Untracked |  0
|1267|0x00000007a2000000, 0x00000007a2200000, 0x00000007a2200000|100%|HC|  |TAMS 0x00000007a2000000| PB 0x00000007a2000000| Untracked |  0
|1268|0x00000007a2200000, 0x00000007a2400000, 0x00000007a2400000|100%|HS|  |TAMS 0x00000007a2200000| PB 0x00000007a2200000| Untracked |  0
|1269|0x00000007a2400000, 0x00000007a2600000, 0x00000007a2600000|100%|HC|  |TAMS 0x00000007a2400000| PB 0x00000007a2400000| Untracked |  0
|1270|0x00000007a2600000, 0x00000007a2800000, 0x00000007a2800000|100%|HS|  |TAMS 0x00000007a2600000| PB 0x00000007a2600000| Untracked |  0
|1271|0x00000007a2800000, 0x00000007a2a00000, 0x00000007a2a00000|100%|HC|  |TAMS 0x00000007a2800000| PB 0x00000007a2800000| Untracked |  0
|1272|0x00000007a2a00000, 0x00000007a2c00000, 0x00000007a2c00000|100%|HS|  |TAMS 0x00000007a2a00000| PB 0x00000007a2a00000| Untracked |  0
|1273|0x00000007a2c00000, 0x00000007a2e00000, 0x00000007a2e00000|100%|HC|  |TAMS 0x00000007a2c00000| PB 0x00000007a2c00000| Untracked |  0
|1274|0x00000007a2e00000, 0x00000007a3000000, 0x00000007a3000000|100%|HS|  |TAMS 0x00000007a2e00000| PB 0x00000007a2e00000| Untracked |  0
|1275|0x00000007a3000000, 0x00000007a3200000, 0x00000007a3200000|100%|HC|  |TAMS 0x00000007a3000000| PB 0x00000007a3000000| Untracked |  0
|1276|0x00000007a3200000, 0x00000007a3400000, 0x00000007a3400000|100%|HS|  |TAMS 0x00000007a3200000| PB 0x00000007a3200000| Untracked |  0
|1277|0x00000007a3400000, 0x00000007a3600000, 0x00000007a3600000|100%|HC|  |TAMS 0x00000007a3400000| PB 0x00000007a3400000| Untracked |  0
|1278|0x00000007a3600000, 0x00000007a3800000, 0x00000007a3800000|100%|HS|  |TAMS 0x00000007a3600000| PB 0x00000007a3600000| Untracked |  0
|1279|0x00000007a3800000, 0x00000007a3a00000, 0x00000007a3a00000|100%|HC|  |TAMS 0x00000007a3800000| PB 0x00000007a3800000| Untracked |  0
|1280|0x00000007a3a00000, 0x00000007a3c00000, 0x00000007a3c00000|100%|HS|  |TAMS 0x00000007a3a00000| PB 0x00000007a3a00000| Untracked |  0
|1281|0x00000007a3c00000, 0x00000007a3e00000, 0x00000007a3e00000|100%|HC|  |TAMS 0x00000007a3c00000| PB 0x00000007a3c00000| Untracked |  0
|1282|0x00000007a3e00000, 0x00000007a4000000, 0x00000007a4000000|100%|HS|  |TAMS 0x00000007a3e00000| PB 0x00000007a3e00000| Untracked |  0
|1283|0x00000007a4000000, 0x00000007a4200000, 0x00000007a4200000|100%|HC|  |TAMS 0x00000007a4000000| PB 0x00000007a4000000| Untracked |  0
|1284|0x00000007a4200000, 0x00000007a4400000, 0x00000007a4400000|100%|HS|  |TAMS 0x00000007a4200000| PB 0x00000007a4200000| Untracked |  0
|1285|0x00000007a4400000, 0x00000007a4600000, 0x00000007a4600000|100%|HC|  |TAMS 0x00000007a4400000| PB 0x00000007a4400000| Untracked |  0
|1286|0x00000007a4600000, 0x00000007a4800000, 0x00000007a4800000|100%|HS|  |TAMS 0x00000007a4600000| PB 0x00000007a4600000| Untracked |  0
|1287|0x00000007a4800000, 0x00000007a4a00000, 0x00000007a4a00000|100%|HC|  |TAMS 0x00000007a4800000| PB 0x00000007a4800000| Untracked |  0
|1288|0x00000007a4a00000, 0x00000007a4c00000, 0x00000007a4c00000|100%|HS|  |TAMS 0x00000007a4a00000| PB 0x00000007a4a00000| Untracked |  0
|1289|0x00000007a4c00000, 0x00000007a4e00000, 0x00000007a4e00000|100%|HC|  |TAMS 0x00000007a4c00000| PB 0x00000007a4c00000| Untracked |  0
|1290|0x00000007a4e00000, 0x00000007a5000000, 0x00000007a5000000|100%|HS|  |TAMS 0x00000007a4e00000| PB 0x00000007a4e00000| Untracked |  0
|1291|0x00000007a5000000, 0x00000007a5200000, 0x00000007a5200000|100%|HC|  |TAMS 0x00000007a5000000| PB 0x00000007a5000000| Untracked |  0
|1292|0x00000007a5200000, 0x00000007a5400000, 0x00000007a5400000|100%|HS|  |TAMS 0x00000007a5200000| PB 0x00000007a5200000| Untracked |  0
|1293|0x00000007a5400000, 0x00000007a5600000, 0x00000007a5600000|100%|HC|  |TAMS 0x00000007a5400000| PB 0x00000007a5400000| Untracked |  0
|1294|0x00000007a5600000, 0x00000007a5800000, 0x00000007a5800000|100%|HS|  |TAMS 0x00000007a5600000| PB 0x00000007a5600000| Untracked |  0
|1295|0x00000007a5800000, 0x00000007a5a00000, 0x00000007a5a00000|100%|HC|  |TAMS 0x00000007a5800000| PB 0x00000007a5800000| Untracked |  0
|1296|0x00000007a5a00000, 0x00000007a5c00000, 0x00000007a5c00000|100%|HS|  |TAMS 0x00000007a5a00000| PB 0x00000007a5a00000| Untracked |  0
|1297|0x00000007a5c00000, 0x00000007a5e00000, 0x00000007a5e00000|100%|HC|  |TAMS 0x00000007a5c00000| PB 0x00000007a5c00000| Untracked |  0
|1298|0x00000007a5e00000, 0x00000007a5fe7218, 0x00000007a6000000| 95%| O|  |TAMS 0x00000007a5e00000| PB 0x00000007a5e00000| Untracked |  0
|1299|0x00000007a6000000, 0x00000007a61fff58, 0x00000007a6200000| 99%| O|  |TAMS 0x00000007a6000000| PB 0x00000007a6000000| Untracked |  0
|1300|0x00000007a6200000, 0x00000007a63f5f60, 0x00000007a6400000| 98%| O|  |TAMS 0x00000007a6200000| PB 0x00000007a6200000| Untracked |  0
|1301|0x00000007a6400000, 0x00000007a65ea6c0, 0x00000007a6600000| 95%| O|  |TAMS 0x00000007a6400000| PB 0x00000007a6400000| Untracked |  0
|1302|0x00000007a6600000, 0x00000007a6800000, 0x00000007a6800000|100%|HS|  |TAMS 0x00000007a6600000| PB 0x00000007a6600000| Untracked |  0
|1303|0x00000007a6800000, 0x00000007a6a00000, 0x00000007a6a00000|100%|HC|  |TAMS 0x00000007a6800000| PB 0x00000007a6800000| Untracked |  0
|1304|0x00000007a6a00000, 0x00000007a6c00000, 0x00000007a6c00000|100%|HS|  |TAMS 0x00000007a6a00000| PB 0x00000007a6a00000| Untracked |  0
|1305|0x00000007a6c00000, 0x00000007a6e00000, 0x00000007a6e00000|100%|HC|  |TAMS 0x00000007a6c00000| PB 0x00000007a6c00000| Untracked |  0
|1306|0x00000007a6e00000, 0x00000007a7000000, 0x00000007a7000000|100%|HS|  |TAMS 0x00000007a6e00000| PB 0x00000007a6e00000| Untracked |  0
|1307|0x00000007a7000000, 0x00000007a7200000, 0x00000007a7200000|100%|HC|  |TAMS 0x00000007a7000000| PB 0x00000007a7000000| Untracked |  0
|1308|0x00000007a7200000, 0x00000007a7400000, 0x00000007a7400000|100%|HS|  |TAMS 0x00000007a7200000| PB 0x00000007a7200000| Untracked |  0
|1309|0x00000007a7400000, 0x00000007a7600000, 0x00000007a7600000|100%|HC|  |TAMS 0x00000007a7400000| PB 0x00000007a7400000| Untracked |  0
|1310|0x00000007a7600000, 0x00000007a7800000, 0x00000007a7800000|100%|HS|  |TAMS 0x00000007a7600000| PB 0x00000007a7600000| Untracked |  0
|1311|0x00000007a7800000, 0x00000007a7a00000, 0x00000007a7a00000|100%|HC|  |TAMS 0x00000007a7800000| PB 0x00000007a7800000| Untracked |  0
|1312|0x00000007a7a00000, 0x00000007a7c00000, 0x00000007a7c00000|100%|HS|  |TAMS 0x00000007a7a00000| PB 0x00000007a7a00000| Untracked |  0
|1313|0x00000007a7c00000, 0x00000007a7e00000, 0x00000007a7e00000|100%|HC|  |TAMS 0x00000007a7c00000| PB 0x00000007a7c00000| Untracked |  0
|1314|0x00000007a7e00000, 0x00000007a8000000, 0x00000007a8000000|100%|HS|  |TAMS 0x00000007a7e00000| PB 0x00000007a7e00000| Untracked |  0
|1315|0x00000007a8000000, 0x00000007a8200000, 0x00000007a8200000|100%|HC|  |TAMS 0x00000007a8000000| PB 0x00000007a8000000| Untracked |  0
|1316|0x00000007a8200000, 0x00000007a8400000, 0x00000007a8400000|100%|HS|  |TAMS 0x00000007a8200000| PB 0x00000007a8200000| Untracked |  0
|1317|0x00000007a8400000, 0x00000007a8600000, 0x00000007a8600000|100%|HC|  |TAMS 0x00000007a8400000| PB 0x00000007a8400000| Untracked |  0
|1318|0x00000007a8600000, 0x00000007a8800000, 0x00000007a8800000|100%|HS|  |TAMS 0x00000007a8600000| PB 0x00000007a8600000| Untracked |  0
|1319|0x00000007a8800000, 0x00000007a8a00000, 0x00000007a8a00000|100%|HC|  |TAMS 0x00000007a8800000| PB 0x00000007a8800000| Untracked |  0
|1320|0x00000007a8a00000, 0x00000007a8be7a88, 0x00000007a8c00000| 95%| O|  |TAMS 0x00000007a8a00000| PB 0x00000007a8a00000| Untracked |  0
|1321|0x00000007a8c00000, 0x00000007a8e00000, 0x00000007a8e00000|100%|HS|  |TAMS 0x00000007a8c00000| PB 0x00000007a8c00000| Untracked |  0
|1322|0x00000007a8e00000, 0x00000007a9000000, 0x00000007a9000000|100%|HC|  |TAMS 0x00000007a8e00000| PB 0x00000007a8e00000| Untracked |  0
|1323|0x00000007a9000000, 0x00000007a9200000, 0x00000007a9200000|100%|HS|  |TAMS 0x00000007a9000000| PB 0x00000007a9000000| Untracked |  0
|1324|0x00000007a9200000, 0x00000007a9400000, 0x00000007a9400000|100%|HC|  |TAMS 0x00000007a9200000| PB 0x00000007a9200000| Untracked |  0
|1325|0x00000007a9400000, 0x00000007a9600000, 0x00000007a9600000|100%|HS|  |TAMS 0x00000007a9400000| PB 0x00000007a9400000| Untracked |  0
|1326|0x00000007a9600000, 0x00000007a9800000, 0x00000007a9800000|100%|HC|  |TAMS 0x00000007a9600000| PB 0x00000007a9600000| Untracked |  0
|1327|0x00000007a9800000, 0x00000007a9a00000, 0x00000007a9a00000|100%|HS|  |TAMS 0x00000007a9800000| PB 0x00000007a9800000| Untracked |  0
|1328|0x00000007a9a00000, 0x00000007a9c00000, 0x00000007a9c00000|100%|HC|  |TAMS 0x00000007a9a00000| PB 0x00000007a9a00000| Untracked |  0
|1329|0x00000007a9c00000, 0x00000007a9e00000, 0x00000007a9e00000|100%|HS|  |TAMS 0x00000007a9c00000| PB 0x00000007a9c00000| Untracked |  0
|1330|0x00000007a9e00000, 0x00000007aa000000, 0x00000007aa000000|100%|HC|  |TAMS 0x00000007a9e00000| PB 0x00000007a9e00000| Untracked |  0
|1331|0x00000007aa000000, 0x00000007aa200000, 0x00000007aa200000|100%|HS|  |TAMS 0x00000007aa000000| PB 0x00000007aa000000| Untracked |  0
|1332|0x00000007aa200000, 0x00000007aa400000, 0x00000007aa400000|100%|HC|  |TAMS 0x00000007aa200000| PB 0x00000007aa200000| Untracked |  0
|1333|0x00000007aa400000, 0x00000007aa600000, 0x00000007aa600000|100%|HS|  |TAMS 0x00000007aa400000| PB 0x00000007aa400000| Untracked |  0
|1334|0x00000007aa600000, 0x00000007aa800000, 0x00000007aa800000|100%|HC|  |TAMS 0x00000007aa600000| PB 0x00000007aa600000| Untracked |  0
|1335|0x00000007aa800000, 0x00000007aaa00000, 0x00000007aaa00000|100%|HS|  |TAMS 0x00000007aa800000| PB 0x00000007aa800000| Untracked |  0
|1336|0x00000007aaa00000, 0x00000007aac00000, 0x00000007aac00000|100%|HC|  |TAMS 0x00000007aaa00000| PB 0x00000007aaa00000| Untracked |  0
|1337|0x00000007aac00000, 0x00000007aae00000, 0x00000007aae00000|100%|HS|  |TAMS 0x00000007aac00000| PB 0x00000007aac00000| Untracked |  0
|1338|0x00000007aae00000, 0x00000007ab000000, 0x00000007ab000000|100%|HC|  |TAMS 0x00000007aae00000| PB 0x00000007aae00000| Untracked |  0
|1339|0x00000007ab000000, 0x00000007ab200000, 0x00000007ab200000|100%|HS|  |TAMS 0x00000007ab000000| PB 0x00000007ab000000| Untracked |  0
|1340|0x00000007ab200000, 0x00000007ab400000, 0x00000007ab400000|100%|HC|  |TAMS 0x00000007ab200000| PB 0x00000007ab200000| Untracked |  0
|1341|0x00000007ab400000, 0x00000007ab600000, 0x00000007ab600000|100%|HS|  |TAMS 0x00000007ab400000| PB 0x00000007ab400000| Untracked |  0
|1342|0x00000007ab600000, 0x00000007ab800000, 0x00000007ab800000|100%|HC|  |TAMS 0x00000007ab600000| PB 0x00000007ab600000| Untracked |  0
|1343|0x00000007ab800000, 0x00000007aba00000, 0x00000007aba00000|100%|HS|  |TAMS 0x00000007ab800000| PB 0x00000007ab800000| Untracked |  0
|1344|0x00000007aba00000, 0x00000007abc00000, 0x00000007abc00000|100%|HC|  |TAMS 0x00000007aba00000| PB 0x00000007aba00000| Untracked |  0
|1345|0x00000007abc00000, 0x00000007abe00000, 0x00000007abe00000|100%|HS|  |TAMS 0x00000007abc00000| PB 0x00000007abc00000| Untracked |  0
|1346|0x00000007abe00000, 0x00000007ac000000, 0x00000007ac000000|100%|HC|  |TAMS 0x00000007abe00000| PB 0x00000007abe00000| Untracked |  0
|1347|0x00000007ac000000, 0x00000007ac200000, 0x00000007ac200000|100%|HS|  |TAMS 0x00000007ac000000| PB 0x00000007ac000000| Untracked |  0
|1348|0x00000007ac200000, 0x00000007ac400000, 0x00000007ac400000|100%|HC|  |TAMS 0x00000007ac200000| PB 0x00000007ac200000| Untracked |  0
|1349|0x00000007ac400000, 0x00000007ac600000, 0x00000007ac600000|100%|HS|  |TAMS 0x00000007ac400000| PB 0x00000007ac400000| Untracked |  0
|1350|0x00000007ac600000, 0x00000007ac800000, 0x00000007ac800000|100%|HC|  |TAMS 0x00000007ac600000| PB 0x00000007ac600000| Untracked |  0
|1351|0x00000007ac800000, 0x00000007aca00000, 0x00000007aca00000|100%|HS|  |TAMS 0x00000007ac800000| PB 0x00000007ac800000| Untracked |  0
|1352|0x00000007aca00000, 0x00000007acc00000, 0x00000007acc00000|100%|HC|  |TAMS 0x00000007aca00000| PB 0x00000007aca00000| Untracked |  0
|1353|0x00000007acc00000, 0x00000007ace00000, 0x00000007ace00000|100%|HS|  |TAMS 0x00000007acc00000| PB 0x00000007acc00000| Untracked |  0
|1354|0x00000007ace00000, 0x00000007ad000000, 0x00000007ad000000|100%|HC|  |TAMS 0x00000007ace00000| PB 0x00000007ace00000| Untracked |  0
|1355|0x00000007ad000000, 0x00000007ad200000, 0x00000007ad200000|100%|HS|  |TAMS 0x00000007ad000000| PB 0x00000007ad000000| Untracked |  0
|1356|0x00000007ad200000, 0x00000007ad400000, 0x00000007ad400000|100%|HC|  |TAMS 0x00000007ad200000| PB 0x00000007ad200000| Untracked |  0
|1357|0x00000007ad400000, 0x00000007ad600000, 0x00000007ad600000|100%|HS|  |TAMS 0x00000007ad400000| PB 0x00000007ad400000| Untracked |  0
|1358|0x00000007ad600000, 0x00000007ad800000, 0x00000007ad800000|100%|HC|  |TAMS 0x00000007ad600000| PB 0x00000007ad600000| Untracked |  0
|1359|0x00000007ad800000, 0x00000007ada00000, 0x00000007ada00000|100%|HS|  |TAMS 0x00000007ad800000| PB 0x00000007ad800000| Untracked |  0
|1360|0x00000007ada00000, 0x00000007adc00000, 0x00000007adc00000|100%|HC|  |TAMS 0x00000007ada00000| PB 0x00000007ada00000| Untracked |  0
|1361|0x00000007adc00000, 0x00000007addeebc8, 0x00000007ade00000| 96%| O|  |TAMS 0x00000007adc00000| PB 0x00000007adc00000| Untracked |  0
|1362|0x00000007ade00000, 0x00000007ae000000, 0x00000007ae000000|100%|HS|  |TAMS 0x00000007ade00000| PB 0x00000007ade00000| Untracked |  0
|1363|0x00000007ae000000, 0x00000007ae200000, 0x00000007ae200000|100%|HC|  |TAMS 0x00000007ae000000| PB 0x00000007ae000000| Untracked |  0
|1364|0x00000007ae200000, 0x00000007ae400000, 0x00000007ae400000|100%|HS|  |TAMS 0x00000007ae200000| PB 0x00000007ae200000| Untracked |  0
|1365|0x00000007ae400000, 0x00000007ae600000, 0x00000007ae600000|100%|HC|  |TAMS 0x00000007ae400000| PB 0x00000007ae400000| Untracked |  0
|1366|0x00000007ae600000, 0x00000007ae800000, 0x00000007ae800000|100%|HS|  |TAMS 0x00000007ae600000| PB 0x00000007ae600000| Untracked |  0
|1367|0x00000007ae800000, 0x00000007aea00000, 0x00000007aea00000|100%|HC|  |TAMS 0x00000007ae800000| PB 0x00000007ae800000| Untracked |  0
|1368|0x00000007aea00000, 0x00000007aec00000, 0x00000007aec00000|100%|HS|  |TAMS 0x00000007aea00000| PB 0x00000007aea00000| Untracked |  0
|1369|0x00000007aec00000, 0x00000007aee00000, 0x00000007aee00000|100%|HC|  |TAMS 0x00000007aec00000| PB 0x00000007aec00000| Untracked |  0
|1370|0x00000007aee00000, 0x00000007af000000, 0x00000007af000000|100%|HS|  |TAMS 0x00000007aee00000| PB 0x00000007aee00000| Untracked |  0
|1371|0x00000007af000000, 0x00000007af200000, 0x00000007af200000|100%|HC|  |TAMS 0x00000007af000000| PB 0x00000007af000000| Untracked |  0
|1372|0x00000007af200000, 0x00000007af400000, 0x00000007af400000|100%|HS|  |TAMS 0x00000007af200000| PB 0x00000007af200000| Untracked |  0
|1373|0x00000007af400000, 0x00000007af600000, 0x00000007af600000|100%|HC|  |TAMS 0x00000007af400000| PB 0x00000007af400000| Untracked |  0
|1374|0x00000007af600000, 0x00000007af800000, 0x00000007af800000|100%|HS|  |TAMS 0x00000007af600000| PB 0x00000007af600000| Untracked |  0
|1375|0x00000007af800000, 0x00000007afa00000, 0x00000007afa00000|100%|HC|  |TAMS 0x00000007af800000| PB 0x00000007af800000| Untracked |  0
|1376|0x00000007afa00000, 0x00000007afc00000, 0x00000007afc00000|100%|HS|  |TAMS 0x00000007afa00000| PB 0x00000007afa00000| Untracked |  0
|1377|0x00000007afc00000, 0x00000007afe00000, 0x00000007afe00000|100%|HC|  |TAMS 0x00000007afc00000| PB 0x00000007afc00000| Untracked |  0
|1378|0x00000007afe00000, 0x00000007affea268, 0x00000007b0000000| 95%| O|  |TAMS 0x00000007afe00000| PB 0x00000007afe00000| Untracked |  0
|1379|0x00000007b0000000, 0x00000007b0200000, 0x00000007b0200000|100%|HS|  |TAMS 0x00000007b0000000| PB 0x00000007b0000000| Untracked |  0
|1380|0x00000007b0200000, 0x00000007b0400000, 0x00000007b0400000|100%|HC|  |TAMS 0x00000007b0200000| PB 0x00000007b0200000| Untracked |  0
|1381|0x00000007b0400000, 0x00000007b0600000, 0x00000007b0600000|100%|HS|  |TAMS 0x00000007b0400000| PB 0x00000007b0400000| Untracked |  0
|1382|0x00000007b0600000, 0x00000007b0800000, 0x00000007b0800000|100%|HC|  |TAMS 0x00000007b0600000| PB 0x00000007b0600000| Untracked |  0
|1383|0x00000007b0800000, 0x00000007b09ffec8, 0x00000007b0a00000| 99%| O|  |TAMS 0x00000007b0800000| PB 0x00000007b0800000| Untracked |  0
|1384|0x00000007b0a00000, 0x00000007b0befff8, 0x00000007b0c00000| 96%| O|  |TAMS 0x00000007b0a00000| PB 0x00000007b0a00000| Untracked |  0
|1385|0x00000007b0c00000, 0x00000007b0e00000, 0x00000007b0e00000|100%|HS|  |TAMS 0x00000007b0c00000| PB 0x00000007b0c00000| Untracked |  0
|1386|0x00000007b0e00000, 0x00000007b1000000, 0x00000007b1000000|100%|HC|  |TAMS 0x00000007b0e00000| PB 0x00000007b0e00000| Untracked |  0
|1387|0x00000007b1000000, 0x00000007b11ed138, 0x00000007b1200000| 96%| O|  |TAMS 0x00000007b1000000| PB 0x00000007b1000000| Untracked |  0
|1388|0x00000007b1200000, 0x00000007b13ec5b0, 0x00000007b1400000| 96%| O|  |TAMS 0x00000007b1200000| PB 0x00000007b1200000| Untracked |  0
|1389|0x00000007b1400000, 0x00000007b1600000, 0x00000007b1600000|100%|HS|  |TAMS 0x00000007b1400000| PB 0x00000007b1400000| Untracked |  0
|1390|0x00000007b1600000, 0x00000007b1800000, 0x00000007b1800000|100%|HC|  |TAMS 0x00000007b1600000| PB 0x00000007b1600000| Untracked |  0
|1391|0x00000007b1800000, 0x00000007b1a00000, 0x00000007b1a00000|100%|HS|  |TAMS 0x00000007b1800000| PB 0x00000007b1800000| Untracked |  0
|1392|0x00000007b1a00000, 0x00000007b1c00000, 0x00000007b1c00000|100%|HC|  |TAMS 0x00000007b1a00000| PB 0x00000007b1a00000| Untracked |  0
|1393|0x00000007b1c00000, 0x00000007b1dffea0, 0x00000007b1e00000| 99%| O|  |TAMS 0x00000007b1c00000| PB 0x00000007b1c00000| Untracked |  0
|1394|0x00000007b1e00000, 0x00000007b1fec5b0, 0x00000007b2000000| 96%| O|  |TAMS 0x00000007b1e00000| PB 0x00000007b1e00000| Untracked |  0
|1395|0x00000007b2000000, 0x00000007b2200000, 0x00000007b2200000|100%|HS|  |TAMS 0x00000007b2000000| PB 0x00000007b2000000| Untracked |  0
|1396|0x00000007b2200000, 0x00000007b2400000, 0x00000007b2400000|100%|HC|  |TAMS 0x00000007b2200000| PB 0x00000007b2200000| Untracked |  0
|1397|0x00000007b2400000, 0x00000007b2600000, 0x00000007b2600000|100%|HS|  |TAMS 0x00000007b2400000| PB 0x00000007b2400000| Untracked |  0
|1398|0x00000007b2600000, 0x00000007b2800000, 0x00000007b2800000|100%|HC|  |TAMS 0x00000007b2600000| PB 0x00000007b2600000| Untracked |  0
|1399|0x00000007b2800000, 0x00000007b2a00000, 0x00000007b2a00000|100%|HS|  |TAMS 0x00000007b2800000| PB 0x00000007b2800000| Untracked |  0
|1400|0x00000007b2a00000, 0x00000007b2c00000, 0x00000007b2c00000|100%|HC|  |TAMS 0x00000007b2a00000| PB 0x00000007b2a00000| Untracked |  0
|1401|0x00000007b2c00000, 0x00000007b2e00000, 0x00000007b2e00000|100%|HS|  |TAMS 0x00000007b2c00000| PB 0x00000007b2c00000| Untracked |  0
|1402|0x00000007b2e00000, 0x00000007b3000000, 0x00000007b3000000|100%|HC|  |TAMS 0x00000007b2e00000| PB 0x00000007b2e00000| Untracked |  0
|1403|0x00000007b3000000, 0x00000007b3200000, 0x00000007b3200000|100%|HS|  |TAMS 0x00000007b3000000| PB 0x00000007b3000000| Untracked |  0
|1404|0x00000007b3200000, 0x00000007b3400000, 0x00000007b3400000|100%|HC|  |TAMS 0x00000007b3200000| PB 0x00000007b3200000| Untracked |  0
|1405|0x00000007b3400000, 0x00000007b3600000, 0x00000007b3600000|100%|HS|  |TAMS 0x00000007b3400000| PB 0x00000007b3400000| Untracked |  0
|1406|0x00000007b3600000, 0x00000007b3800000, 0x00000007b3800000|100%|HC|  |TAMS 0x00000007b3600000| PB 0x00000007b3600000| Untracked |  0
|1407|0x00000007b3800000, 0x00000007b3a00000, 0x00000007b3a00000|100%|HS|  |TAMS 0x00000007b3800000| PB 0x00000007b3800000| Untracked |  0
|1408|0x00000007b3a00000, 0x00000007b3c00000, 0x00000007b3c00000|100%|HC|  |TAMS 0x00000007b3a00000| PB 0x00000007b3a00000| Untracked |  0
|1409|0x00000007b3c00000, 0x00000007b3e00000, 0x00000007b3e00000|100%|HS|  |TAMS 0x00000007b3c00000| PB 0x00000007b3c00000| Untracked |  0
|1410|0x00000007b3e00000, 0x00000007b4000000, 0x00000007b4000000|100%|HC|  |TAMS 0x00000007b3e00000| PB 0x00000007b3e00000| Untracked |  0
|1411|0x00000007b4000000, 0x00000007b4200000, 0x00000007b4200000|100%|HS|  |TAMS 0x00000007b4000000| PB 0x00000007b4000000| Untracked |  0
|1412|0x00000007b4200000, 0x00000007b4400000, 0x00000007b4400000|100%|HC|  |TAMS 0x00000007b4200000| PB 0x00000007b4200000| Untracked |  0
|1413|0x00000007b4400000, 0x00000007b4600000, 0x00000007b4600000|100%|HS|  |TAMS 0x00000007b4400000| PB 0x00000007b4400000| Untracked |  0
|1414|0x00000007b4600000, 0x00000007b4800000, 0x00000007b4800000|100%|HC|  |TAMS 0x00000007b4600000| PB 0x00000007b4600000| Untracked |  0
|1415|0x00000007b4800000, 0x00000007b4a00000, 0x00000007b4a00000|100%|HS|  |TAMS 0x00000007b4800000| PB 0x00000007b4800000| Untracked |  0
|1416|0x00000007b4a00000, 0x00000007b4c00000, 0x00000007b4c00000|100%|HC|  |TAMS 0x00000007b4a00000| PB 0x00000007b4a00000| Untracked |  0
|1417|0x00000007b4c00000, 0x00000007b4e00000, 0x00000007b4e00000|100%|HS|  |TAMS 0x00000007b4c00000| PB 0x00000007b4c00000| Untracked |  0
|1418|0x00000007b4e00000, 0x00000007b5000000, 0x00000007b5000000|100%|HC|  |TAMS 0x00000007b4e00000| PB 0x00000007b4e00000| Untracked |  0
|1419|0x00000007b5000000, 0x00000007b5200000, 0x00000007b5200000|100%|HS|  |TAMS 0x00000007b5000000| PB 0x00000007b5000000| Untracked |  0
|1420|0x00000007b5200000, 0x00000007b5400000, 0x00000007b5400000|100%|HC|  |TAMS 0x00000007b5200000| PB 0x00000007b5200000| Untracked |  0
|1421|0x00000007b5400000, 0x00000007b5600000, 0x00000007b5600000|100%|HS|  |TAMS 0x00000007b5400000| PB 0x00000007b5400000| Untracked |  0
|1422|0x00000007b5600000, 0x00000007b5800000, 0x00000007b5800000|100%|HC|  |TAMS 0x00000007b5600000| PB 0x00000007b5600000| Untracked |  0
|1423|0x00000007b5800000, 0x00000007b5a00000, 0x00000007b5a00000|100%|HS|  |TAMS 0x00000007b5800000| PB 0x00000007b5800000| Untracked |  0
|1424|0x00000007b5a00000, 0x00000007b5c00000, 0x00000007b5c00000|100%|HC|  |TAMS 0x00000007b5a00000| PB 0x00000007b5a00000| Untracked |  0
|1425|0x00000007b5c00000, 0x00000007b5e00000, 0x00000007b5e00000|100%|HS|  |TAMS 0x00000007b5c00000| PB 0x00000007b5c00000| Untracked |  0
|1426|0x00000007b5e00000, 0x00000007b6000000, 0x00000007b6000000|100%|HC|  |TAMS 0x00000007b5e00000| PB 0x00000007b5e00000| Untracked |  0
|1427|0x00000007b6000000, 0x00000007b6200000, 0x00000007b6200000|100%|HS|  |TAMS 0x00000007b6000000| PB 0x00000007b6000000| Untracked |  0
|1428|0x00000007b6200000, 0x00000007b6400000, 0x00000007b6400000|100%|HC|  |TAMS 0x00000007b6200000| PB 0x00000007b6200000| Untracked |  0
|1429|0x00000007b6400000, 0x00000007b6600000, 0x00000007b6600000|100%|HS|  |TAMS 0x00000007b6400000| PB 0x00000007b6400000| Untracked |  0
|1430|0x00000007b6600000, 0x00000007b6800000, 0x00000007b6800000|100%|HC|  |TAMS 0x00000007b6600000| PB 0x00000007b6600000| Untracked |  0
|1431|0x00000007b6800000, 0x00000007b6a00000, 0x00000007b6a00000|100%|HS|  |TAMS 0x00000007b6800000| PB 0x00000007b6800000| Untracked |  0
|1432|0x00000007b6a00000, 0x00000007b6c00000, 0x00000007b6c00000|100%|HC|  |TAMS 0x00000007b6a00000| PB 0x00000007b6a00000| Untracked |  0
|1433|0x00000007b6c00000, 0x00000007b6e00000, 0x00000007b6e00000|100%|HS|  |TAMS 0x00000007b6c00000| PB 0x00000007b6c00000| Untracked |  0
|1434|0x00000007b6e00000, 0x00000007b7000000, 0x00000007b7000000|100%|HC|  |TAMS 0x00000007b6e00000| PB 0x00000007b6e00000| Untracked |  0
|1435|0x00000007b7000000, 0x00000007b7200000, 0x00000007b7200000|100%|HS|  |TAMS 0x00000007b7000000| PB 0x00000007b7000000| Untracked |  0
|1436|0x00000007b7200000, 0x00000007b7400000, 0x00000007b7400000|100%|HC|  |TAMS 0x00000007b7200000| PB 0x00000007b7200000| Untracked |  0
|1437|0x00000007b7400000, 0x00000007b7600000, 0x00000007b7600000|100%|HS|  |TAMS 0x00000007b7400000| PB 0x00000007b7400000| Untracked |  0
|1438|0x00000007b7600000, 0x00000007b7800000, 0x00000007b7800000|100%|HC|  |TAMS 0x00000007b7600000| PB 0x00000007b7600000| Untracked |  0
|1439|0x00000007b7800000, 0x00000007b7a00000, 0x00000007b7a00000|100%|HS|  |TAMS 0x00000007b7800000| PB 0x00000007b7800000| Untracked |  0
|1440|0x00000007b7a00000, 0x00000007b7c00000, 0x00000007b7c00000|100%|HC|  |TAMS 0x00000007b7a00000| PB 0x00000007b7a00000| Untracked |  0
|1441|0x00000007b7c00000, 0x00000007b7e00000, 0x00000007b7e00000|100%|HS|  |TAMS 0x00000007b7c00000| PB 0x00000007b7c00000| Untracked |  0
|1442|0x00000007b7e00000, 0x00000007b8000000, 0x00000007b8000000|100%|HC|  |TAMS 0x00000007b7e00000| PB 0x00000007b7e00000| Untracked |  0
|1443|0x00000007b8000000, 0x00000007b8200000, 0x00000007b8200000|100%|HS|  |TAMS 0x00000007b8000000| PB 0x00000007b8000000| Untracked |  0
|1444|0x00000007b8200000, 0x00000007b8400000, 0x00000007b8400000|100%|HC|  |TAMS 0x00000007b8200000| PB 0x00000007b8200000| Untracked |  0
|1445|0x00000007b8400000, 0x00000007b8600000, 0x00000007b8600000|100%|HS|  |TAMS 0x00000007b8400000| PB 0x00000007b8400000| Untracked |  0
|1446|0x00000007b8600000, 0x00000007b8800000, 0x00000007b8800000|100%|HC|  |TAMS 0x00000007b8600000| PB 0x00000007b8600000| Untracked |  0
|1447|0x00000007b8800000, 0x00000007b8a00000, 0x00000007b8a00000|100%|HS|  |TAMS 0x00000007b8800000| PB 0x00000007b8800000| Untracked |  0
|1448|0x00000007b8a00000, 0x00000007b8c00000, 0x00000007b8c00000|100%|HC|  |TAMS 0x00000007b8a00000| PB 0x00000007b8a00000| Untracked |  0
|1449|0x00000007b8c00000, 0x00000007b8e00000, 0x00000007b8e00000|100%|HS|  |TAMS 0x00000007b8c00000| PB 0x00000007b8c00000| Untracked |  0
|1450|0x00000007b8e00000, 0x00000007b9000000, 0x00000007b9000000|100%|HC|  |TAMS 0x00000007b8e00000| PB 0x00000007b8e00000| Untracked |  0
|1451|0x00000007b9000000, 0x00000007b9200000, 0x00000007b9200000|100%|HS|  |TAMS 0x00000007b9000000| PB 0x00000007b9000000| Untracked |  0
|1452|0x00000007b9200000, 0x00000007b9400000, 0x00000007b9400000|100%|HC|  |TAMS 0x00000007b9200000| PB 0x00000007b9200000| Untracked |  0
|1453|0x00000007b9400000, 0x00000007b9600000, 0x00000007b9600000|100%|HS|  |TAMS 0x00000007b9400000| PB 0x00000007b9400000| Untracked |  0
|1454|0x00000007b9600000, 0x00000007b9800000, 0x00000007b9800000|100%|HC|  |TAMS 0x00000007b9600000| PB 0x00000007b9600000| Untracked |  0
|1455|0x00000007b9800000, 0x00000007b99ec0d8, 0x00000007b9a00000| 96%| O|  |TAMS 0x00000007b9800000| PB 0x00000007b9800000| Untracked |  0
|1456|0x00000007b9a00000, 0x00000007b9bed4a0, 0x00000007b9c00000| 96%| O|  |TAMS 0x00000007b9a00000| PB 0x00000007b9a00000| Untracked |  0
|1457|0x00000007b9c00000, 0x00000007b9df0c10, 0x00000007b9e00000| 97%| O|  |TAMS 0x00000007b9c00000| PB 0x00000007b9c00000| Untracked |  0
|1458|0x00000007b9e00000, 0x00000007ba000000, 0x00000007ba000000|100%|HS|  |TAMS 0x00000007b9e00000| PB 0x00000007b9e00000| Untracked |  0
|1459|0x00000007ba000000, 0x00000007ba200000, 0x00000007ba200000|100%|HC|  |TAMS 0x00000007ba000000| PB 0x00000007ba000000| Untracked |  0
|1460|0x00000007ba200000, 0x00000007ba400000, 0x00000007ba400000|100%|HS|  |TAMS 0x00000007ba200000| PB 0x00000007ba200000| Untracked |  0
|1461|0x00000007ba400000, 0x00000007ba600000, 0x00000007ba600000|100%|HC|  |TAMS 0x00000007ba400000| PB 0x00000007ba400000| Untracked |  0
|1462|0x00000007ba600000, 0x00000007ba800000, 0x00000007ba800000|100%|HS|  |TAMS 0x00000007ba600000| PB 0x00000007ba600000| Untracked |  0
|1463|0x00000007ba800000, 0x00000007baa00000, 0x00000007baa00000|100%|HC|  |TAMS 0x00000007ba800000| PB 0x00000007ba800000| Untracked |  0
|1464|0x00000007baa00000, 0x00000007bac00000, 0x00000007bac00000|100%|HS|  |TAMS 0x00000007baa00000| PB 0x00000007baa00000| Untracked |  0
|1465|0x00000007bac00000, 0x00000007bae00000, 0x00000007bae00000|100%|HC|  |TAMS 0x00000007bac00000| PB 0x00000007bac00000| Untracked |  0
|1466|0x00000007bae00000, 0x00000007bb000000, 0x00000007bb000000|100%|HS|  |TAMS 0x00000007bae00000| PB 0x00000007bae00000| Untracked |  0
|1467|0x00000007bb000000, 0x00000007bb200000, 0x00000007bb200000|100%|HC|  |TAMS 0x00000007bb000000| PB 0x00000007bb000000| Untracked |  0
|1468|0x00000007bb200000, 0x00000007bb400000, 0x00000007bb400000|100%|HS|  |TAMS 0x00000007bb200000| PB 0x00000007bb200000| Untracked |  0
|1469|0x00000007bb400000, 0x00000007bb600000, 0x00000007bb600000|100%|HC|  |TAMS 0x00000007bb400000| PB 0x00000007bb400000| Untracked |  0
|1470|0x00000007bb600000, 0x00000007bb800000, 0x00000007bb800000|100%|HS|  |TAMS 0x00000007bb600000| PB 0x00000007bb600000| Untracked |  0
|1471|0x00000007bb800000, 0x00000007bba00000, 0x00000007bba00000|100%|HC|  |TAMS 0x00000007bb800000| PB 0x00000007bb800000| Untracked |  0
|1472|0x00000007bba00000, 0x00000007bbc00000, 0x00000007bbc00000|100%|HS|  |TAMS 0x00000007bba00000| PB 0x00000007bba00000| Untracked |  0
|1473|0x00000007bbc00000, 0x00000007bbe00000, 0x00000007bbe00000|100%|HC|  |TAMS 0x00000007bbc00000| PB 0x00000007bbc00000| Untracked |  0
|1474|0x00000007bbe00000, 0x00000007bc000000, 0x00000007bc000000|100%|HS|  |TAMS 0x00000007bbe00000| PB 0x00000007bbe00000| Untracked |  0
|1475|0x00000007bc000000, 0x00000007bc200000, 0x00000007bc200000|100%|HC|  |TAMS 0x00000007bc000000| PB 0x00000007bc000000| Untracked |  0
|1476|0x00000007bc200000, 0x00000007bc400000, 0x00000007bc400000|100%|HS|  |TAMS 0x00000007bc200000| PB 0x00000007bc200000| Untracked |  0
|1477|0x00000007bc400000, 0x00000007bc600000, 0x00000007bc600000|100%|HC|  |TAMS 0x00000007bc400000| PB 0x00000007bc400000| Untracked |  0
|1478|0x00000007bc600000, 0x00000007bc800000, 0x00000007bc800000|100%|HS|  |TAMS 0x00000007bc600000| PB 0x00000007bc600000| Untracked |  0
|1479|0x00000007bc800000, 0x00000007bca00000, 0x00000007bca00000|100%|HC|  |TAMS 0x00000007bc800000| PB 0x00000007bc800000| Untracked |  0
|1480|0x00000007bca00000, 0x00000007bcb42188, 0x00000007bcc00000| 62%| O|  |TAMS 0x00000007bca00000| PB 0x00000007bca00000| Untracked |  0
|1481|0x00000007bcc00000, 0x00000007bcdec5b0, 0x00000007bce00000| 96%| O|  |TAMS 0x00000007bcc00000| PB 0x00000007bcc00000| Untracked |  0
|1482|0x00000007bce00000, 0x00000007bd000000, 0x00000007bd000000|100%|HS|  |TAMS 0x00000007bce00000| PB 0x00000007bce00000| Untracked |  0
|1483|0x00000007bd000000, 0x00000007bd200000, 0x00000007bd200000|100%|HC|  |TAMS 0x00000007bd000000| PB 0x00000007bd000000| Untracked |  0
|1484|0x00000007bd200000, 0x00000007bd3ec5b0, 0x00000007bd400000| 96%| O|  |TAMS 0x00000007bd200000| PB 0x00000007bd200000| Untracked |  0
|1485|0x00000007bd400000, 0x00000007bd600000, 0x00000007bd600000|100%|HS|  |TAMS 0x00000007bd400000| PB 0x00000007bd400000| Untracked |  0
|1486|0x00000007bd600000, 0x00000007bd800000, 0x00000007bd800000|100%|HC|  |TAMS 0x00000007bd600000| PB 0x00000007bd600000| Untracked |  0
|1487|0x00000007bd800000, 0x00000007bda00000, 0x00000007bda00000|100%|HS|  |TAMS 0x00000007bd800000| PB 0x00000007bd800000| Untracked |  0
|1488|0x00000007bda00000, 0x00000007bdc00000, 0x00000007bdc00000|100%|HC|  |TAMS 0x00000007bda00000| PB 0x00000007bda00000| Untracked |  0
|1489|0x00000007bdc00000, 0x00000007bde00000, 0x00000007bde00000|100%|HS|  |TAMS 0x00000007bdc00000| PB 0x00000007bdc00000| Untracked |  0
|1490|0x00000007bde00000, 0x00000007be000000, 0x00000007be000000|100%|HC|  |TAMS 0x00000007bde00000| PB 0x00000007bde00000| Untracked |  0
|1491|0x00000007be000000, 0x00000007be200000, 0x00000007be200000|100%|HS|  |TAMS 0x00000007be000000| PB 0x00000007be000000| Untracked |  0
|1492|0x00000007be200000, 0x00000007be400000, 0x00000007be400000|100%|HC|  |TAMS 0x00000007be200000| PB 0x00000007be200000| Untracked |  0
|1493|0x00000007be400000, 0x00000007be600000, 0x00000007be600000|100%|HS|  |TAMS 0x00000007be400000| PB 0x00000007be400000| Untracked |  0
|1494|0x00000007be600000, 0x00000007be800000, 0x00000007be800000|100%|HC|  |TAMS 0x00000007be600000| PB 0x00000007be600000| Untracked |  0
|1495|0x00000007be800000, 0x00000007bea00000, 0x00000007bea00000|100%|HS|  |TAMS 0x00000007be800000| PB 0x00000007be800000| Untracked |  0
|1496|0x00000007bea00000, 0x00000007bec00000, 0x00000007bec00000|100%|HC|  |TAMS 0x00000007bea00000| PB 0x00000007bea00000| Untracked |  0
|1497|0x00000007bec00000, 0x00000007bee00000, 0x00000007bee00000|100%|HS|  |TAMS 0x00000007bec00000| PB 0x00000007bec00000| Untracked |  0
|1498|0x00000007bee00000, 0x00000007bf000000, 0x00000007bf000000|100%|HC|  |TAMS 0x00000007bee00000| PB 0x00000007bee00000| Untracked |  0
|1499|0x00000007bf000000, 0x00000007bf200000, 0x00000007bf200000|100%|HS|  |TAMS 0x00000007bf000000| PB 0x00000007bf000000| Untracked |  0
|1500|0x00000007bf200000, 0x00000007bf400000, 0x00000007bf400000|100%|HC|  |TAMS 0x00000007bf200000| PB 0x00000007bf200000| Untracked |  0
|1501|0x00000007bf400000, 0x00000007bf600000, 0x00000007bf600000|100%|HS|  |TAMS 0x00000007bf400000| PB 0x00000007bf400000| Untracked |  0
|1502|0x00000007bf600000, 0x00000007bf800000, 0x00000007bf800000|100%|HC|  |TAMS 0x00000007bf600000| PB 0x00000007bf600000| Untracked |  0
|1503|0x00000007bf800000, 0x00000007bf9e9808, 0x00000007bfa00000| 95%| O|  |TAMS 0x00000007bf800000| PB 0x00000007bf800000| Untracked |  0
|1504|0x00000007bfa00000, 0x00000007bfc00000, 0x00000007bfc00000|100%|HS|  |TAMS 0x00000007bfa00000| PB 0x00000007bfa00000| Untracked |  0
|1505|0x00000007bfc00000, 0x00000007bfe00000, 0x00000007bfe00000|100%|HC|  |TAMS 0x00000007bfc00000| PB 0x00000007bfc00000| Untracked |  0
|1506|0x00000007bfe00000, 0x00000007c0000000, 0x00000007c0000000|100%|HS|  |TAMS 0x00000007bfe00000| PB 0x00000007bfe00000| Untracked |  0
|1507|0x00000007c0000000, 0x00000007c0200000, 0x00000007c0200000|100%|HC|  |TAMS 0x00000007c0000000| PB 0x00000007c0000000| Untracked |  0
|1508|0x00000007c0200000, 0x00000007c0400000, 0x00000007c0400000|100%|HS|  |TAMS 0x00000007c0200000| PB 0x00000007c0200000| Untracked |  0
|1509|0x00000007c0400000, 0x00000007c0600000, 0x00000007c0600000|100%|HC|  |TAMS 0x00000007c0400000| PB 0x00000007c0400000| Untracked |  0
|1510|0x00000007c0600000, 0x00000007c0800000, 0x00000007c0800000|100%|HS|  |TAMS 0x00000007c0600000| PB 0x00000007c0600000| Untracked |  0
|1511|0x00000007c0800000, 0x00000007c0a00000, 0x00000007c0a00000|100%|HC|  |TAMS 0x00000007c0800000| PB 0x00000007c0800000| Untracked |  0
|1512|0x00000007c0a00000, 0x00000007c0c00000, 0x00000007c0c00000|100%|HS|  |TAMS 0x00000007c0a00000| PB 0x00000007c0a00000| Untracked |  0
|1513|0x00000007c0c00000, 0x00000007c0e00000, 0x00000007c0e00000|100%|HC|  |TAMS 0x00000007c0c00000| PB 0x00000007c0c00000| Untracked |  0
|1514|0x00000007c0e00000, 0x00000007c1000000, 0x00000007c1000000|100%|HS|  |TAMS 0x00000007c0e00000| PB 0x00000007c0e00000| Untracked |  0
|1515|0x00000007c1000000, 0x00000007c1200000, 0x00000007c1200000|100%|HC|  |TAMS 0x00000007c1000000| PB 0x00000007c1000000| Untracked |  0
|1516|0x00000007c1200000, 0x00000007c1400000, 0x00000007c1400000|100%|HS|  |TAMS 0x00000007c1200000| PB 0x00000007c1200000| Untracked |  0
|1517|0x00000007c1400000, 0x00000007c1600000, 0x00000007c1600000|100%|HC|  |TAMS 0x00000007c1400000| PB 0x00000007c1400000| Untracked |  0
|1518|0x00000007c1600000, 0x00000007c1800000, 0x00000007c1800000|100%|HS|  |TAMS 0x00000007c1600000| PB 0x00000007c1600000| Untracked |  0
|1519|0x00000007c1800000, 0x00000007c1a00000, 0x00000007c1a00000|100%|HC|  |TAMS 0x00000007c1800000| PB 0x00000007c1800000| Untracked |  0
|1520|0x00000007c1a00000, 0x00000007c1c00000, 0x00000007c1c00000|100%|HS|  |TAMS 0x00000007c1a00000| PB 0x00000007c1a00000| Untracked |  0
|1521|0x00000007c1c00000, 0x00000007c1e00000, 0x00000007c1e00000|100%|HC|  |TAMS 0x00000007c1c00000| PB 0x00000007c1c00000| Untracked |  0
|1522|0x00000007c1e00000, 0x00000007c2000000, 0x00000007c2000000|100%|HS|  |TAMS 0x00000007c1e00000| PB 0x00000007c1e00000| Untracked |  0
|1523|0x00000007c2000000, 0x00000007c2200000, 0x00000007c2200000|100%|HC|  |TAMS 0x00000007c2000000| PB 0x00000007c2000000| Untracked |  0
|1524|0x00000007c2200000, 0x00000007c2400000, 0x00000007c2400000|100%|HS|  |TAMS 0x00000007c2200000| PB 0x00000007c2200000| Untracked |  0
|1525|0x00000007c2400000, 0x00000007c2600000, 0x00000007c2600000|100%|HC|  |TAMS 0x00000007c2400000| PB 0x00000007c2400000| Untracked |  0
|1526|0x00000007c2600000, 0x00000007c2800000, 0x00000007c2800000|100%|HS|  |TAMS 0x00000007c2600000| PB 0x00000007c2600000| Untracked |  0
|1527|0x00000007c2800000, 0x00000007c2a00000, 0x00000007c2a00000|100%|HC|  |TAMS 0x00000007c2800000| PB 0x00000007c2800000| Untracked |  0
|1528|0x00000007c2a00000, 0x00000007c2c00000, 0x00000007c2c00000|100%|HS|  |TAMS 0x00000007c2a00000| PB 0x00000007c2a00000| Untracked |  0
|1529|0x00000007c2c00000, 0x00000007c2e00000, 0x00000007c2e00000|100%|HC|  |TAMS 0x00000007c2c00000| PB 0x00000007c2c00000| Untracked |  0
|1530|0x00000007c2e00000, 0x00000007c3000000, 0x00000007c3000000|100%|HS|  |TAMS 0x00000007c2e00000| PB 0x00000007c2e00000| Untracked |  0
|1531|0x00000007c3000000, 0x00000007c3200000, 0x00000007c3200000|100%|HC|  |TAMS 0x00000007c3000000| PB 0x00000007c3000000| Untracked |  0
|1532|0x00000007c3200000, 0x00000007c3400000, 0x00000007c3400000|100%|HS|  |TAMS 0x00000007c3200000| PB 0x00000007c3200000| Untracked |  0
|1533|0x00000007c3400000, 0x00000007c3600000, 0x00000007c3600000|100%|HC|  |TAMS 0x00000007c3400000| PB 0x00000007c3400000| Untracked |  0
|1534|0x00000007c3600000, 0x00000007c3800000, 0x00000007c3800000|100%|HS|  |TAMS 0x00000007c3600000| PB 0x00000007c3600000| Untracked |  0
|1535|0x00000007c3800000, 0x00000007c3a00000, 0x00000007c3a00000|100%|HC|  |TAMS 0x00000007c3800000| PB 0x00000007c3800000| Untracked |  0
|1536|0x00000007c3a00000, 0x00000007c3c00000, 0x00000007c3c00000|100%|HS|  |TAMS 0x00000007c3a00000| PB 0x00000007c3a00000| Untracked |  0
|1537|0x00000007c3c00000, 0x00000007c3e00000, 0x00000007c3e00000|100%|HC|  |TAMS 0x00000007c3c00000| PB 0x00000007c3c00000| Untracked |  0
|1538|0x00000007c3e00000, 0x00000007c4000000, 0x00000007c4000000|100%|HS|  |TAMS 0x00000007c3e00000| PB 0x00000007c3e00000| Untracked |  0
|1539|0x00000007c4000000, 0x00000007c4200000, 0x00000007c4200000|100%|HC|  |TAMS 0x00000007c4000000| PB 0x00000007c4000000| Untracked |  0
|1540|0x00000007c4200000, 0x00000007c4400000, 0x00000007c4400000|100%|HS|  |TAMS 0x00000007c4200000| PB 0x00000007c4200000| Untracked |  0
|1541|0x00000007c4400000, 0x00000007c4600000, 0x00000007c4600000|100%|HC|  |TAMS 0x00000007c4400000| PB 0x00000007c4400000| Untracked |  0
|1542|0x00000007c4600000, 0x00000007c4800000, 0x00000007c4800000|100%|HS|  |TAMS 0x00000007c4600000| PB 0x00000007c4600000| Untracked |  0
|1543|0x00000007c4800000, 0x00000007c4a00000, 0x00000007c4a00000|100%|HC|  |TAMS 0x00000007c4800000| PB 0x00000007c4800000| Untracked |  0
|1544|0x00000007c4a00000, 0x00000007c4bff358, 0x00000007c4c00000| 99%| O|  |TAMS 0x00000007c4a00000| PB 0x00000007c4a00000| Untracked |  0
|1545|0x00000007c4c00000, 0x00000007c4e00000, 0x00000007c4e00000|100%|HS|  |TAMS 0x00000007c4c00000| PB 0x00000007c4c00000| Untracked |  0
|1546|0x00000007c4e00000, 0x00000007c5000000, 0x00000007c5000000|100%|HC|  |TAMS 0x00000007c4e00000| PB 0x00000007c4e00000| Untracked |  0
|1547|0x00000007c5000000, 0x00000007c5200000, 0x00000007c5200000|100%|HS|  |TAMS 0x00000007c5000000| PB 0x00000007c5000000| Untracked |  0
|1548|0x00000007c5200000, 0x00000007c5400000, 0x00000007c5400000|100%|HC|  |TAMS 0x00000007c5200000| PB 0x00000007c5200000| Untracked |  0
|1549|0x00000007c5400000, 0x00000007c5600000, 0x00000007c5600000|100%|HS|  |TAMS 0x00000007c5400000| PB 0x00000007c5400000| Untracked |  0
|1550|0x00000007c5600000, 0x00000007c5800000, 0x00000007c5800000|100%|HC|  |TAMS 0x00000007c5600000| PB 0x00000007c5600000| Untracked |  0
|1551|0x00000007c5800000, 0x00000007c5a00000, 0x00000007c5a00000|100%|HS|  |TAMS 0x00000007c5800000| PB 0x00000007c5800000| Untracked |  0
|1552|0x00000007c5a00000, 0x00000007c5c00000, 0x00000007c5c00000|100%|HC|  |TAMS 0x00000007c5a00000| PB 0x00000007c5a00000| Untracked |  0
|1553|0x00000007c5c00000, 0x00000007c5e00000, 0x00000007c5e00000|100%|HS|  |TAMS 0x00000007c5c00000| PB 0x00000007c5c00000| Untracked |  0
|1554|0x00000007c5e00000, 0x00000007c6000000, 0x00000007c6000000|100%|HC|  |TAMS 0x00000007c5e00000| PB 0x00000007c5e00000| Untracked |  0
|1555|0x00000007c6000000, 0x00000007c6200000, 0x00000007c6200000|100%|HS|  |TAMS 0x00000007c6000000| PB 0x00000007c6000000| Untracked |  0
|1556|0x00000007c6200000, 0x00000007c6400000, 0x00000007c6400000|100%|HC|  |TAMS 0x00000007c6200000| PB 0x00000007c6200000| Untracked |  0
|1557|0x00000007c6400000, 0x00000007c6600000, 0x00000007c6600000|100%|HS|  |TAMS 0x00000007c6400000| PB 0x00000007c6400000| Untracked |  0
|1558|0x00000007c6600000, 0x00000007c6800000, 0x00000007c6800000|100%|HC|  |TAMS 0x00000007c6600000| PB 0x00000007c6600000| Untracked |  0
|1559|0x00000007c6800000, 0x00000007c6a00000, 0x00000007c6a00000|100%|HS|  |TAMS 0x00000007c6800000| PB 0x00000007c6800000| Untracked |  0
|1560|0x00000007c6a00000, 0x00000007c6c00000, 0x00000007c6c00000|100%|HC|  |TAMS 0x00000007c6a00000| PB 0x00000007c6a00000| Untracked |  0
|1561|0x00000007c6c00000, 0x00000007c6e00000, 0x00000007c6e00000|100%|HS|  |TAMS 0x00000007c6c00000| PB 0x00000007c6c00000| Untracked |  0
|1562|0x00000007c6e00000, 0x00000007c7000000, 0x00000007c7000000|100%|HC|  |TAMS 0x00000007c6e00000| PB 0x00000007c6e00000| Untracked |  0
|1563|0x00000007c7000000, 0x00000007c7200000, 0x00000007c7200000|100%|HS|  |TAMS 0x00000007c7000000| PB 0x00000007c7000000| Untracked |  0
|1564|0x00000007c7200000, 0x00000007c7400000, 0x00000007c7400000|100%|HC|  |TAMS 0x00000007c7200000| PB 0x00000007c7200000| Untracked |  0
|1565|0x00000007c7400000, 0x00000007c7600000, 0x00000007c7600000|100%|HS|  |TAMS 0x00000007c7400000| PB 0x00000007c7400000| Untracked |  0
|1566|0x00000007c7600000, 0x00000007c7800000, 0x00000007c7800000|100%|HC|  |TAMS 0x00000007c7600000| PB 0x00000007c7600000| Untracked |  0
|1567|0x00000007c7800000, 0x00000007c7a00000, 0x00000007c7a00000|100%|HS|  |TAMS 0x00000007c7800000| PB 0x00000007c7800000| Untracked |  0
|1568|0x00000007c7a00000, 0x00000007c7c00000, 0x00000007c7c00000|100%|HC|  |TAMS 0x00000007c7a00000| PB 0x00000007c7a00000| Untracked |  0
|1569|0x00000007c7c00000, 0x00000007c7e00000, 0x00000007c7e00000|100%|HS|  |TAMS 0x00000007c7c00000| PB 0x00000007c7c00000| Untracked |  0
|1570|0x00000007c7e00000, 0x00000007c8000000, 0x00000007c8000000|100%|HC|  |TAMS 0x00000007c7e00000| PB 0x00000007c7e00000| Untracked |  0
|1571|0x00000007c8000000, 0x00000007c8200000, 0x00000007c8200000|100%|HS|  |TAMS 0x00000007c8000000| PB 0x00000007c8000000| Untracked |  0
|1572|0x00000007c8200000, 0x00000007c8400000, 0x00000007c8400000|100%|HC|  |TAMS 0x00000007c8200000| PB 0x00000007c8200000| Untracked |  0
|1573|0x00000007c8400000, 0x00000007c8600000, 0x00000007c8600000|100%|HS|  |TAMS 0x00000007c8400000| PB 0x00000007c8400000| Untracked |  0
|1574|0x00000007c8600000, 0x00000007c8800000, 0x00000007c8800000|100%|HC|  |TAMS 0x00000007c8600000| PB 0x00000007c8600000| Untracked |  0
|1575|0x00000007c8800000, 0x00000007c8a00000, 0x00000007c8a00000|100%|HS|  |TAMS 0x00000007c8800000| PB 0x00000007c8800000| Untracked |  0
|1576|0x00000007c8a00000, 0x00000007c8c00000, 0x00000007c8c00000|100%|HC|  |TAMS 0x00000007c8a00000| PB 0x00000007c8a00000| Untracked |  0
|1577|0x00000007c8c00000, 0x00000007c8e00000, 0x00000007c8e00000|100%|HS|  |TAMS 0x00000007c8c00000| PB 0x00000007c8c00000| Untracked |  0
|1578|0x00000007c8e00000, 0x00000007c9000000, 0x00000007c9000000|100%|HC|  |TAMS 0x00000007c8e00000| PB 0x00000007c8e00000| Untracked |  0
|1579|0x00000007c9000000, 0x00000007c9200000, 0x00000007c9200000|100%|HS|  |TAMS 0x00000007c9000000| PB 0x00000007c9000000| Untracked |  0
|1580|0x00000007c9200000, 0x00000007c9400000, 0x00000007c9400000|100%|HC|  |TAMS 0x00000007c9200000| PB 0x00000007c9200000| Untracked |  0
|1581|0x00000007c9400000, 0x00000007c9600000, 0x00000007c9600000|100%|HS|  |TAMS 0x00000007c9400000| PB 0x00000007c9400000| Untracked |  0
|1582|0x00000007c9600000, 0x00000007c9800000, 0x00000007c9800000|100%|HC|  |TAMS 0x00000007c9600000| PB 0x00000007c9600000| Untracked |  0
|1583|0x00000007c9800000, 0x00000007c9a00000, 0x00000007c9a00000|100%|HS|  |TAMS 0x00000007c9800000| PB 0x00000007c9800000| Untracked |  0
|1584|0x00000007c9a00000, 0x00000007c9c00000, 0x00000007c9c00000|100%|HC|  |TAMS 0x00000007c9a00000| PB 0x00000007c9a00000| Untracked |  0
|1585|0x00000007c9c00000, 0x00000007c9e00000, 0x00000007c9e00000|100%|HS|  |TAMS 0x00000007c9c00000| PB 0x00000007c9c00000| Untracked |  0
|1586|0x00000007c9e00000, 0x00000007ca000000, 0x00000007ca000000|100%|HC|  |TAMS 0x00000007c9e00000| PB 0x00000007c9e00000| Untracked |  0
|1587|0x00000007ca000000, 0x00000007ca200000, 0x00000007ca200000|100%|HS|  |TAMS 0x00000007ca000000| PB 0x00000007ca000000| Untracked |  0
|1588|0x00000007ca200000, 0x00000007ca400000, 0x00000007ca400000|100%|HC|  |TAMS 0x00000007ca200000| PB 0x00000007ca200000| Untracked |  0
|1589|0x00000007ca400000, 0x00000007ca600000, 0x00000007ca600000|100%|HS|  |TAMS 0x00000007ca400000| PB 0x00000007ca400000| Untracked |  0
|1590|0x00000007ca600000, 0x00000007ca800000, 0x00000007ca800000|100%|HC|  |TAMS 0x00000007ca600000| PB 0x00000007ca600000| Untracked |  0
|1591|0x00000007ca800000, 0x00000007caa00000, 0x00000007caa00000|100%|HS|  |TAMS 0x00000007ca800000| PB 0x00000007ca800000| Untracked |  0
|1592|0x00000007caa00000, 0x00000007cac00000, 0x00000007cac00000|100%|HC|  |TAMS 0x00000007caa00000| PB 0x00000007caa00000| Untracked |  0
|1593|0x00000007cac00000, 0x00000007cae00000, 0x00000007cae00000|100%|HS|  |TAMS 0x00000007cac00000| PB 0x00000007cac00000| Untracked |  0
|1594|0x00000007cae00000, 0x00000007cb000000, 0x00000007cb000000|100%|HC|  |TAMS 0x00000007cae00000| PB 0x00000007cae00000| Untracked |  0
|1595|0x00000007cb000000, 0x00000007cb200000, 0x00000007cb200000|100%|HS|  |TAMS 0x00000007cb000000| PB 0x00000007cb000000| Untracked |  0
|1596|0x00000007cb200000, 0x00000007cb400000, 0x00000007cb400000|100%|HC|  |TAMS 0x00000007cb200000| PB 0x00000007cb200000| Untracked |  0
|1597|0x00000007cb400000, 0x00000007cb600000, 0x00000007cb600000|100%|HS|  |TAMS 0x00000007cb400000| PB 0x00000007cb400000| Untracked |  0
|1598|0x00000007cb600000, 0x00000007cb800000, 0x00000007cb800000|100%|HC|  |TAMS 0x00000007cb600000| PB 0x00000007cb600000| Untracked |  0
|1599|0x00000007cb800000, 0x00000007cba00000, 0x00000007cba00000|100%|HS|  |TAMS 0x00000007cb800000| PB 0x00000007cb800000| Untracked |  0
|1600|0x00000007cba00000, 0x00000007cbc00000, 0x00000007cbc00000|100%|HC|  |TAMS 0x00000007cba00000| PB 0x00000007cba00000| Untracked |  0
|1601|0x00000007cbc00000, 0x00000007cbe00000, 0x00000007cbe00000|100%|HS|  |TAMS 0x00000007cbc00000| PB 0x00000007cbc00000| Untracked |  0
|1602|0x00000007cbe00000, 0x00000007cc000000, 0x00000007cc000000|100%|HC|  |TAMS 0x00000007cbe00000| PB 0x00000007cbe00000| Untracked |  0
|1603|0x00000007cc000000, 0x00000007cc200000, 0x00000007cc200000|100%|HS|  |TAMS 0x00000007cc000000| PB 0x00000007cc000000| Untracked |  0
|1604|0x00000007cc200000, 0x00000007cc400000, 0x00000007cc400000|100%|HC|  |TAMS 0x00000007cc200000| PB 0x00000007cc200000| Untracked |  0
|1605|0x00000007cc400000, 0x00000007cc600000, 0x00000007cc600000|100%|HS|  |TAMS 0x00000007cc400000| PB 0x00000007cc400000| Untracked |  0
|1606|0x00000007cc600000, 0x00000007cc800000, 0x00000007cc800000|100%|HC|  |TAMS 0x00000007cc600000| PB 0x00000007cc600000| Untracked |  0
|1607|0x00000007cc800000, 0x00000007cca00000, 0x00000007cca00000|100%|HS|  |TAMS 0x00000007cc800000| PB 0x00000007cc800000| Untracked |  0
|1608|0x00000007cca00000, 0x00000007ccc00000, 0x00000007ccc00000|100%|HC|  |TAMS 0x00000007cca00000| PB 0x00000007cca00000| Untracked |  0
|1609|0x00000007ccc00000, 0x00000007cce00000, 0x00000007cce00000|100%|HS|  |TAMS 0x00000007ccc00000| PB 0x00000007ccc00000| Untracked |  0
|1610|0x00000007cce00000, 0x00000007cd000000, 0x00000007cd000000|100%|HC|  |TAMS 0x00000007cce00000| PB 0x00000007cce00000| Untracked |  0
|1611|0x00000007cd000000, 0x00000007cd200000, 0x00000007cd200000|100%|HS|  |TAMS 0x00000007cd000000| PB 0x00000007cd000000| Untracked |  0
|1612|0x00000007cd200000, 0x00000007cd400000, 0x00000007cd400000|100%|HC|  |TAMS 0x00000007cd200000| PB 0x00000007cd200000| Untracked |  0
|1613|0x00000007cd400000, 0x00000007cd600000, 0x00000007cd600000|100%|HS|  |TAMS 0x00000007cd400000| PB 0x00000007cd400000| Untracked |  0
|1614|0x00000007cd600000, 0x00000007cd800000, 0x00000007cd800000|100%|HC|  |TAMS 0x00000007cd600000| PB 0x00000007cd600000| Untracked |  0
|1615|0x00000007cd800000, 0x00000007cda00000, 0x00000007cda00000|100%|HS|  |TAMS 0x00000007cd800000| PB 0x00000007cd800000| Untracked |  0
|1616|0x00000007cda00000, 0x00000007cdc00000, 0x00000007cdc00000|100%|HC|  |TAMS 0x00000007cda00000| PB 0x00000007cda00000| Untracked |  0
|1617|0x00000007cdc00000, 0x00000007cde00000, 0x00000007cde00000|100%|HS|  |TAMS 0x00000007cdc00000| PB 0x00000007cdc00000| Untracked |  0
|1618|0x00000007cde00000, 0x00000007ce000000, 0x00000007ce000000|100%|HC|  |TAMS 0x00000007cde00000| PB 0x00000007cde00000| Untracked |  0
|1619|0x00000007ce000000, 0x00000007ce200000, 0x00000007ce200000|100%|HS|  |TAMS 0x00000007ce000000| PB 0x00000007ce000000| Untracked |  0
|1620|0x00000007ce200000, 0x00000007ce400000, 0x00000007ce400000|100%|HC|  |TAMS 0x00000007ce200000| PB 0x00000007ce200000| Untracked |  0
|1621|0x00000007ce400000, 0x00000007ce600000, 0x00000007ce600000|100%|HS|  |TAMS 0x00000007ce400000| PB 0x00000007ce400000| Untracked |  0
|1622|0x00000007ce600000, 0x00000007ce800000, 0x00000007ce800000|100%|HC|  |TAMS 0x00000007ce600000| PB 0x00000007ce600000| Untracked |  0
|1623|0x00000007ce800000, 0x00000007cea00000, 0x00000007cea00000|100%|HS|  |TAMS 0x00000007ce800000| PB 0x00000007ce800000| Untracked |  0
|1624|0x00000007cea00000, 0x00000007cec00000, 0x00000007cec00000|100%|HC|  |TAMS 0x00000007cea00000| PB 0x00000007cea00000| Untracked |  0
|1625|0x00000007cec00000, 0x00000007cee00000, 0x00000007cee00000|100%|HS|  |TAMS 0x00000007cec00000| PB 0x00000007cec00000| Untracked |  0
|1626|0x00000007cee00000, 0x00000007cf000000, 0x00000007cf000000|100%|HC|  |TAMS 0x00000007cee00000| PB 0x00000007cee00000| Untracked |  0
|1627|0x00000007cf000000, 0x00000007cf200000, 0x00000007cf200000|100%|HS|  |TAMS 0x00000007cf000000| PB 0x00000007cf000000| Untracked |  0
|1628|0x00000007cf200000, 0x00000007cf400000, 0x00000007cf400000|100%|HC|  |TAMS 0x00000007cf200000| PB 0x00000007cf200000| Untracked |  0
|1629|0x00000007cf400000, 0x00000007cf600000, 0x00000007cf600000|100%|HS|  |TAMS 0x00000007cf400000| PB 0x00000007cf400000| Untracked |  0
|1630|0x00000007cf600000, 0x00000007cf800000, 0x00000007cf800000|100%|HC|  |TAMS 0x00000007cf600000| PB 0x00000007cf600000| Untracked |  0
|1631|0x00000007cf800000, 0x00000007cfa00000, 0x00000007cfa00000|100%|HS|  |TAMS 0x00000007cf800000| PB 0x00000007cf800000| Untracked |  0
|1632|0x00000007cfa00000, 0x00000007cfc00000, 0x00000007cfc00000|100%|HC|  |TAMS 0x00000007cfa00000| PB 0x00000007cfa00000| Untracked |  0
|1633|0x00000007cfc00000, 0x00000007cfe00000, 0x00000007cfe00000|100%|HS|  |TAMS 0x00000007cfc00000| PB 0x00000007cfc00000| Untracked |  0
|1634|0x00000007cfe00000, 0x00000007d0000000, 0x00000007d0000000|100%|HC|  |TAMS 0x00000007cfe00000| PB 0x00000007cfe00000| Untracked |  0
|1635|0x00000007d0000000, 0x00000007d01ee988, 0x00000007d0200000| 96%| O|  |TAMS 0x00000007d0000000| PB 0x00000007d0000000| Untracked |  0
|1636|0x00000007d0200000, 0x00000007d0400000, 0x00000007d0400000|100%|HS|  |TAMS 0x00000007d0200000| PB 0x00000007d0200000| Untracked |  0
|1637|0x00000007d0400000, 0x00000007d0600000, 0x00000007d0600000|100%|HC|  |TAMS 0x00000007d0400000| PB 0x00000007d0400000| Untracked |  0
|1638|0x00000007d0600000, 0x00000007d0800000, 0x00000007d0800000|100%|HS|  |TAMS 0x00000007d0600000| PB 0x00000007d0600000| Untracked |  0
|1639|0x00000007d0800000, 0x00000007d0a00000, 0x00000007d0a00000|100%|HC|  |TAMS 0x00000007d0800000| PB 0x00000007d0800000| Untracked |  0
|1640|0x00000007d0a00000, 0x00000007d0c00000, 0x00000007d0c00000|100%|HS|  |TAMS 0x00000007d0a00000| PB 0x00000007d0a00000| Untracked |  0
|1641|0x00000007d0c00000, 0x00000007d0e00000, 0x00000007d0e00000|100%|HC|  |TAMS 0x00000007d0c00000| PB 0x00000007d0c00000| Untracked |  0
|1642|0x00000007d0e00000, 0x00000007d1000000, 0x00000007d1000000|100%|HS|  |TAMS 0x00000007d0e00000| PB 0x00000007d0e00000| Untracked |  0
|1643|0x00000007d1000000, 0x00000007d1200000, 0x00000007d1200000|100%|HC|  |TAMS 0x00000007d1000000| PB 0x00000007d1000000| Untracked |  0
|1644|0x00000007d1200000, 0x00000007d1400000, 0x00000007d1400000|100%|HS|  |TAMS 0x00000007d1200000| PB 0x00000007d1200000| Untracked |  0
|1645|0x00000007d1400000, 0x00000007d1600000, 0x00000007d1600000|100%|HC|  |TAMS 0x00000007d1400000| PB 0x00000007d1400000| Untracked |  0
|1646|0x00000007d1600000, 0x00000007d1800000, 0x00000007d1800000|100%|HS|  |TAMS 0x00000007d1600000| PB 0x00000007d1600000| Untracked |  0
|1647|0x00000007d1800000, 0x00000007d1a00000, 0x00000007d1a00000|100%|HC|  |TAMS 0x00000007d1800000| PB 0x00000007d1800000| Untracked |  0
|1648|0x00000007d1a00000, 0x00000007d1c00000, 0x00000007d1c00000|100%|HS|  |TAMS 0x00000007d1a00000| PB 0x00000007d1a00000| Untracked |  0
|1649|0x00000007d1c00000, 0x00000007d1e00000, 0x00000007d1e00000|100%|HC|  |TAMS 0x00000007d1c00000| PB 0x00000007d1c00000| Untracked |  0
|1650|0x00000007d1e00000, 0x00000007d2000000, 0x00000007d2000000|100%|HS|  |TAMS 0x00000007d1e00000| PB 0x00000007d1e00000| Untracked |  0
|1651|0x00000007d2000000, 0x00000007d2200000, 0x00000007d2200000|100%|HC|  |TAMS 0x00000007d2000000| PB 0x00000007d2000000| Untracked |  0
|1652|0x00000007d2200000, 0x00000007d2400000, 0x00000007d2400000|100%|HS|  |TAMS 0x00000007d2200000| PB 0x00000007d2200000| Untracked |  0
|1653|0x00000007d2400000, 0x00000007d2600000, 0x00000007d2600000|100%|HC|  |TAMS 0x00000007d2400000| PB 0x00000007d2400000| Untracked |  0
|1654|0x00000007d2600000, 0x00000007d2800000, 0x00000007d2800000|100%|HS|  |TAMS 0x00000007d2600000| PB 0x00000007d2600000| Untracked |  0
|1655|0x00000007d2800000, 0x00000007d2a00000, 0x00000007d2a00000|100%|HC|  |TAMS 0x00000007d2800000| PB 0x00000007d2800000| Untracked |  0
|1656|0x00000007d2a00000, 0x00000007d2c00000, 0x00000007d2c00000|100%|HS|  |TAMS 0x00000007d2a00000| PB 0x00000007d2a00000| Untracked |  0
|1657|0x00000007d2c00000, 0x00000007d2e00000, 0x00000007d2e00000|100%|HC|  |TAMS 0x00000007d2c00000| PB 0x00000007d2c00000| Untracked |  0
|1658|0x00000007d2e00000, 0x00000007d2f65f80, 0x00000007d3000000| 69%| O|  |TAMS 0x00000007d2e00000| PB 0x00000007d2e00000| Untracked |  0
|1659|0x00000007d3000000, 0x00000007d3200000, 0x00000007d3200000|100%|HS|  |TAMS 0x00000007d3000000| PB 0x00000007d3000000| Untracked |  0
|1660|0x00000007d3200000, 0x00000007d33f83e8, 0x00000007d3400000| 98%| O|  |TAMS 0x00000007d3200000| PB 0x00000007d3200000| Untracked |  0
|1661|0x00000007d3400000, 0x00000007d3600000, 0x00000007d3600000|100%|HS|  |TAMS 0x00000007d3400000| PB 0x00000007d3400000| Untracked |  0
|1662|0x00000007d3600000, 0x00000007d3800000, 0x00000007d3800000|100%|HC|  |TAMS 0x00000007d3600000| PB 0x00000007d3600000| Untracked |  0
|1663|0x00000007d3800000, 0x00000007d39e8f10, 0x00000007d3a00000| 95%| O|  |TAMS 0x00000007d3800000| PB 0x00000007d3800000| Untracked |  0
|1664|0x00000007d3a00000, 0x00000007d3c00000, 0x00000007d3c00000|100%|HS|  |TAMS 0x00000007d3a00000| PB 0x00000007d3a00000| Untracked |  0
|1665|0x00000007d3c00000, 0x00000007d3e00000, 0x00000007d3e00000|100%|HC|  |TAMS 0x00000007d3c00000| PB 0x00000007d3c00000| Untracked |  0
|1666|0x00000007d3e00000, 0x00000007d4000000, 0x00000007d4000000|100%|HS|  |TAMS 0x00000007d3e00000| PB 0x00000007d3e00000| Untracked |  0
|1667|0x00000007d4000000, 0x00000007d4200000, 0x00000007d4200000|100%|HC|  |TAMS 0x00000007d4000000| PB 0x00000007d4000000| Untracked |  0
|1668|0x00000007d4200000, 0x00000007d4400000, 0x00000007d4400000|100%|HS|  |TAMS 0x00000007d4200000| PB 0x00000007d4200000| Untracked |  0
|1669|0x00000007d4400000, 0x00000007d4600000, 0x00000007d4600000|100%|HC|  |TAMS 0x00000007d4400000| PB 0x00000007d4400000| Untracked |  0
|1670|0x00000007d4600000, 0x00000007d4800000, 0x00000007d4800000|100%|HS|  |TAMS 0x00000007d4600000| PB 0x00000007d4600000| Untracked |  0
|1671|0x00000007d4800000, 0x00000007d4a00000, 0x00000007d4a00000|100%|HC|  |TAMS 0x00000007d4800000| PB 0x00000007d4800000| Untracked |  0
|1672|0x00000007d4a00000, 0x00000007d4c00000, 0x00000007d4c00000|100%|HS|  |TAMS 0x00000007d4a00000| PB 0x00000007d4a00000| Untracked |  0
|1673|0x00000007d4c00000, 0x00000007d4e00000, 0x00000007d4e00000|100%|HC|  |TAMS 0x00000007d4c00000| PB 0x00000007d4c00000| Untracked |  0
|1674|0x00000007d4e00000, 0x00000007d5000000, 0x00000007d5000000|100%|HS|  |TAMS 0x00000007d4e00000| PB 0x00000007d4e00000| Untracked |  0
|1675|0x00000007d5000000, 0x00000007d5200000, 0x00000007d5200000|100%|HC|  |TAMS 0x00000007d5000000| PB 0x00000007d5000000| Untracked |  0
|1676|0x00000007d5200000, 0x00000007d5400000, 0x00000007d5400000|100%|HS|  |TAMS 0x00000007d5200000| PB 0x00000007d5200000| Untracked |  0
|1677|0x00000007d5400000, 0x00000007d5600000, 0x00000007d5600000|100%|HC|  |TAMS 0x00000007d5400000| PB 0x00000007d5400000| Untracked |  0
|1678|0x00000007d5600000, 0x00000007d5800000, 0x00000007d5800000|100%|HS|  |TAMS 0x00000007d5600000| PB 0x00000007d5600000| Untracked |  0
|1679|0x00000007d5800000, 0x00000007d5a00000, 0x00000007d5a00000|100%|HC|  |TAMS 0x00000007d5800000| PB 0x00000007d5800000| Untracked |  0
|1680|0x00000007d5a00000, 0x00000007d5bf1aa8, 0x00000007d5c00000| 97%| O|  |TAMS 0x00000007d5a00000| PB 0x00000007d5a00000| Untracked |  0
|1681|0x00000007d5c00000, 0x00000007d5e00000, 0x00000007d5e00000|100%|HS|  |TAMS 0x00000007d5c00000| PB 0x00000007d5c00000| Untracked |  0
|1682|0x00000007d5e00000, 0x00000007d6000000, 0x00000007d6000000|100%|HS|  |TAMS 0x00000007d5e00000| PB 0x00000007d5e00000| Untracked |  0
|1683|0x00000007d6000000, 0x00000007d6200000, 0x00000007d6200000|100%|HC|  |TAMS 0x00000007d6000000| PB 0x00000007d6000000| Untracked |  0
|1684|0x00000007d6200000, 0x00000007d6400000, 0x00000007d6400000|100%|HS|  |TAMS 0x00000007d6200000| PB 0x00000007d6200000| Untracked |  0
|1685|0x00000007d6400000, 0x00000007d6600000, 0x00000007d6600000|100%|HC|  |TAMS 0x00000007d6400000| PB 0x00000007d6400000| Untracked |  0
|1686|0x00000007d6600000, 0x00000007d6800000, 0x00000007d6800000|100%|HS|  |TAMS 0x00000007d6600000| PB 0x00000007d6600000| Untracked |  0
|1687|0x00000007d6800000, 0x00000007d6a00000, 0x00000007d6a00000|100%|HC|  |TAMS 0x00000007d6800000| PB 0x00000007d6800000| Untracked |  0
|1688|0x00000007d6a00000, 0x00000007d6c00000, 0x00000007d6c00000|100%|HS|  |TAMS 0x00000007d6a00000| PB 0x00000007d6a00000| Untracked |  0
|1689|0x00000007d6c00000, 0x00000007d6e00000, 0x00000007d6e00000|100%|HC|  |TAMS 0x00000007d6c00000| PB 0x00000007d6c00000| Untracked |  0
|1690|0x00000007d6e00000, 0x00000007d7000000, 0x00000007d7000000|100%|HS|  |TAMS 0x00000007d6e00000| PB 0x00000007d6e00000| Untracked |  0
|1691|0x00000007d7000000, 0x00000007d7200000, 0x00000007d7200000|100%|HC|  |TAMS 0x00000007d7000000| PB 0x00000007d7000000| Untracked |  0
|1692|0x00000007d7200000, 0x00000007d7400000, 0x00000007d7400000|100%|HS|  |TAMS 0x00000007d7200000| PB 0x00000007d7200000| Untracked |  0
|1693|0x00000007d7400000, 0x00000007d7600000, 0x00000007d7600000|100%|HC|  |TAMS 0x00000007d7400000| PB 0x00000007d7400000| Untracked |  0
|1694|0x00000007d7600000, 0x00000007d7800000, 0x00000007d7800000|100%|HS|  |TAMS 0x00000007d7600000| PB 0x00000007d7600000| Untracked |  0
|1695|0x00000007d7800000, 0x00000007d7a00000, 0x00000007d7a00000|100%|HC|  |TAMS 0x00000007d7800000| PB 0x00000007d7800000| Untracked |  0
|1696|0x00000007d7a00000, 0x00000007d7c00000, 0x00000007d7c00000|100%|HS|  |TAMS 0x00000007d7a00000| PB 0x00000007d7a00000| Untracked |  0
|1697|0x00000007d7c00000, 0x00000007d7e00000, 0x00000007d7e00000|100%|HC|  |TAMS 0x00000007d7c00000| PB 0x00000007d7c00000| Untracked |  0
|1698|0x00000007d7e00000, 0x00000007d8000000, 0x00000007d8000000|100%|HS|  |TAMS 0x00000007d7e00000| PB 0x00000007d7e00000| Untracked |  0
|1699|0x00000007d8000000, 0x00000007d8200000, 0x00000007d8200000|100%|HC|  |TAMS 0x00000007d8000000| PB 0x00000007d8000000| Untracked |  0
|1700|0x00000007d8200000, 0x00000007d8400000, 0x00000007d8400000|100%|HS|  |TAMS 0x00000007d8200000| PB 0x00000007d8200000| Untracked |  0
|1701|0x00000007d8400000, 0x00000007d8600000, 0x00000007d8600000|100%|HC|  |TAMS 0x00000007d8400000| PB 0x00000007d8400000| Untracked |  0
|1702|0x00000007d8600000, 0x00000007d8800000, 0x00000007d8800000|100%|HS|  |TAMS 0x00000007d8600000| PB 0x00000007d8600000| Untracked |  0
|1703|0x00000007d8800000, 0x00000007d8a00000, 0x00000007d8a00000|100%|HC|  |TAMS 0x00000007d8800000| PB 0x00000007d8800000| Untracked |  0
|1704|0x00000007d8a00000, 0x00000007d8c00000, 0x00000007d8c00000|100%|HS|  |TAMS 0x00000007d8a00000| PB 0x00000007d8a00000| Untracked |  0
|1705|0x00000007d8c00000, 0x00000007d8e00000, 0x00000007d8e00000|100%|HC|  |TAMS 0x00000007d8c00000| PB 0x00000007d8c00000| Untracked |  0
|1706|0x00000007d8e00000, 0x00000007d9000000, 0x00000007d9000000|100%|HS|  |TAMS 0x00000007d8e00000| PB 0x00000007d8e00000| Untracked |  0
|1707|0x00000007d9000000, 0x00000007d9200000, 0x00000007d9200000|100%|HC|  |TAMS 0x00000007d9000000| PB 0x00000007d9000000| Untracked |  0
|1708|0x00000007d9200000, 0x00000007d9400000, 0x00000007d9400000|100%|HS|  |TAMS 0x00000007d9200000| PB 0x00000007d9200000| Untracked |  0
|1709|0x00000007d9400000, 0x00000007d9600000, 0x00000007d9600000|100%|HC|  |TAMS 0x00000007d9400000| PB 0x00000007d9400000| Untracked |  0
|1710|0x00000007d9600000, 0x00000007d9800000, 0x00000007d9800000|100%|HS|  |TAMS 0x00000007d9600000| PB 0x00000007d9600000| Untracked |  0
|1711|0x00000007d9800000, 0x00000007d9a00000, 0x00000007d9a00000|100%|HC|  |TAMS 0x00000007d9800000| PB 0x00000007d9800000| Untracked |  0
|1712|0x00000007d9a00000, 0x00000007d9c00000, 0x00000007d9c00000|100%|HS|  |TAMS 0x00000007d9a00000| PB 0x00000007d9a00000| Untracked |  0
|1713|0x00000007d9c00000, 0x00000007d9e00000, 0x00000007d9e00000|100%|HC|  |TAMS 0x00000007d9c00000| PB 0x00000007d9c00000| Untracked |  0
|1714|0x00000007d9e00000, 0x00000007da000000, 0x00000007da000000|100%|HS|  |TAMS 0x00000007d9e00000| PB 0x00000007d9e00000| Untracked |  0
|1715|0x00000007da000000, 0x00000007da200000, 0x00000007da200000|100%|HC|  |TAMS 0x00000007da000000| PB 0x00000007da000000| Untracked |  0
|1716|0x00000007da200000, 0x00000007da400000, 0x00000007da400000|100%|HS|  |TAMS 0x00000007da200000| PB 0x00000007da200000| Untracked |  0
|1717|0x00000007da400000, 0x00000007da600000, 0x00000007da600000|100%|HC|  |TAMS 0x00000007da400000| PB 0x00000007da400000| Untracked |  0
|1718|0x00000007da600000, 0x00000007da800000, 0x00000007da800000|100%|HS|  |TAMS 0x00000007da600000| PB 0x00000007da600000| Untracked |  0
|1719|0x00000007da800000, 0x00000007daa00000, 0x00000007daa00000|100%|HC|  |TAMS 0x00000007da800000| PB 0x00000007da800000| Untracked |  0
|1720|0x00000007daa00000, 0x00000007dac00000, 0x00000007dac00000|100%|HS|  |TAMS 0x00000007daa00000| PB 0x00000007daa00000| Untracked |  0
|1721|0x00000007dac00000, 0x00000007dae00000, 0x00000007dae00000|100%|HC|  |TAMS 0x00000007dac00000| PB 0x00000007dac00000| Untracked |  0
|1722|0x00000007dae00000, 0x00000007db000000, 0x00000007db000000|100%|HS|  |TAMS 0x00000007dae00000| PB 0x00000007dae00000| Untracked |  0
|1723|0x00000007db000000, 0x00000007db200000, 0x00000007db200000|100%|HS|  |TAMS 0x00000007db000000| PB 0x00000007db000000| Untracked |  0
|1724|0x00000007db200000, 0x00000007db400000, 0x00000007db400000|100%|HS|  |TAMS 0x00000007db200000| PB 0x00000007db200000| Untracked |  0
|1725|0x00000007db400000, 0x00000007db600000, 0x00000007db600000|100%|HC|  |TAMS 0x00000007db400000| PB 0x00000007db400000| Untracked |  0
|1726|0x00000007db600000, 0x00000007db800000, 0x00000007db800000|100%|HS|  |TAMS 0x00000007db600000| PB 0x00000007db600000| Untracked |  0
|1727|0x00000007db800000, 0x00000007dba00000, 0x00000007dba00000|100%|HC|  |TAMS 0x00000007db800000| PB 0x00000007db800000| Untracked |  0
|1728|0x00000007dba00000, 0x00000007dbc00000, 0x00000007dbc00000|100%|HS|  |TAMS 0x00000007dba00000| PB 0x00000007dba00000| Untracked |  0
|1729|0x00000007dbc00000, 0x00000007dbe00000, 0x00000007dbe00000|100%|HC|  |TAMS 0x00000007dbc00000| PB 0x00000007dbc00000| Untracked |  0
|1730|0x00000007dbe00000, 0x00000007dc000000, 0x00000007dc000000|100%|HS|  |TAMS 0x00000007dbe00000| PB 0x00000007dbe00000| Untracked |  0
|1731|0x00000007dc000000, 0x00000007dc200000, 0x00000007dc200000|100%|HC|  |TAMS 0x00000007dc000000| PB 0x00000007dc000000| Untracked |  0
|1732|0x00000007dc200000, 0x00000007dc400000, 0x00000007dc400000|100%|HS|  |TAMS 0x00000007dc200000| PB 0x00000007dc200000| Untracked |  0
|1733|0x00000007dc400000, 0x00000007dc600000, 0x00000007dc600000|100%|HC|  |TAMS 0x00000007dc400000| PB 0x00000007dc400000| Untracked |  0
|1734|0x00000007dc600000, 0x00000007dc800000, 0x00000007dc800000|100%|HS|  |TAMS 0x00000007dc600000| PB 0x00000007dc600000| Untracked |  0
|1735|0x00000007dc800000, 0x00000007dca00000, 0x00000007dca00000|100%|HC|  |TAMS 0x00000007dc800000| PB 0x00000007dc800000| Untracked |  0
|1736|0x00000007dca00000, 0x00000007dcc00000, 0x00000007dcc00000|100%|HS|  |TAMS 0x00000007dca00000| PB 0x00000007dca00000| Untracked |  0
|1737|0x00000007dcc00000, 0x00000007dce00000, 0x00000007dce00000|100%|HC|  |TAMS 0x00000007dcc00000| PB 0x00000007dcc00000| Untracked |  0
|1738|0x00000007dce00000, 0x00000007dd000000, 0x00000007dd000000|100%|HS|  |TAMS 0x00000007dce00000| PB 0x00000007dce00000| Untracked |  0
|1739|0x00000007dd000000, 0x00000007dd200000, 0x00000007dd200000|100%|HC|  |TAMS 0x00000007dd000000| PB 0x00000007dd000000| Untracked |  0
|1740|0x00000007dd200000, 0x00000007dd400000, 0x00000007dd400000|100%|HS|  |TAMS 0x00000007dd200000| PB 0x00000007dd200000| Untracked |  0
|1741|0x00000007dd400000, 0x00000007dd600000, 0x00000007dd600000|100%|HS|  |TAMS 0x00000007dd400000| PB 0x00000007dd400000| Untracked |  0
|1742|0x00000007dd600000, 0x00000007dd800000, 0x00000007dd800000|100%|HC|  |TAMS 0x00000007dd600000| PB 0x00000007dd600000| Untracked |  0
|1743|0x00000007dd800000, 0x00000007dda00000, 0x00000007dda00000|100%|HS|  |TAMS 0x00000007dd800000| PB 0x00000007dd800000| Untracked |  0
|1744|0x00000007dda00000, 0x00000007ddc00000, 0x00000007ddc00000|100%|HC|  |TAMS 0x00000007dda00000| PB 0x00000007dda00000| Untracked |  0
|1745|0x00000007ddc00000, 0x00000007dde00000, 0x00000007dde00000|100%|HS|  |TAMS 0x00000007ddc00000| PB 0x00000007ddc00000| Untracked |  0
|1746|0x00000007dde00000, 0x00000007de000000, 0x00000007de000000|100%|HC|  |TAMS 0x00000007dde00000| PB 0x00000007dde00000| Untracked |  0
|1747|0x00000007de000000, 0x00000007de200000, 0x00000007de200000|100%|HS|  |TAMS 0x00000007de000000| PB 0x00000007de000000| Untracked |  0
|1748|0x00000007de200000, 0x00000007de400000, 0x00000007de400000|100%|HC|  |TAMS 0x00000007de200000| PB 0x00000007de200000| Untracked |  0
|1749|0x00000007de400000, 0x00000007de600000, 0x00000007de600000|100%|HS|  |TAMS 0x00000007de400000| PB 0x00000007de400000| Untracked |  0
|1750|0x00000007de600000, 0x00000007de800000, 0x00000007de800000|100%|HC|  |TAMS 0x00000007de600000| PB 0x00000007de600000| Untracked |  0
|1751|0x00000007de800000, 0x00000007dea00000, 0x00000007dea00000|100%|HS|  |TAMS 0x00000007de800000| PB 0x00000007de800000| Untracked |  0
|1752|0x00000007dea00000, 0x00000007dec00000, 0x00000007dec00000|100%|HC|  |TAMS 0x00000007dea00000| PB 0x00000007dea00000| Untracked |  0
|1753|0x00000007dec00000, 0x00000007dee00000, 0x00000007dee00000|100%|HS|  |TAMS 0x00000007dec00000| PB 0x00000007dec00000| Untracked |  0
|1754|0x00000007dee00000, 0x00000007df000000, 0x00000007df000000|100%|HC|  |TAMS 0x00000007dee00000| PB 0x00000007dee00000| Untracked |  0
|1755|0x00000007df000000, 0x00000007df200000, 0x00000007df200000|100%|HS|  |TAMS 0x00000007df000000| PB 0x00000007df000000| Untracked |  0
|1756|0x00000007df200000, 0x00000007df400000, 0x00000007df400000|100%|HC|  |TAMS 0x00000007df200000| PB 0x00000007df200000| Untracked |  0
|1757|0x00000007df400000, 0x00000007df600000, 0x00000007df600000|100%|HS|  |TAMS 0x00000007df400000| PB 0x00000007df400000| Untracked |  0
|1758|0x00000007df600000, 0x00000007df800000, 0x00000007df800000|100%|HC|  |TAMS 0x00000007df600000| PB 0x00000007df600000| Untracked |  0
|1759|0x00000007df800000, 0x00000007dfa00000, 0x00000007dfa00000|100%|HS|  |TAMS 0x00000007df800000| PB 0x00000007df800000| Untracked |  0
|1760|0x00000007dfa00000, 0x00000007dfc00000, 0x00000007dfc00000|100%|HC|  |TAMS 0x00000007dfa00000| PB 0x00000007dfa00000| Untracked |  0
|1761|0x00000007dfc00000, 0x00000007dfe00000, 0x00000007dfe00000|100%|HS|  |TAMS 0x00000007dfc00000| PB 0x00000007dfc00000| Untracked |  0
|1762|0x00000007dfe00000, 0x00000007e0000000, 0x00000007e0000000|100%|HC|  |TAMS 0x00000007dfe00000| PB 0x00000007dfe00000| Untracked |  0
|1763|0x00000007e0000000, 0x00000007e0200000, 0x00000007e0200000|100%|HS|  |TAMS 0x00000007e0000000| PB 0x00000007e0000000| Untracked |  0
|1764|0x00000007e0200000, 0x00000007e0400000, 0x00000007e0400000|100%|HC|  |TAMS 0x00000007e0200000| PB 0x00000007e0200000| Untracked |  0
|1765|0x00000007e0400000, 0x00000007e0600000, 0x00000007e0600000|100%|HS|  |TAMS 0x00000007e0400000| PB 0x00000007e0400000| Untracked |  0
|1766|0x00000007e0600000, 0x00000007e0800000, 0x00000007e0800000|100%|HC|  |TAMS 0x00000007e0600000| PB 0x00000007e0600000| Untracked |  0
|1767|0x00000007e0800000, 0x00000007e0a00000, 0x00000007e0a00000|100%|HS|  |TAMS 0x00000007e0800000| PB 0x00000007e0800000| Untracked |  0
|1768|0x00000007e0a00000, 0x00000007e0c00000, 0x00000007e0c00000|100%|HC|  |TAMS 0x00000007e0a00000| PB 0x00000007e0a00000| Untracked |  0
|1769|0x00000007e0c00000, 0x00000007e0e00000, 0x00000007e0e00000|100%|HS|  |TAMS 0x00000007e0c00000| PB 0x00000007e0c00000| Untracked |  0
|1770|0x00000007e0e00000, 0x00000007e1000000, 0x00000007e1000000|100%|HC|  |TAMS 0x00000007e0e00000| PB 0x00000007e0e00000| Untracked |  0
|1771|0x00000007e1000000, 0x00000007e1200000, 0x00000007e1200000|100%|HS|  |TAMS 0x00000007e1000000| PB 0x00000007e1000000| Untracked |  0
|1772|0x00000007e1200000, 0x00000007e1400000, 0x00000007e1400000|100%|HC|  |TAMS 0x00000007e1200000| PB 0x00000007e1200000| Untracked |  0
|1773|0x00000007e1400000, 0x00000007e1600000, 0x00000007e1600000|100%|HS|  |TAMS 0x00000007e1400000| PB 0x00000007e1400000| Untracked |  0
|1774|0x00000007e1600000, 0x00000007e1800000, 0x00000007e1800000|100%|HC|  |TAMS 0x00000007e1600000| PB 0x00000007e1600000| Untracked |  0
|1775|0x00000007e1800000, 0x00000007e1a00000, 0x00000007e1a00000|100%|HS|  |TAMS 0x00000007e1800000| PB 0x00000007e1800000| Untracked |  0
|1776|0x00000007e1a00000, 0x00000007e1c00000, 0x00000007e1c00000|100%|HC|  |TAMS 0x00000007e1a00000| PB 0x00000007e1a00000| Untracked |  0
|1777|0x00000007e1c00000, 0x00000007e1e00000, 0x00000007e1e00000|100%|HS|  |TAMS 0x00000007e1c00000| PB 0x00000007e1c00000| Untracked |  0
|1778|0x00000007e1e00000, 0x00000007e2000000, 0x00000007e2000000|100%|HC|  |TAMS 0x00000007e1e00000| PB 0x00000007e1e00000| Untracked |  0
|1779|0x00000007e2000000, 0x00000007e2200000, 0x00000007e2200000|100%|HS|  |TAMS 0x00000007e2000000| PB 0x00000007e2000000| Untracked |  0
|1780|0x00000007e2200000, 0x00000007e2400000, 0x00000007e2400000|100%|HC|  |TAMS 0x00000007e2200000| PB 0x00000007e2200000| Untracked |  0
|1781|0x00000007e2400000, 0x00000007e2600000, 0x00000007e2600000|100%|HS|  |TAMS 0x00000007e2400000| PB 0x00000007e2400000| Untracked |  0
|1782|0x00000007e2600000, 0x00000007e2710b28, 0x00000007e2800000| 53%| O|  |TAMS 0x00000007e2600000| PB 0x00000007e2600000| Untracked |  0
|1783|0x00000007e2800000, 0x00000007e29449e8, 0x00000007e2a00000| 63%| O|  |TAMS 0x00000007e2800000| PB 0x00000007e2800000| Untracked |  0
|1784|0x00000007e2a00000, 0x00000007e2c00000, 0x00000007e2c00000|100%|HS|  |TAMS 0x00000007e2a00000| PB 0x00000007e2a00000| Untracked |  0
|1785|0x00000007e2c00000, 0x00000007e2e00000, 0x00000007e2e00000|100%|HC|  |TAMS 0x00000007e2c00000| PB 0x00000007e2c00000| Untracked |  0
|1786|0x00000007e2e00000, 0x00000007e3000000, 0x00000007e3000000|100%|HS|  |TAMS 0x00000007e2e00000| PB 0x00000007e2e00000| Untracked |  0
|1787|0x00000007e3000000, 0x00000007e3200000, 0x00000007e3200000|100%|HC|  |TAMS 0x00000007e3000000| PB 0x00000007e3000000| Untracked |  0
|1788|0x00000007e3200000, 0x00000007e3400000, 0x00000007e3400000|100%|HS|  |TAMS 0x00000007e3200000| PB 0x00000007e3200000| Untracked |  0
|1789|0x00000007e3400000, 0x00000007e3600000, 0x00000007e3600000|100%|HC|  |TAMS 0x00000007e3400000| PB 0x00000007e3400000| Untracked |  0
|1790|0x00000007e3600000, 0x00000007e3800000, 0x00000007e3800000|100%|HS|  |TAMS 0x00000007e3600000| PB 0x00000007e3600000| Untracked |  0
|1791|0x00000007e3800000, 0x00000007e3a00000, 0x00000007e3a00000|100%|HC|  |TAMS 0x00000007e3800000| PB 0x00000007e3800000| Untracked |  0
|1792|0x00000007e3a00000, 0x00000007e3c00000, 0x00000007e3c00000|100%|HS|  |TAMS 0x00000007e3a00000| PB 0x00000007e3a00000| Untracked |  0
|1793|0x00000007e3c00000, 0x00000007e3e00000, 0x00000007e3e00000|100%|HC|  |TAMS 0x00000007e3c00000| PB 0x00000007e3c00000| Untracked |  0
|1794|0x00000007e3e00000, 0x00000007e4000000, 0x00000007e4000000|100%|HS|  |TAMS 0x00000007e3e00000| PB 0x00000007e3e00000| Untracked |  0
|1795|0x00000007e4000000, 0x00000007e4200000, 0x00000007e4200000|100%|HC|  |TAMS 0x00000007e4000000| PB 0x00000007e4000000| Untracked |  0
|1796|0x00000007e4200000, 0x00000007e4400000, 0x00000007e4400000|100%|HS|  |TAMS 0x00000007e4200000| PB 0x00000007e4200000| Untracked |  0
|1797|0x00000007e4400000, 0x00000007e4600000, 0x00000007e4600000|100%|HC|  |TAMS 0x00000007e4400000| PB 0x00000007e4400000| Untracked |  0
|1798|0x00000007e4600000, 0x00000007e4800000, 0x00000007e4800000|100%|HS|  |TAMS 0x00000007e4600000| PB 0x00000007e4600000| Untracked |  0
|1799|0x00000007e4800000, 0x00000007e4a00000, 0x00000007e4a00000|100%|HC|  |TAMS 0x00000007e4800000| PB 0x00000007e4800000| Untracked |  0
|1800|0x00000007e4a00000, 0x00000007e4bec5b0, 0x00000007e4c00000| 96%| O|  |TAMS 0x00000007e4a00000| PB 0x00000007e4a00000| Untracked |  0
|1801|0x00000007e4c00000, 0x00000007e4e00000, 0x00000007e4e00000|100%|HS|  |TAMS 0x00000007e4c00000| PB 0x00000007e4c00000| Untracked |  0
|1802|0x00000007e4e00000, 0x00000007e5000000, 0x00000007e5000000|100%|HC|  |TAMS 0x00000007e4e00000| PB 0x00000007e4e00000| Untracked |  0
|1803|0x00000007e5000000, 0x00000007e5200000, 0x00000007e5200000|100%|HS|  |TAMS 0x00000007e5000000| PB 0x00000007e5000000| Untracked |  0
|1804|0x00000007e5200000, 0x00000007e5400000, 0x00000007e5400000|100%|HC|  |TAMS 0x00000007e5200000| PB 0x00000007e5200000| Untracked |  0
|1805|0x00000007e5400000, 0x00000007e5600000, 0x00000007e5600000|100%|HS|  |TAMS 0x00000007e5400000| PB 0x00000007e5400000| Untracked |  0
|1806|0x00000007e5600000, 0x00000007e5800000, 0x00000007e5800000|100%|HC|  |TAMS 0x00000007e5600000| PB 0x00000007e5600000| Untracked |  0
|1807|0x00000007e5800000, 0x00000007e5a00000, 0x00000007e5a00000|100%|HS|  |TAMS 0x00000007e5800000| PB 0x00000007e5800000| Untracked |  0
|1808|0x00000007e5a00000, 0x00000007e5c00000, 0x00000007e5c00000|100%|HC|  |TAMS 0x00000007e5a00000| PB 0x00000007e5a00000| Untracked |  0
|1809|0x00000007e5c00000, 0x00000007e5e00000, 0x00000007e5e00000|100%|HS|  |TAMS 0x00000007e5c00000| PB 0x00000007e5c00000| Untracked |  0
|1810|0x00000007e5e00000, 0x00000007e6000000, 0x00000007e6000000|100%|HC|  |TAMS 0x00000007e5e00000| PB 0x00000007e5e00000| Untracked |  0
|1811|0x00000007e6000000, 0x00000007e6200000, 0x00000007e6200000|100%|HS|  |TAMS 0x00000007e6000000| PB 0x00000007e6000000| Untracked |  0
|1812|0x00000007e6200000, 0x00000007e6400000, 0x00000007e6400000|100%|HC|  |TAMS 0x00000007e6200000| PB 0x00000007e6200000| Untracked |  0
|1813|0x00000007e6400000, 0x00000007e6600000, 0x00000007e6600000|100%|HS|  |TAMS 0x00000007e6400000| PB 0x00000007e6400000| Untracked |  0
|1814|0x00000007e6600000, 0x00000007e6800000, 0x00000007e6800000|100%|HC|  |TAMS 0x00000007e6600000| PB 0x00000007e6600000| Untracked |  0
|1815|0x00000007e6800000, 0x00000007e6a00000, 0x00000007e6a00000|100%|HS|  |TAMS 0x00000007e6800000| PB 0x00000007e6800000| Untracked |  0
|1816|0x00000007e6a00000, 0x00000007e6c00000, 0x00000007e6c00000|100%|HC|  |TAMS 0x00000007e6a00000| PB 0x00000007e6a00000| Untracked |  0
|1817|0x00000007e6c00000, 0x00000007e6e00000, 0x00000007e6e00000|100%|HS|  |TAMS 0x00000007e6c00000| PB 0x00000007e6c00000| Untracked |  0
|1818|0x00000007e6e00000, 0x00000007e7000000, 0x00000007e7000000|100%|HC|  |TAMS 0x00000007e6e00000| PB 0x00000007e6e00000| Untracked |  0
|1819|0x00000007e7000000, 0x00000007e7200000, 0x00000007e7200000|100%|HS|  |TAMS 0x00000007e7000000| PB 0x00000007e7000000| Untracked |  0
|1820|0x00000007e7200000, 0x00000007e7400000, 0x00000007e7400000|100%|HC|  |TAMS 0x00000007e7200000| PB 0x00000007e7200000| Untracked |  0
|1821|0x00000007e7400000, 0x00000007e7600000, 0x00000007e7600000|100%|HS|  |TAMS 0x00000007e7400000| PB 0x00000007e7400000| Untracked |  0
|1822|0x00000007e7600000, 0x00000007e7800000, 0x00000007e7800000|100%|HC|  |TAMS 0x00000007e7600000| PB 0x00000007e7600000| Untracked |  0
|1823|0x00000007e7800000, 0x00000007e7a00000, 0x00000007e7a00000|100%|HS|  |TAMS 0x00000007e7800000| PB 0x00000007e7800000| Untracked |  0
|1824|0x00000007e7a00000, 0x00000007e7c00000, 0x00000007e7c00000|100%|HC|  |TAMS 0x00000007e7a00000| PB 0x00000007e7a00000| Untracked |  0
|1825|0x00000007e7c00000, 0x00000007e7e00000, 0x00000007e7e00000|100%|HS|  |TAMS 0x00000007e7c00000| PB 0x00000007e7c00000| Untracked |  0
|1826|0x00000007e7e00000, 0x00000007e8000000, 0x00000007e8000000|100%|HC|  |TAMS 0x00000007e7e00000| PB 0x00000007e7e00000| Untracked |  0
|1827|0x00000007e8000000, 0x00000007e8200000, 0x00000007e8200000|100%|HS|  |TAMS 0x00000007e8000000| PB 0x00000007e8000000| Untracked |  0
|1828|0x00000007e8200000, 0x00000007e8400000, 0x00000007e8400000|100%|HC|  |TAMS 0x00000007e8200000| PB 0x00000007e8200000| Untracked |  0
|1829|0x00000007e8400000, 0x00000007e8600000, 0x00000007e8600000|100%|HS|  |TAMS 0x00000007e8400000| PB 0x00000007e8400000| Untracked |  0
|1830|0x00000007e8600000, 0x00000007e8800000, 0x00000007e8800000|100%|HC|  |TAMS 0x00000007e8600000| PB 0x00000007e8600000| Untracked |  0
|1831|0x00000007e8800000, 0x00000007e8a00000, 0x00000007e8a00000|100%|HS|  |TAMS 0x00000007e8800000| PB 0x00000007e8800000| Untracked |  0
|1832|0x00000007e8a00000, 0x00000007e8c00000, 0x00000007e8c00000|100%|HC|  |TAMS 0x00000007e8a00000| PB 0x00000007e8a00000| Untracked |  0
|1833|0x00000007e8c00000, 0x00000007e8e00000, 0x00000007e8e00000|100%|HS|  |TAMS 0x00000007e8c00000| PB 0x00000007e8c00000| Untracked |  0
|1834|0x00000007e8e00000, 0x00000007e9000000, 0x00000007e9000000|100%|HC|  |TAMS 0x00000007e8e00000| PB 0x00000007e8e00000| Untracked |  0
|1835|0x00000007e9000000, 0x00000007e9200000, 0x00000007e9200000|100%|HS|  |TAMS 0x00000007e9000000| PB 0x00000007e9000000| Untracked |  0
|1836|0x00000007e9200000, 0x00000007e9400000, 0x00000007e9400000|100%|HC|  |TAMS 0x00000007e9200000| PB 0x00000007e9200000| Untracked |  0
|1837|0x00000007e9400000, 0x00000007e9600000, 0x00000007e9600000|100%|HS|  |TAMS 0x00000007e9400000| PB 0x00000007e9400000| Untracked |  0
|1838|0x00000007e9600000, 0x00000007e9800000, 0x00000007e9800000|100%|HC|  |TAMS 0x00000007e9600000| PB 0x00000007e9600000| Untracked |  0
|1839|0x00000007e9800000, 0x00000007e9a00000, 0x00000007e9a00000|100%|HS|  |TAMS 0x00000007e9800000| PB 0x00000007e9800000| Untracked |  0
|1840|0x00000007e9a00000, 0x00000007e9c00000, 0x00000007e9c00000|100%|HC|  |TAMS 0x00000007e9a00000| PB 0x00000007e9a00000| Untracked |  0
|1841|0x00000007e9c00000, 0x00000007e9e00000, 0x00000007e9e00000|100%|HS|  |TAMS 0x00000007e9c00000| PB 0x00000007e9c00000| Untracked |  0
|1842|0x00000007e9e00000, 0x00000007ea000000, 0x00000007ea000000|100%|HC|  |TAMS 0x00000007e9e00000| PB 0x00000007e9e00000| Untracked |  0
|1843|0x00000007ea000000, 0x00000007ea200000, 0x00000007ea200000|100%|HS|  |TAMS 0x00000007ea000000| PB 0x00000007ea000000| Untracked |  0
|1844|0x00000007ea200000, 0x00000007ea400000, 0x00000007ea400000|100%|HC|  |TAMS 0x00000007ea200000| PB 0x00000007ea200000| Untracked |  0
|1845|0x00000007ea400000, 0x00000007ea600000, 0x00000007ea600000|100%|HS|  |TAMS 0x00000007ea400000| PB 0x00000007ea400000| Untracked |  0
|1846|0x00000007ea600000, 0x00000007ea800000, 0x00000007ea800000|100%|HC|  |TAMS 0x00000007ea600000| PB 0x00000007ea600000| Untracked |  0
|1847|0x00000007ea800000, 0x00000007eaa00000, 0x00000007eaa00000|100%|HS|  |TAMS 0x00000007ea800000| PB 0x00000007ea800000| Untracked |  0
|1848|0x00000007eaa00000, 0x00000007eac00000, 0x00000007eac00000|100%|HC|  |TAMS 0x00000007eaa00000| PB 0x00000007eaa00000| Untracked |  0
|1849|0x00000007eac00000, 0x00000007eae00000, 0x00000007eae00000|100%|HS|  |TAMS 0x00000007eac00000| PB 0x00000007eac00000| Untracked |  0
|1850|0x00000007eae00000, 0x00000007eb000000, 0x00000007eb000000|100%|HC|  |TAMS 0x00000007eae00000| PB 0x00000007eae00000| Untracked |  0
|1851|0x00000007eb000000, 0x00000007eb200000, 0x00000007eb200000|100%|HS|  |TAMS 0x00000007eb000000| PB 0x00000007eb000000| Untracked |  0
|1852|0x00000007eb200000, 0x00000007eb400000, 0x00000007eb400000|100%|HC|  |TAMS 0x00000007eb200000| PB 0x00000007eb200000| Untracked |  0
|1853|0x00000007eb400000, 0x00000007eb600000, 0x00000007eb600000|100%|HS|  |TAMS 0x00000007eb400000| PB 0x00000007eb400000| Untracked |  0
|1854|0x00000007eb600000, 0x00000007eb800000, 0x00000007eb800000|100%|HC|  |TAMS 0x00000007eb600000| PB 0x00000007eb600000| Untracked |  0
|1855|0x00000007eb800000, 0x00000007eba00000, 0x00000007eba00000|100%|HS|  |TAMS 0x00000007eb800000| PB 0x00000007eb800000| Untracked |  0
|1856|0x00000007eba00000, 0x00000007ebc00000, 0x00000007ebc00000|100%|HC|  |TAMS 0x00000007eba00000| PB 0x00000007eba00000| Untracked |  0
|1857|0x00000007ebc00000, 0x00000007ebe00000, 0x00000007ebe00000|100%|HS|  |TAMS 0x00000007ebc00000| PB 0x00000007ebc00000| Untracked |  0
|1858|0x00000007ebe00000, 0x00000007ec000000, 0x00000007ec000000|100%|HC|  |TAMS 0x00000007ebe00000| PB 0x00000007ebe00000| Untracked |  0
|1859|0x00000007ec000000, 0x00000007ec200000, 0x00000007ec200000|100%|HS|  |TAMS 0x00000007ec000000| PB 0x00000007ec000000| Untracked |  0
|1860|0x00000007ec200000, 0x00000007ec400000, 0x00000007ec400000|100%|HC|  |TAMS 0x00000007ec200000| PB 0x00000007ec200000| Untracked |  0
|1861|0x00000007ec400000, 0x00000007ec600000, 0x00000007ec600000|100%|HS|  |TAMS 0x00000007ec400000| PB 0x00000007ec400000| Untracked |  0
|1862|0x00000007ec600000, 0x00000007ec800000, 0x00000007ec800000|100%|HC|  |TAMS 0x00000007ec600000| PB 0x00000007ec600000| Untracked |  0
|1863|0x00000007ec800000, 0x00000007eca00000, 0x00000007eca00000|100%|HS|  |TAMS 0x00000007ec800000| PB 0x00000007ec800000| Untracked |  0
|1864|0x00000007eca00000, 0x00000007ecc00000, 0x00000007ecc00000|100%|HC|  |TAMS 0x00000007eca00000| PB 0x00000007eca00000| Untracked |  0
|1865|0x00000007ecc00000, 0x00000007ece00000, 0x00000007ece00000|100%|HS|  |TAMS 0x00000007ecc00000| PB 0x00000007ecc00000| Untracked |  0
|1866|0x00000007ece00000, 0x00000007ed000000, 0x00000007ed000000|100%|HC|  |TAMS 0x00000007ece00000| PB 0x00000007ece00000| Untracked |  0
|1867|0x00000007ed000000, 0x00000007ed200000, 0x00000007ed200000|100%|HS|  |TAMS 0x00000007ed000000| PB 0x00000007ed000000| Untracked |  0
|1868|0x00000007ed200000, 0x00000007ed400000, 0x00000007ed400000|100%|HC|  |TAMS 0x00000007ed200000| PB 0x00000007ed200000| Untracked |  0
|1869|0x00000007ed400000, 0x00000007ed600000, 0x00000007ed600000|100%|HS|  |TAMS 0x00000007ed400000| PB 0x00000007ed400000| Untracked |  0
|1870|0x00000007ed600000, 0x00000007ed800000, 0x00000007ed800000|100%|HC|  |TAMS 0x00000007ed600000| PB 0x00000007ed600000| Untracked |  0
|1871|0x00000007ed800000, 0x00000007eda00000, 0x00000007eda00000|100%|HS|  |TAMS 0x00000007ed800000| PB 0x00000007ed800000| Untracked |  0
|1872|0x00000007eda00000, 0x00000007edc00000, 0x00000007edc00000|100%|HC|  |TAMS 0x00000007eda00000| PB 0x00000007eda00000| Untracked |  0
|1873|0x00000007edc00000, 0x00000007ede00000, 0x00000007ede00000|100%|HS|  |TAMS 0x00000007edc00000| PB 0x00000007edc00000| Untracked |  0
|1874|0x00000007ede00000, 0x00000007ee000000, 0x00000007ee000000|100%|HC|  |TAMS 0x00000007ede00000| PB 0x00000007ede00000| Untracked |  0
|1875|0x00000007ee000000, 0x00000007ee200000, 0x00000007ee200000|100%|HS|  |TAMS 0x00000007ee000000| PB 0x00000007ee000000| Untracked |  0
|1876|0x00000007ee200000, 0x00000007ee400000, 0x00000007ee400000|100%|HC|  |TAMS 0x00000007ee200000| PB 0x00000007ee200000| Untracked |  0
|1877|0x00000007ee400000, 0x00000007ee600000, 0x00000007ee600000|100%|HS|  |TAMS 0x00000007ee400000| PB 0x00000007ee400000| Untracked |  0
|1878|0x00000007ee600000, 0x00000007ee800000, 0x00000007ee800000|100%|HC|  |TAMS 0x00000007ee600000| PB 0x00000007ee600000| Untracked |  0
|1879|0x00000007ee800000, 0x00000007eea00000, 0x00000007eea00000|100%|HS|  |TAMS 0x00000007ee800000| PB 0x00000007ee800000| Untracked |  0
|1880|0x00000007eea00000, 0x00000007eec00000, 0x00000007eec00000|100%|HC|  |TAMS 0x00000007eea00000| PB 0x00000007eea00000| Untracked |  0
|1881|0x00000007eec00000, 0x00000007eee00000, 0x00000007eee00000|100%|HS|  |TAMS 0x00000007eec00000| PB 0x00000007eec00000| Untracked |  0
|1882|0x00000007eee00000, 0x00000007ef000000, 0x00000007ef000000|100%|HC|  |TAMS 0x00000007eee00000| PB 0x00000007eee00000| Untracked |  0
|1883|0x00000007ef000000, 0x00000007ef200000, 0x00000007ef200000|100%|HS|  |TAMS 0x00000007ef000000| PB 0x00000007ef000000| Untracked |  0
|1884|0x00000007ef200000, 0x00000007ef400000, 0x00000007ef400000|100%|HC|  |TAMS 0x00000007ef200000| PB 0x00000007ef200000| Untracked |  0
|1885|0x00000007ef400000, 0x00000007ef600000, 0x00000007ef600000|100%|HS|  |TAMS 0x00000007ef400000| PB 0x00000007ef400000| Untracked |  0
|1886|0x00000007ef600000, 0x00000007ef800000, 0x00000007ef800000|100%|HC|  |TAMS 0x00000007ef600000| PB 0x00000007ef600000| Untracked |  0
|1887|0x00000007ef800000, 0x00000007efa00000, 0x00000007efa00000|100%|HS|  |TAMS 0x00000007ef800000| PB 0x00000007ef800000| Untracked |  0
|1888|0x00000007efa00000, 0x00000007efc00000, 0x00000007efc00000|100%|HC|  |TAMS 0x00000007efa00000| PB 0x00000007efa00000| Untracked |  0
|1889|0x00000007efc00000, 0x00000007efe00000, 0x00000007efe00000|100%|HS|  |TAMS 0x00000007efc00000| PB 0x00000007efc00000| Untracked |  0
|1890|0x00000007efe00000, 0x00000007f0000000, 0x00000007f0000000|100%|HC|  |TAMS 0x00000007efe00000| PB 0x00000007efe00000| Untracked |  0
|1891|0x00000007f0000000, 0x00000007f0200000, 0x00000007f0200000|100%|HS|  |TAMS 0x00000007f0000000| PB 0x00000007f0000000| Untracked |  0
|1892|0x00000007f0200000, 0x00000007f0400000, 0x00000007f0400000|100%|HC|  |TAMS 0x00000007f0200000| PB 0x00000007f0200000| Untracked |  0
|1893|0x00000007f0400000, 0x00000007f0600000, 0x00000007f0600000|100%|HS|  |TAMS 0x00000007f0400000| PB 0x00000007f0400000| Untracked |  0
|1894|0x00000007f0600000, 0x00000007f0800000, 0x00000007f0800000|100%|HC|  |TAMS 0x00000007f0600000| PB 0x00000007f0600000| Untracked |  0
|1895|0x00000007f0800000, 0x00000007f0a00000, 0x00000007f0a00000|100%|HS|  |TAMS 0x00000007f0800000| PB 0x00000007f0800000| Untracked |  0
|1896|0x00000007f0a00000, 0x00000007f0c00000, 0x00000007f0c00000|100%|HC|  |TAMS 0x00000007f0a00000| PB 0x00000007f0a00000| Untracked |  0
|1897|0x00000007f0c00000, 0x00000007f0e00000, 0x00000007f0e00000|100%|HS|  |TAMS 0x00000007f0c00000| PB 0x00000007f0c00000| Untracked |  0
|1898|0x00000007f0e00000, 0x00000007f1000000, 0x00000007f1000000|100%|HC|  |TAMS 0x00000007f0e00000| PB 0x00000007f0e00000| Untracked |  0
|1899|0x00000007f1000000, 0x00000007f1200000, 0x00000007f1200000|100%|HS|  |TAMS 0x00000007f1000000| PB 0x00000007f1000000| Untracked |  0
|1900|0x00000007f1200000, 0x00000007f1400000, 0x00000007f1400000|100%|HC|  |TAMS 0x00000007f1200000| PB 0x00000007f1200000| Untracked |  0
|1901|0x00000007f1400000, 0x00000007f1600000, 0x00000007f1600000|100%|HS|  |TAMS 0x00000007f1400000| PB 0x00000007f1400000| Untracked |  0
|1902|0x00000007f1600000, 0x00000007f1800000, 0x00000007f1800000|100%|HC|  |TAMS 0x00000007f1600000| PB 0x00000007f1600000| Untracked |  0
|1903|0x00000007f1800000, 0x00000007f1a00000, 0x00000007f1a00000|100%|HS|  |TAMS 0x00000007f1800000| PB 0x00000007f1800000| Untracked |  0
|1904|0x00000007f1a00000, 0x00000007f1c00000, 0x00000007f1c00000|100%|HC|  |TAMS 0x00000007f1a00000| PB 0x00000007f1a00000| Untracked |  0
|1905|0x00000007f1c00000, 0x00000007f1e00000, 0x00000007f1e00000|100%|HS|  |TAMS 0x00000007f1c00000| PB 0x00000007f1c00000| Untracked |  0
|1906|0x00000007f1e00000, 0x00000007f2000000, 0x00000007f2000000|100%|HC|  |TAMS 0x00000007f1e00000| PB 0x00000007f1e00000| Untracked |  0
|1907|0x00000007f2000000, 0x00000007f2200000, 0x00000007f2200000|100%|HS|  |TAMS 0x00000007f2000000| PB 0x00000007f2000000| Untracked |  0
|1908|0x00000007f2200000, 0x00000007f2400000, 0x00000007f2400000|100%|HC|  |TAMS 0x00000007f2200000| PB 0x00000007f2200000| Untracked |  0
|1909|0x00000007f2400000, 0x00000007f2600000, 0x00000007f2600000|100%|HS|  |TAMS 0x00000007f2400000| PB 0x00000007f2400000| Untracked |  0
|1910|0x00000007f2600000, 0x00000007f2800000, 0x00000007f2800000|100%|HC|  |TAMS 0x00000007f2600000| PB 0x00000007f2600000| Untracked |  0
|1911|0x00000007f2800000, 0x00000007f2a00000, 0x00000007f2a00000|100%|HS|  |TAMS 0x00000007f2800000| PB 0x00000007f2800000| Untracked |  0
|1912|0x00000007f2a00000, 0x00000007f2c00000, 0x00000007f2c00000|100%|HC|  |TAMS 0x00000007f2a00000| PB 0x00000007f2a00000| Untracked |  0
|1913|0x00000007f2c00000, 0x00000007f2e00000, 0x00000007f2e00000|100%|HS|  |TAMS 0x00000007f2c00000| PB 0x00000007f2c00000| Untracked |  0
|1914|0x00000007f2e00000, 0x00000007f3000000, 0x00000007f3000000|100%|HC|  |TAMS 0x00000007f2e00000| PB 0x00000007f2e00000| Untracked |  0
|1915|0x00000007f3000000, 0x00000007f3200000, 0x00000007f3200000|100%|HS|  |TAMS 0x00000007f3000000| PB 0x00000007f3000000| Untracked |  0
|1916|0x00000007f3200000, 0x00000007f3400000, 0x00000007f3400000|100%|HC|  |TAMS 0x00000007f3200000| PB 0x00000007f3200000| Untracked |  0
|1917|0x00000007f3400000, 0x00000007f3600000, 0x00000007f3600000|100%|HS|  |TAMS 0x00000007f3400000| PB 0x00000007f3400000| Untracked |  0
|1918|0x00000007f3600000, 0x00000007f3800000, 0x00000007f3800000|100%|HC|  |TAMS 0x00000007f3600000| PB 0x00000007f3600000| Untracked |  0
|1919|0x00000007f3800000, 0x00000007f3a00000, 0x00000007f3a00000|100%|HS|  |TAMS 0x00000007f3800000| PB 0x00000007f3800000| Untracked |  0
|1920|0x00000007f3a00000, 0x00000007f3c00000, 0x00000007f3c00000|100%|HC|  |TAMS 0x00000007f3a00000| PB 0x00000007f3a00000| Untracked |  0
|1921|0x00000007f3c00000, 0x00000007f3e00000, 0x00000007f3e00000|100%|HS|  |TAMS 0x00000007f3c00000| PB 0x00000007f3c00000| Untracked |  0
|1922|0x00000007f3e00000, 0x00000007f4000000, 0x00000007f4000000|100%|HC|  |TAMS 0x00000007f3e00000| PB 0x00000007f3e00000| Untracked |  0
|1923|0x00000007f4000000, 0x00000007f4200000, 0x00000007f4200000|100%|HS|  |TAMS 0x00000007f4000000| PB 0x00000007f4000000| Untracked |  0
|1924|0x00000007f4200000, 0x00000007f4400000, 0x00000007f4400000|100%|HC|  |TAMS 0x00000007f4200000| PB 0x00000007f4200000| Untracked |  0
|1925|0x00000007f4400000, 0x00000007f4600000, 0x00000007f4600000|100%|HS|  |TAMS 0x00000007f4400000| PB 0x00000007f4400000| Untracked |  0
|1926|0x00000007f4600000, 0x00000007f4800000, 0x00000007f4800000|100%|HC|  |TAMS 0x00000007f4600000| PB 0x00000007f4600000| Untracked |  0
|1927|0x00000007f4800000, 0x00000007f4a00000, 0x00000007f4a00000|100%|HS|  |TAMS 0x00000007f4800000| PB 0x00000007f4800000| Untracked |  0
|1928|0x00000007f4a00000, 0x00000007f4c00000, 0x00000007f4c00000|100%|HC|  |TAMS 0x00000007f4a00000| PB 0x00000007f4a00000| Untracked |  0
|1929|0x00000007f4c00000, 0x00000007f4e00000, 0x00000007f4e00000|100%|HS|  |TAMS 0x00000007f4c00000| PB 0x00000007f4c00000| Untracked |  0
|1930|0x00000007f4e00000, 0x00000007f5000000, 0x00000007f5000000|100%|HC|  |TAMS 0x00000007f4e00000| PB 0x00000007f4e00000| Untracked |  0
|1931|0x00000007f5000000, 0x00000007f5200000, 0x00000007f5200000|100%|HS|  |TAMS 0x00000007f5000000| PB 0x00000007f5000000| Untracked |  0
|1932|0x00000007f5200000, 0x00000007f5400000, 0x00000007f5400000|100%|HC|  |TAMS 0x00000007f5200000| PB 0x00000007f5200000| Untracked |  0
|1933|0x00000007f5400000, 0x00000007f5600000, 0x00000007f5600000|100%|HS|  |TAMS 0x00000007f5400000| PB 0x00000007f5400000| Untracked |  0
|1934|0x00000007f5600000, 0x00000007f5800000, 0x00000007f5800000|100%|HC|  |TAMS 0x00000007f5600000| PB 0x00000007f5600000| Untracked |  0
|1935|0x00000007f5800000, 0x00000007f5a00000, 0x00000007f5a00000|100%|HS|  |TAMS 0x00000007f5800000| PB 0x00000007f5800000| Untracked |  0
|1936|0x00000007f5a00000, 0x00000007f5c00000, 0x00000007f5c00000|100%|HC|  |TAMS 0x00000007f5a00000| PB 0x00000007f5a00000| Untracked |  0
|1937|0x00000007f5c00000, 0x00000007f5e00000, 0x00000007f5e00000|100%|HS|  |TAMS 0x00000007f5c00000| PB 0x00000007f5c00000| Untracked |  0
|1938|0x00000007f5e00000, 0x00000007f6000000, 0x00000007f6000000|100%|HC|  |TAMS 0x00000007f5e00000| PB 0x00000007f5e00000| Untracked |  0
|1939|0x00000007f6000000, 0x00000007f6200000, 0x00000007f6200000|100%|HS|  |TAMS 0x00000007f6000000| PB 0x00000007f6000000| Untracked |  0
|1940|0x00000007f6200000, 0x00000007f6400000, 0x00000007f6400000|100%|HC|  |TAMS 0x00000007f6200000| PB 0x00000007f6200000| Untracked |  0
|1941|0x00000007f6400000, 0x00000007f6600000, 0x00000007f6600000|100%|HS|  |TAMS 0x00000007f6400000| PB 0x00000007f6400000| Untracked |  0
|1942|0x00000007f6600000, 0x00000007f6800000, 0x00000007f6800000|100%|HC|  |TAMS 0x00000007f6600000| PB 0x00000007f6600000| Untracked |  0
|1943|0x00000007f6800000, 0x00000007f69ec5b0, 0x00000007f6a00000| 96%| O|  |TAMS 0x00000007f6800000| PB 0x00000007f6800000| Untracked |  0
|1944|0x00000007f6a00000, 0x00000007f6b43760, 0x00000007f6c00000| 63%| O|  |TAMS 0x00000007f6a00000| PB 0x00000007f6a00000| Untracked |  0
|1945|0x00000007f6c00000, 0x00000007f6e00000, 0x00000007f6e00000|100%|HS|  |TAMS 0x00000007f6c00000| PB 0x00000007f6c00000| Untracked |  0
|1946|0x00000007f6e00000, 0x00000007f7000000, 0x00000007f7000000|100%|HC|  |TAMS 0x00000007f6e00000| PB 0x00000007f6e00000| Untracked |  0
|1947|0x00000007f7000000, 0x00000007f7200000, 0x00000007f7200000|100%|HS|  |TAMS 0x00000007f7000000| PB 0x00000007f7000000| Untracked |  0
|1948|0x00000007f7200000, 0x00000007f7400000, 0x00000007f7400000|100%|HC|  |TAMS 0x00000007f7200000| PB 0x00000007f7200000| Untracked |  0
|1949|0x00000007f7400000, 0x00000007f75ec5b0, 0x00000007f7600000| 96%| O|  |TAMS 0x00000007f7400000| PB 0x00000007f7400000| Untracked |  0
|1950|0x00000007f7600000, 0x00000007f7800000, 0x00000007f7800000|100%|HS|  |TAMS 0x00000007f7600000| PB 0x00000007f7600000| Untracked |  0
|1951|0x00000007f7800000, 0x00000007f7a00000, 0x00000007f7a00000|100%|HC|  |TAMS 0x00000007f7800000| PB 0x00000007f7800000| Untracked |  0
|1952|0x00000007f7a00000, 0x00000007f7c00000, 0x00000007f7c00000|100%|HS|  |TAMS 0x00000007f7a00000| PB 0x00000007f7a00000| Untracked |  0
|1953|0x00000007f7c00000, 0x00000007f7e00000, 0x00000007f7e00000|100%|HC|  |TAMS 0x00000007f7c00000| PB 0x00000007f7c00000| Untracked |  0
|1954|0x00000007f7e00000, 0x00000007f7fec5b0, 0x00000007f8000000| 96%| O|  |TAMS 0x00000007f7e00000| PB 0x00000007f7e00000| Untracked |  0
|1955|0x00000007f8000000, 0x00000007f81ed5c0, 0x00000007f8200000| 96%| O|  |TAMS 0x00000007f8000000| PB 0x00000007f8000000| Untracked |  0
|1956|0x00000007f8200000, 0x00000007f83ec5b0, 0x00000007f8400000| 96%| O|  |TAMS 0x00000007f8200000| PB 0x00000007f8200000| Untracked |  0
|1957|0x00000007f8400000, 0x00000007f85ec5b0, 0x00000007f8600000| 96%| O|  |TAMS 0x00000007f8400000| PB 0x00000007f8400000| Untracked |  0
|1958|0x00000007f8600000, 0x00000007f87ec5b0, 0x00000007f8800000| 96%| O|  |TAMS 0x00000007f8600000| PB 0x00000007f8600000| Untracked |  0
|1959|0x00000007f8800000, 0x00000007f89ec5b0, 0x00000007f8a00000| 96%| O|  |TAMS 0x00000007f8800000| PB 0x00000007f8800000| Untracked |  0
|1960|0x00000007f8a00000, 0x00000007f8bec5b0, 0x00000007f8c00000| 96%| O|  |TAMS 0x00000007f8a00000| PB 0x00000007f8a00000| Untracked |  0
|1961|0x00000007f8c00000, 0x00000007f8dec5b0, 0x00000007f8e00000| 96%| O|  |TAMS 0x00000007f8c00000| PB 0x00000007f8c00000| Untracked |  0
|1962|0x00000007f8e00000, 0x00000007f8fedf70, 0x00000007f9000000| 96%| O|  |TAMS 0x00000007f8e00000| PB 0x00000007f8e00000| Untracked |  0
|1963|0x00000007f9000000, 0x00000007f91ec5b0, 0x00000007f9200000| 96%| O|  |TAMS 0x00000007f9000000| PB 0x00000007f9000000| Untracked |  0
|1964|0x00000007f9200000, 0x00000007f93ec5b0, 0x00000007f9400000| 96%| O|  |TAMS 0x00000007f9200000| PB 0x00000007f9200000| Untracked |  0
|1965|0x00000007f9400000, 0x00000007f95ec5b0, 0x00000007f9600000| 96%| O|  |TAMS 0x00000007f9400000| PB 0x00000007f9400000| Untracked |  0
|1966|0x00000007f9600000, 0x00000007f97ec5b0, 0x00000007f9800000| 96%| O|  |TAMS 0x00000007f9600000| PB 0x00000007f9600000| Untracked |  0
|1967|0x00000007f9800000, 0x00000007f99ec5b0, 0x00000007f9a00000| 96%| O|  |TAMS 0x00000007f9800000| PB 0x00000007f9800000| Untracked |  0
|1968|0x00000007f9a00000, 0x00000007f9bec5b0, 0x00000007f9c00000| 96%| O|  |TAMS 0x00000007f9a00000| PB 0x00000007f9a00000| Untracked |  0
|1969|0x00000007f9c00000, 0x00000007f9dec5b0, 0x00000007f9e00000| 96%| O|  |TAMS 0x00000007f9c00000| PB 0x00000007f9c00000| Untracked |  0
|1970|0x00000007f9e00000, 0x00000007f9fec5b0, 0x00000007fa000000| 96%| O|  |TAMS 0x00000007f9e00000| PB 0x00000007f9e00000| Untracked |  0
|1971|0x00000007fa000000, 0x00000007fa1ec5b0, 0x00000007fa200000| 96%| O|  |TAMS 0x00000007fa000000| PB 0x00000007fa000000| Untracked |  0
|1972|0x00000007fa200000, 0x00000007fa3ecc88, 0x00000007fa400000| 96%| O|  |TAMS 0x00000007fa200000| PB 0x00000007fa200000| Untracked |  0
|1973|0x00000007fa400000, 0x00000007fa5edf70, 0x00000007fa600000| 96%| O|  |TAMS 0x00000007fa400000| PB 0x00000007fa400000| Untracked |  0
|1974|0x00000007fa600000, 0x00000007fa7ec5b0, 0x00000007fa800000| 96%| O|  |TAMS 0x00000007fa600000| PB 0x00000007fa600000| Untracked |  0
|1975|0x00000007fa800000, 0x00000007fa9ec5b0, 0x00000007faa00000| 96%| O|  |TAMS 0x00000007fa800000| PB 0x00000007fa800000| Untracked |  0
|1976|0x00000007faa00000, 0x00000007fabec5b0, 0x00000007fac00000| 96%| O|  |TAMS 0x00000007faa00000| PB 0x00000007faa00000| Untracked |  0
|1977|0x00000007fac00000, 0x00000007fadec5b0, 0x00000007fae00000| 96%| O|  |TAMS 0x00000007fac00000| PB 0x00000007fac00000| Untracked |  0
|1978|0x00000007fae00000, 0x00000007fafeca00, 0x00000007fb000000| 96%| O|  |TAMS 0x00000007fae00000| PB 0x00000007fae00000| Untracked |  0
|1979|0x00000007fb000000, 0x00000007fb1ec5b0, 0x00000007fb200000| 96%| O|  |TAMS 0x00000007fb000000| PB 0x00000007fb000000| Untracked |  0
|1980|0x00000007fb200000, 0x00000007fb3ec5b0, 0x00000007fb400000| 96%| O|  |TAMS 0x00000007fb200000| PB 0x00000007fb200000| Untracked |  0
|1981|0x00000007fb400000, 0x00000007fb5ec5b0, 0x00000007fb600000| 96%| O|  |TAMS 0x00000007fb400000| PB 0x00000007fb400000| Untracked |  0
|1982|0x00000007fb600000, 0x00000007fb7f3ac0, 0x00000007fb800000| 97%| O|  |TAMS 0x00000007fb600000| PB 0x00000007fb600000| Untracked |  0
|1983|0x00000007fb800000, 0x00000007fb9ec5b0, 0x00000007fba00000| 96%| O|  |TAMS 0x00000007fb800000| PB 0x00000007fb800000| Untracked |  0
|1984|0x00000007fba00000, 0x00000007fbbec5b0, 0x00000007fbc00000| 96%| O|  |TAMS 0x00000007fba00000| PB 0x00000007fba00000| Untracked |  0
|1985|0x00000007fbc00000, 0x00000007fbdec5b0, 0x00000007fbe00000| 96%| O|  |TAMS 0x00000007fbc00000| PB 0x00000007fbc00000| Untracked |  0
|1986|0x00000007fbe00000, 0x00000007fbfec5b0, 0x00000007fc000000| 96%| O|  |TAMS 0x00000007fbe00000| PB 0x00000007fbe00000| Untracked |  0
|1987|0x00000007fc000000, 0x00000007fc1edf70, 0x00000007fc200000| 96%| O|  |TAMS 0x00000007fc000000| PB 0x00000007fc000000| Untracked |  0
|1988|0x00000007fc200000, 0x00000007fc3edf70, 0x00000007fc400000| 96%| O|  |TAMS 0x00000007fc200000| PB 0x00000007fc200000| Untracked |  0
|1989|0x00000007fc400000, 0x00000007fc5ec5b0, 0x00000007fc600000| 96%| O|  |TAMS 0x00000007fc400000| PB 0x00000007fc400000| Untracked |  0
|1990|0x00000007fc600000, 0x00000007fc7ec5b0, 0x00000007fc800000| 96%| O|  |TAMS 0x00000007fc600000| PB 0x00000007fc600000| Untracked |  0
|1991|0x00000007fc800000, 0x00000007fc9ee5d0, 0x00000007fca00000| 96%| O|  |TAMS 0x00000007fc800000| PB 0x00000007fc800000| Untracked |  0
|1992|0x00000007fca00000, 0x00000007fcbecc88, 0x00000007fcc00000| 96%| O|  |TAMS 0x00000007fca00000| PB 0x00000007fca00000| Untracked |  0
|1993|0x00000007fcc00000, 0x00000007fcdec5b0, 0x00000007fce00000| 96%| O|  |TAMS 0x00000007fcc00000| PB 0x00000007fcc00000| Untracked |  0
|1994|0x00000007fce00000, 0x00000007fcff5ba8, 0x00000007fd000000| 97%| O|  |TAMS 0x00000007fce00000| PB 0x00000007fce00000| Untracked |  0
|1995|0x00000007fd000000, 0x00000007fd1f2328, 0x00000007fd200000| 97%| O|  |TAMS 0x00000007fd000000| PB 0x00000007fd000000| Untracked |  0
|1996|0x00000007fd200000, 0x00000007fd3f2ee8, 0x00000007fd400000| 97%| O|  |TAMS 0x00000007fd200000| PB 0x00000007fd200000| Untracked |  0
|1997|0x00000007fd400000, 0x00000007fd5ec5b0, 0x00000007fd600000| 96%| O|  |TAMS 0x00000007fd400000| PB 0x00000007fd400000| Untracked |  0
|1998|0x00000007fd600000, 0x00000007fd7f2e18, 0x00000007fd800000| 97%| O|  |TAMS 0x00000007fd600000| PB 0x00000007fd600000| Untracked |  0
|1999|0x00000007fd800000, 0x00000007fd9f6638, 0x00000007fda00000| 98%| O|  |TAMS 0x00000007fd800000| PB 0x00000007fd800000| Untracked |  0
|2000|0x00000007fda00000, 0x00000007fdbf3740, 0x00000007fdc00000| 97%| O|  |TAMS 0x00000007fda00000| PB 0x00000007fda00000| Untracked |  0
|2001|0x00000007fdc00000, 0x00000007fddec5b0, 0x00000007fde00000| 96%| O|  |TAMS 0x00000007fdc00000| PB 0x00000007fdc00000| Untracked |  0
|2002|0x00000007fde00000, 0x00000007fdfec5b0, 0x00000007fe000000| 96%| O|  |TAMS 0x00000007fde00000| PB 0x00000007fde00000| Untracked |  0
|2003|0x00000007fe000000, 0x00000007fe1ec5b0, 0x00000007fe200000| 96%| O|  |TAMS 0x00000007fe000000| PB 0x00000007fe000000| Untracked |  0
|2004|0x00000007fe200000, 0x00000007fe3edf70, 0x00000007fe400000| 96%| O|  |TAMS 0x00000007fe200000| PB 0x00000007fe200000| Untracked |  0
|2005|0x00000007fe400000, 0x00000007fe5ec5b0, 0x00000007fe600000| 96%| O|  |TAMS 0x00000007fe400000| PB 0x00000007fe400000| Untracked |  0
|2006|0x00000007fe600000, 0x00000007fe7f8540, 0x00000007fe800000| 98%| O|  |TAMS 0x00000007fe600000| PB 0x00000007fe600000| Untracked |  0
|2007|0x00000007fe800000, 0x00000007fe9ec5b0, 0x00000007fea00000| 96%| O|  |TAMS 0x00000007fe800000| PB 0x00000007fe800000| Untracked |  0
|2008|0x00000007fea00000, 0x00000007fec00000, 0x00000007fec00000|100%|HS|  |TAMS 0x00000007fea00000| PB 0x00000007fea00000| Untracked |  0
|2009|0x00000007fec00000, 0x00000007fee00000, 0x00000007fee00000|100%|HC|  |TAMS 0x00000007fec00000| PB 0x00000007fec00000| Untracked |  0
|2010|0x00000007fee00000, 0x00000007ff000000, 0x00000007ff000000|100%|HS|  |TAMS 0x00000007fee00000| PB 0x00000007fee00000| Untracked |  0
|2011|0x00000007ff000000, 0x00000007ff200000, 0x00000007ff200000|100%|HC|  |TAMS 0x00000007ff000000| PB 0x00000007ff000000| Untracked |  0
|2012|0x00000007ff200000, 0x00000007ff400000, 0x00000007ff400000|100%|HS|  |TAMS 0x00000007ff200000| PB 0x00000007ff200000| Untracked |  0
|2013|0x00000007ff400000, 0x00000007ff600000, 0x00000007ff600000|100%|HC|  |TAMS 0x00000007ff400000| PB 0x00000007ff400000| Untracked |  0
|2014|0x00000007ff600000, 0x00000007ff800000, 0x00000007ff800000|100%|HS|  |TAMS 0x00000007ff600000| PB 0x00000007ff600000| Untracked |  0
|2015|0x00000007ff800000, 0x00000007ffa00000, 0x00000007ffa00000|100%|HC|  |TAMS 0x00000007ff800000| PB 0x00000007ff800000| Untracked |  0
|2016|0x00000007ffa00000, 0x00000007ffc00000, 0x00000007ffc00000|100%|HS|  |TAMS 0x00000007ffa00000| PB 0x00000007ffa00000| Untracked |  0
|2017|0x00000007ffc00000, 0x00000007ffe00000, 0x00000007ffe00000|100%|HC|  |TAMS 0x00000007ffc00000| PB 0x00000007ffc00000| Untracked |  0
|2018|0x00000007ffe00000, 0x00000007fffee9d8, 0x0000000800000000| 96%| O|  |TAMS 0x00000007ffe00000| PB 0x00000007ffe00000| Untracked |  0

Card table byte_map: [0x0000019b41fb0000,0x0000019b427a0000] _byte_map_base: 0x0000019b3e793000

Marking Bits: (CMBitMap*) 0x0000019b29cb6bb0
 Bits: [0x0000019b427a0000, 0x0000019b466b8000)

Polling page: 0x0000019b27c40000

Metaspace:

Usage:
  Non-class:     23.23 MB used.
      Class:      3.51 MB used.
       Both:     26.74 MB used.

Virtual space:
  Non-class space:       64.00 MB reserved,      23.62 MB ( 37%) committed,  1 nodes.
      Class space:        1.00 GB reserved,       3.81 MB ( <1%) committed,  1 nodes.
             Both:        1.06 GB reserved,      27.44 MB (  3%) committed. 

Chunk freelists:
   Non-Class:  8.36 MB
       Class:  12.25 MB
        Both:  20.62 MB

MaxMetaspaceSize: unlimited
CompressedClassSpaceSize: 1.00 GB
Initial GC threshold: 21.00 MB
Current GC threshold: 45.56 MB
CDS: on
 - commit_granule_bytes: 65536.
 - commit_granule_words: 8192.
 - virtual_space_node_default_size: 8388608.
 - enlarge_chunks_in_place: 1.
 - use_allocation_guard: 0.


Internal statistics:

num_allocs_failed_limit: 3.
num_arena_births: 674.
num_arena_deaths: 282.
num_vsnodes_births: 2.
num_vsnodes_deaths: 0.
num_space_committed: 439.
num_space_uncommitted: 0.
num_chunks_returned_to_freelist: 334.
num_chunks_taken_from_freelist: 1575.
num_chunk_merges: 77.
num_chunk_splits: 975.
num_chunks_enlarged: 650.
num_inconsistent_stats: 0.

CodeHeap 'non-profiled nmethods': size=120064Kb used=346Kb max_used=5340Kb free=119717Kb
 bounds [0x0000019b39e40000, 0x0000019b3a390000, 0x0000019b41380000]
CodeHeap 'profiled nmethods': size=120000Kb used=21Kb max_used=11724Kb free=119978Kb
 bounds [0x0000019b32380000, 0x0000019b32f20000, 0x0000019b398b0000]
CodeHeap 'non-nmethods': size=5696Kb used=2080Kb max_used=2129Kb free=3615Kb
 bounds [0x0000019b398b0000, 0x0000019b39b20000, 0x0000019b39e40000]
CodeCache: size=245760Kb, used=2447Kb, max_used=19193Kb, free=243310Kb
 total_blobs=1297, nmethods=405, adapters=797, full_count=0
Compilation: enabled, stopped_count=0, restarted_count=0

Compilation events (20 events):
Event: 1644.346 Thread 0x0000019b491f0ba0 10166       3       java.lang.invoke.LambdaFormBuffer::insertExpression (30 bytes)
Event: 1644.347 Thread 0x0000019b491f0ba0 nmethod 10166 0x0000019b32476988 code [0x0000019b32476aa0, 0x0000019b32476bf8]
Event: 1654.191 Thread 0x0000019b491ef4d0 10167       4       java.util.concurrent.locks.AbstractQueuedSynchronizer::release (19 bytes)
Event: 1657.734 Thread 0x0000019b491ef4d0 nmethod 10167 0x0000019b39e73e08 code [0x0000019b39e73f20, 0x0000019b39e74138]
Event: 1664.702 Thread 0x0000019b491f0ba0 10168       3       java.util.logging.Logger::isLoggable (27 bytes)
Event: 1665.175 Thread 0x0000019b491f0ba0 nmethod 10168 0x0000019b32c53808 code [0x0000019b32c53920, 0x0000019b32c53ae8]
Event: 1665.175 Thread 0x0000019b491f0ba0 10169       3       java.lang.ref.ReferenceQueue::await (15 bytes)
Event: 1665.553 Thread 0x0000019b491f0ba0 nmethod 10169 0x0000019b32cf1b08 code [0x0000019b32cf1c40, 0x0000019b32cf1de8]
Event: 1665.639 Thread 0x0000019b491f0ba0 10170       3       java.util.concurrent.locks.AbstractQueuedSynchronizer$ConditionObject::await (207 bytes)
Event: 1666.922 Thread 0x0000019b491f0ba0 nmethod 10170 0x0000019b32cf0988 code [0x0000019b32cf0c00, 0x0000019b32cf1aa8]
Event: 1677.016 Thread 0x0000019b491f0ba0 10171       1       java.util.concurrent.locks.AbstractQueuedSynchronizer::getState (5 bytes)
Event: 1677.185 Thread 0x0000019b491f0ba0 nmethod 10171 0x0000019b39e42088 code [0x0000019b39e421a0, 0x0000019b39e42268]
Event: 1682.396 Thread 0x0000019b491f0ba0 10172       3       sun.rmi.runtime.Log$LoggerLog::isLoggable (9 bytes)
Event: 1682.467 Thread 0x0000019b491f0ba0 nmethod 10172 0x0000019b32cf0588 code [0x0000019b32cf06a0, 0x0000019b32cf0930]
Event: 1690.783 Thread 0x0000019b491f0ba0 10173       3       java.lang.String::valueOf (15 bytes)
Event: 1690.974 Thread 0x0000019b491f0ba0 nmethod 10173 0x0000019b32cf0208 code [0x0000019b32cf0340, 0x0000019b32cf0540]
Event: 1702.621 Thread 0x0000019b491f0ba0 10174       1       java.net.ServerSocket::isBound (5 bytes)
Event: 1702.811 Thread 0x0000019b491f0ba0 nmethod 10174 0x0000019b39e43988 code [0x0000019b39e43aa0, 0x0000019b39e43b70]
Event: 1702.811 Thread 0x0000019b491f0ba0 10175       1       java.net.ServerSocket::isClosed (5 bytes)
Event: 1703.030 Thread 0x0000019b491f0ba0 nmethod 10175 0x0000019b39e45908 code [0x0000019b39e45a20, 0x0000019b39e45af0]

GC Heap History (20 events):
Event: 1713.158 GC heap before
{Heap before GC invocations=3876 (full 2336):
 garbage-first heap   total reserved 4134912K, committed 4134912K, used 4119998K [0x0000000703a00000, 0x0000000800000000)
  region size 2048K, 0 young (0K), 0 survivors (0K)
 Metaspace       used 27384K, committed 28096K, reserved 1114112K
  class space    used 3598K, committed 3904K, reserved 1048576K
}
Event: 1713.236 GC heap after
{Heap after GC invocations=3877 (full 2337):
 garbage-first heap   total reserved 4134912K, committed 4134912K, used 4119998K [0x0000000703a00000, 0x0000000800000000)
  region size 2048K, 0 young (0K), 0 survivors (0K)
 Metaspace       used 27384K, committed 28096K, reserved 1114112K
  class space    used 3598K, committed 3904K, reserved 1048576K
}
Event: 1713.236 GC heap before
{Heap before GC invocations=3877 (full 2337):
 garbage-first heap   total reserved 4134912K, committed 4134912K, used 4119998K [0x0000000703a00000, 0x0000000800000000)
  region size 2048K, 0 young (0K), 0 survivors (0K)
 Metaspace       used 27384K, committed 28096K, reserved 1114112K
  class space    used 3598K, committed 3904K, reserved 1048576K
}
Event: 1713.237 GC heap after
{Heap after GC invocations=3878 (full 2337):
 garbage-first heap   total reserved 4134912K, committed 4134912K, used 4119998K [0x0000000703a00000, 0x0000000800000000)
  region size 2048K, 0 young (0K), 0 survivors (0K)
 Metaspace       used 27384K, committed 28096K, reserved 1114112K
  class space    used 3598K, committed 3904K, reserved 1048576K
}
Event: 1713.237 GC heap before
{Heap before GC invocations=3878 (full 2337):
 garbage-first heap   total reserved 4134912K, committed 4134912K, used 4119998K [0x0000000703a00000, 0x0000000800000000)
  region size 2048K, 0 young (0K), 0 survivors (0K)
 Metaspace       used 27384K, committed 28096K, reserved 1114112K
  class space    used 3598K, committed 3904K, reserved 1048576K
}
Event: 1713.271 GC heap after
{Heap after GC invocations=3879 (full 2338):
 garbage-first heap   total reserved 4134912K, committed 4134912K, used 4119998K [0x0000000703a00000, 0x0000000800000000)
  region size 2048K, 0 young (0K), 0 survivors (0K)
 Metaspace       used 27384K, committed 28096K, reserved 1114112K
  class space    used 3598K, committed 3904K, reserved 1048576K
}
Event: 1713.271 GC heap before
{Heap before GC invocations=3879 (full 2338):
 garbage-first heap   total reserved 4134912K, committed 4134912K, used 4119998K [0x0000000703a00000, 0x0000000800000000)
  region size 2048K, 0 young (0K), 0 survivors (0K)
 Metaspace       used 27384K, committed 28096K, reserved 1114112K
  class space    used 3598K, committed 3904K, reserved 1048576K
}
Event: 1713.301 GC heap after
{Heap after GC invocations=3880 (full 2339):
 garbage-first heap   total reserved 4134912K, committed 4134912K, used 4119998K [0x0000000703a00000, 0x0000000800000000)
  region size 2048K, 0 young (0K), 0 survivors (0K)
 Metaspace       used 27384K, committed 28096K, reserved 1114112K
  class space    used 3598K, committed 3904K, reserved 1048576K
}
Event: 1713.301 GC heap before
{Heap before GC invocations=3880 (full 2339):
 garbage-first heap   total reserved 4134912K, committed 4134912K, used 4119998K [0x0000000703a00000, 0x0000000800000000)
  region size 2048K, 0 young (0K), 0 survivors (0K)
 Metaspace       used 27384K, committed 28096K, reserved 1114112K
  class space    used 3598K, committed 3904K, reserved 1048576K
}
Event: 1713.302 GC heap after
{Heap after GC invocations=3881 (full 2339):
 garbage-first heap   total reserved 4134912K, committed 4134912K, used 4119998K [0x0000000703a00000, 0x0000000800000000)
  region size 2048K, 0 young (0K), 0 survivors (0K)
 Metaspace       used 27384K, committed 28096K, reserved 1114112K
  class space    used 3598K, committed 3904K, reserved 1048576K
}
Event: 1713.302 GC heap before
{Heap before GC invocations=3881 (full 2339):
 garbage-first heap   total reserved 4134912K, committed 4134912K, used 4119998K [0x0000000703a00000, 0x0000000800000000)
  region size 2048K, 0 young (0K), 0 survivors (0K)
 Metaspace       used 27384K, committed 28096K, reserved 1114112K
  class space    used 3598K, committed 3904K, reserved 1048576K
}
Event: 1713.332 GC heap after
{Heap after GC invocations=3882 (full 2340):
 garbage-first heap   total reserved 4134912K, committed 4134912K, used 4119998K [0x0000000703a00000, 0x0000000800000000)
  region size 2048K, 0 young (0K), 0 survivors (0K)
 Metaspace       used 27384K, committed 28096K, reserved 1114112K
  class space    used 3598K, committed 3904K, reserved 1048576K
}
Event: 1713.332 GC heap before
{Heap before GC invocations=3882 (full 2340):
 garbage-first heap   total reserved 4134912K, committed 4134912K, used 4119998K [0x0000000703a00000, 0x0000000800000000)
  region size 2048K, 0 young (0K), 0 survivors (0K)
 Metaspace       used 27384K, committed 28096K, reserved 1114112K
  class space    used 3598K, committed 3904K, reserved 1048576K
}
Event: 1713.371 GC heap after
{Heap after GC invocations=3883 (full 2341):
 garbage-first heap   total reserved 4134912K, committed 4134912K, used 4119998K [0x0000000703a00000, 0x0000000800000000)
  region size 2048K, 0 young (0K), 0 survivors (0K)
 Metaspace       used 27384K, committed 28096K, reserved 1114112K
  class space    used 3598K, committed 3904K, reserved 1048576K
}
Event: 1713.371 GC heap before
{Heap before GC invocations=3883 (full 2341):
 garbage-first heap   total reserved 4134912K, committed 4134912K, used 4119998K [0x0000000703a00000, 0x0000000800000000)
  region size 2048K, 0 young (0K), 0 survivors (0K)
 Metaspace       used 27384K, committed 28096K, reserved 1114112K
  class space    used 3598K, committed 3904K, reserved 1048576K
}
Event: 1713.372 GC heap after
{Heap after GC invocations=3884 (full 2341):
 garbage-first heap   total reserved 4134912K, committed 4134912K, used 4119998K [0x0000000703a00000, 0x0000000800000000)
  region size 2048K, 0 young (0K), 0 survivors (0K)
 Metaspace       used 27384K, committed 28096K, reserved 1114112K
  class space    used 3598K, committed 3904K, reserved 1048576K
}
Event: 1713.372 GC heap before
{Heap before GC invocations=3884 (full 2341):
 garbage-first heap   total reserved 4134912K, committed 4134912K, used 4119998K [0x0000000703a00000, 0x0000000800000000)
  region size 2048K, 0 young (0K), 0 survivors (0K)
 Metaspace       used 27384K, committed 28096K, reserved 1114112K
  class space    used 3598K, committed 3904K, reserved 1048576K
}
Event: 1713.398 GC heap after
{Heap after GC invocations=3885 (full 2342):
 garbage-first heap   total reserved 4134912K, committed 4134912K, used 4119998K [0x0000000703a00000, 0x0000000800000000)
  region size 2048K, 0 young (0K), 0 survivors (0K)
 Metaspace       used 27384K, committed 28096K, reserved 1114112K
  class space    used 3598K, committed 3904K, reserved 1048576K
}
Event: 1713.398 GC heap before
{Heap before GC invocations=3885 (full 2342):
 garbage-first heap   total reserved 4134912K, committed 4134912K, used 4119998K [0x0000000703a00000, 0x0000000800000000)
  region size 2048K, 0 young (0K), 0 survivors (0K)
 Metaspace       used 27384K, committed 28096K, reserved 1114112K
  class space    used 3598K, committed 3904K, reserved 1048576K
}
Event: 1713.429 GC heap after
{Heap after GC invocations=3886 (full 2343):
 garbage-first heap   total reserved 4134912K, committed 4134912K, used 4119998K [0x0000000703a00000, 0x0000000800000000)
  region size 2048K, 0 young (0K), 0 survivors (0K)
 Metaspace       used 27384K, committed 28096K, reserved 1114112K
  class space    used 3598K, committed 3904K, reserved 1048576K
}

Dll operation events (20 events):
Event: 0.586 Loaded shared library C:\Users\matti\.openjfx\cache\23.0.1+4\amd64\api-ms-win-crt-locale-l1-1-0.dll
Event: 0.589 Loaded shared library C:\Users\matti\.openjfx\cache\23.0.1+4\amd64\api-ms-win-crt-math-l1-1-0.dll
Event: 0.591 Loaded shared library C:\Users\matti\.openjfx\cache\23.0.1+4\amd64\api-ms-win-crt-multibyte-l1-1-0.dll
Event: 0.594 Loaded shared library C:\Users\matti\.openjfx\cache\23.0.1+4\amd64\api-ms-win-crt-private-l1-1-0.dll
Event: 0.595 Loaded shared library C:\Users\matti\.openjfx\cache\23.0.1+4\amd64\api-ms-win-crt-process-l1-1-0.dll
Event: 0.598 Loaded shared library C:\Users\matti\.openjfx\cache\23.0.1+4\amd64\api-ms-win-crt-runtime-l1-1-0.dll
Event: 0.600 Loaded shared library C:\Users\matti\.openjfx\cache\23.0.1+4\amd64\api-ms-win-crt-stdio-l1-1-0.dll
Event: 0.602 Loaded shared library C:\Users\matti\.openjfx\cache\23.0.1+4\amd64\api-ms-win-crt-string-l1-1-0.dll
Event: 0.605 Loaded shared library C:\Users\matti\.openjfx\cache\23.0.1+4\amd64\api-ms-win-crt-time-l1-1-0.dll
Event: 0.607 Loaded shared library C:\Users\matti\.openjfx\cache\23.0.1+4\amd64\api-ms-win-crt-utility-l1-1-0.dll
Event: 0.621 Loaded shared library C:\Users\matti\.openjfx\cache\23.0.1+4\amd64\ucrtbase.dll
Event: 0.624 Loaded shared library C:\Users\matti\.openjfx\cache\23.0.1+4\amd64\vcruntime140.dll
Event: 0.627 Loaded shared library C:\Users\matti\.openjfx\cache\23.0.1+4\amd64\vcruntime140_1.dll
Event: 0.635 Loaded shared library C:\Users\matti\.openjfx\cache\23.0.1+4\amd64\msvcp140.dll
Event: 0.638 Loaded shared library C:\Users\matti\.openjfx\cache\23.0.1+4\amd64\msvcp140_1.dll
Event: 0.642 Loaded shared library C:\Users\matti\.openjfx\cache\23.0.1+4\amd64\msvcp140_2.dll
Event: 0.675 Loaded shared library C:\Users\matti\.openjfx\cache\23.0.1+4\amd64\prism_d3d.dll
Event: 0.717 Loaded shared library C:\Users\matti\.openjfx\cache\23.0.1+4\amd64\glass.dll
Event: 1.633 Loaded shared library C:\Users\matti\.openjfx\cache\23.0.1+4\amd64\javafx_font.dll
Event: 1.777 Loaded shared library C:\Users\matti\.openjfx\cache\23.0.1+4\amd64\javafx_iio.dll

Deoptimization events (20 events):
Event: 1710.676 Thread 0x0000019b8fd83ae0 DEOPT PACKING pc=0x0000019b3a06bda0 sp=0x00000019e52ff330
Event: 1710.676 Thread 0x0000019b8fd83ae0 DEOPT UNPACKING pc=0x0000019b399084c2 sp=0x00000019e52fe7e0 mode 1
Event: 1710.807 Thread 0x0000019b492e7110 DEOPT PACKING pc=0x0000019b3a06bda0 sp=0x00000019e31ff280
Event: 1710.807 Thread 0x0000019b492e7110 DEOPT UNPACKING pc=0x0000019b399084c2 sp=0x00000019e31fe730 mode 1
Event: 1710.946 Thread 0x0000019b8fd83ae0 DEOPT PACKING pc=0x0000019b3a06bda0 sp=0x00000019e52ff330
Event: 1710.946 Thread 0x0000019b8fd83ae0 DEOPT UNPACKING pc=0x0000019b399084c2 sp=0x00000019e52fe7e0 mode 1
Event: 1711.407 Thread 0x0000019b8fd83ae0 DEOPT PACKING pc=0x0000019b3a06bda0 sp=0x00000019e52ff330
Event: 1711.407 Thread 0x0000019b8fd83ae0 DEOPT UNPACKING pc=0x0000019b399084c2 sp=0x00000019e52fe7e0 mode 1
Event: 1711.678 Thread 0x0000019b8fd83ae0 DEOPT PACKING pc=0x0000019b3a06bda0 sp=0x00000019e52ff330
Event: 1711.678 Thread 0x0000019b8fd83ae0 DEOPT UNPACKING pc=0x0000019b399084c2 sp=0x00000019e52fe7e0 mode 1
Event: 1711.754 Thread 0x0000019b492e7110 DEOPT PACKING pc=0x0000019b3a06bda0 sp=0x00000019e31ff280
Event: 1711.754 Thread 0x0000019b492e7110 DEOPT UNPACKING pc=0x0000019b399084c2 sp=0x00000019e31fe730 mode 1
Event: 1712.026 Thread 0x0000019b492e7110 DEOPT PACKING pc=0x0000019b3a06bda0 sp=0x00000019e31ff280
Event: 1712.026 Thread 0x0000019b492e7110 DEOPT UNPACKING pc=0x0000019b399084c2 sp=0x00000019e31fe730 mode 1
Event: 1712.082 Thread 0x0000019b8fd83ae0 DEOPT PACKING pc=0x0000019b3a06bda0 sp=0x00000019e52ff330
Event: 1712.082 Thread 0x0000019b8fd83ae0 DEOPT UNPACKING pc=0x0000019b399084c2 sp=0x00000019e52fe7e0 mode 1
Event: 1712.343 Thread 0x0000019b8fd83ae0 DEOPT PACKING pc=0x0000019b3a06bda0 sp=0x00000019e52ff330
Event: 1712.343 Thread 0x0000019b8fd83ae0 DEOPT UNPACKING pc=0x0000019b399084c2 sp=0x00000019e52fe7e0 mode 1
Event: 1713.236 Thread 0x0000019b492e7110 DEOPT PACKING pc=0x0000019b3a06bda0 sp=0x00000019e31ff280
Event: 1713.236 Thread 0x0000019b492e7110 DEOPT UNPACKING pc=0x0000019b399084c2 sp=0x00000019e31fe730 mode 1

Classes loaded (20 events):
Event: 1478.675 Loading class java/io/ObjectStreamClass$DeserializationConstructorsCache$Key$Impl
Event: 1478.675 Loading class java/io/ObjectStreamClass$DeserializationConstructorsCache$Key$Impl done
Event: 1644.682 Loading class java/lang/Throwable$WrappedPrintStream
Event: 1644.769 Loading class java/lang/invoke/WrongMethodTypeException
Event: 1644.973 Loading class java/lang/Throwable$WrappedPrintStream done
Event: 1645.252 Loading class java/lang/invoke/WrongMethodTypeException done
Event: 1645.325 Loading class java/lang/invoke/WrongMethodTypeException
Event: 1646.331 Loading class java/lang/invoke/WrongMethodTypeException done
Event: 1646.554 Loading class javax/management/RuntimeOperationsException
Event: 1646.557 Loading class javax/management/JMRuntimeException
Event: 1647.222 Loading class javax/management/JMRuntimeException done
Event: 1647.222 Loading class javax/management/RuntimeOperationsException done
Event: 1647.421 Loading class javax/management/remote/JMXServerErrorException
Event: 1648.070 Loading class javax/management/remote/JMXServerErrorException done
Event: 1648.587 Loading class java/lang/invoke/WrongMethodTypeException
Event: 1648.710 Loading class java/lang/invoke/WrongMethodTypeException done
Event: 1653.206 Loading class java/net/SocketTimeoutException
Event: 1653.208 Loading class java/io/InterruptedIOException
Event: 1653.547 Loading class java/io/InterruptedIOException done
Event: 1653.547 Loading class java/net/SocketTimeoutException done

Classes unloaded (20 events):
Event: 1641.660 Thread 0x0000019b4692fc90 Unloading class 0x0000019b4b3d4400 'java/lang/invoke/LambdaForm$MH+0x0000019b4b3d4400'
Event: 1641.660 Thread 0x0000019b4692fc90 Unloading class 0x0000019b4b3d4000 'java/lang/invoke/LambdaForm$MH+0x0000019b4b3d4000'
Event: 1641.660 Thread 0x0000019b4692fc90 Unloading class 0x0000019b4b389000 'java/lang/invoke/LambdaForm$MH+0x0000019b4b389000'
Event: 1641.660 Thread 0x0000019b4692fc90 Unloading class 0x0000019b4b388800 'java/lang/invoke/LambdaForm$MH+0x0000019b4b388800'
Event: 1641.660 Thread 0x0000019b4692fc90 Unloading class 0x0000019b4b090000 'java/lang/invoke/LambdaForm$MH+0x0000019b4b090000'
Event: 1643.429 Thread 0x0000019b4692fc90 Unloading class 0x0000019b4b230c00 'java/lang/invoke/LambdaForm$MH+0x0000019b4b230c00'
Event: 1643.429 Thread 0x0000019b4692fc90 Unloading class 0x0000019b4b244800 'java/lang/invoke/LambdaForm$MH+0x0000019b4b244800'
Event: 1643.429 Thread 0x0000019b4692fc90 Unloading class 0x0000019b4b27c800 'java/lang/invoke/LambdaForm$MH+0x0000019b4b27c800'
Event: 1643.429 Thread 0x0000019b4692fc90 Unloading class 0x0000019b4b38a000 'java/lang/invoke/LambdaForm$DMH+0x0000019b4b38a000'
Event: 1643.429 Thread 0x0000019b4692fc90 Unloading class 0x0000019b4b374000 'java/lang/invoke/LambdaForm$MH+0x0000019b4b374000'
Event: 1643.429 Thread 0x0000019b4692fc90 Unloading class 0x0000019b4b085800 'java/lang/invoke/LambdaForm$MH+0x0000019b4b085800'
Event: 1643.429 Thread 0x0000019b4692fc90 Unloading class 0x0000019b4b085000 'java/lang/invoke/LambdaForm$MH+0x0000019b4b085000'
Event: 1643.429 Thread 0x0000019b4692fc90 Unloading class 0x0000019b4b084800 'java/lang/invoke/LambdaForm$MH+0x0000019b4b084800'
Event: 1643.429 Thread 0x0000019b4692fc90 Unloading class 0x0000019b4b084000 'java/lang/invoke/LambdaForm$MH+0x0000019b4b084000'
Event: 1643.566 Thread 0x0000019b4692fc90 Unloading class 0x0000019b4b3bc400 'java/lang/invoke/LambdaForm$MH+0x0000019b4b3bc400'
Event: 1643.566 Thread 0x0000019b4692fc90 Unloading class 0x0000019b4b3bc000 'java/lang/invoke/LambdaForm$DMH+0x0000019b4b3bc000'
Event: 1643.566 Thread 0x0000019b4692fc90 Unloading class 0x0000019b4b3b4400 'java/lang/invoke/LambdaForm$MH+0x0000019b4b3b4400'
Event: 1644.367 Thread 0x0000019b4692fc90 Unloading class 0x0000019b4b230c00 'java/lang/invoke/LambdaForm$MH+0x0000019b4b230c00'
Event: 1644.367 Thread 0x0000019b4692fc90 Unloading class 0x0000019b4b3b4400 'java/lang/invoke/LambdaForm$MH+0x0000019b4b3b4400'
Event: 1644.397 Thread 0x0000019b4692fc90 Unloading class 0x0000019b4b244800 'java/lang/invoke/LambdaForm$MH+0x0000019b4b244800'

Classes redefined (0 events):
No events

Internal exceptions (20 events):
Event: 1710.537 Thread 0x0000019b492e7110 Exception <a 'java/lang/OutOfMemoryError'{0x0000000703b4c798}> (0x0000000703b4c798) 
thrown [s\open\src\hotspot\share\gc\shared\memAllocator.cpp, line 138]
Event: 1710.676 Thread 0x0000019b8fd83ae0 Exception <a 'java/lang/OutOfMemoryError'{0x0000000703b4c798}> (0x0000000703b4c798) 
thrown [s\open\src\hotspot\share\gc\shared\memAllocator.cpp, line 138]
Event: 1710.807 Thread 0x0000019b492e7110 Exception <a 'java/lang/OutOfMemoryError'{0x0000000703b4c798}> (0x0000000703b4c798) 
thrown [s\open\src\hotspot\share\gc\shared\memAllocator.cpp, line 138]
Event: 1710.946 Thread 0x0000019b8fd83ae0 Exception <a 'java/lang/OutOfMemoryError'{0x0000000703b4c798}> (0x0000000703b4c798) 
thrown [s\open\src\hotspot\share\gc\shared\memAllocator.cpp, line 138]
Event: 1711.078 Thread 0x0000019b8f335620 Exception <a 'java/lang/OutOfMemoryError'{0x0000000703b4c798}> (0x0000000703b4c798) 
thrown [s\open\src\hotspot\share\gc\shared\memAllocator.cpp, line 138]
Event: 1711.271 Thread 0x0000019b8f335620 Exception <a 'java/lang/OutOfMemoryError'{0x0000000703b4c798}> (0x0000000703b4c798) 
thrown [s\open\src\hotspot\share\gc\shared\memAllocator.cpp, line 138]
Event: 1711.407 Thread 0x0000019b8fd83ae0 Exception <a 'java/lang/OutOfMemoryError'{0x0000000703b4c798}> (0x0000000703b4c798) 
thrown [s\open\src\hotspot\share\gc\shared\memAllocator.cpp, line 138]
Event: 1711.535 Thread 0x0000019b8f38fa20 Exception <a 'java/lang/OutOfMemoryError'{0x0000000703b4c798}> (0x0000000703b4c798) 
thrown [s\open\src\hotspot\share\gc\shared\memAllocator.cpp, line 138]
Event: 1711.678 Thread 0x0000019b8fd83ae0 Exception <a 'java/lang/OutOfMemoryError'{0x0000000703b4c798}> (0x0000000703b4c798) 
thrown [s\open\src\hotspot\share\gc\shared\memAllocator.cpp, line 138]
Event: 1711.754 Thread 0x0000019b492e7110 Exception <a 'java/lang/OutOfMemoryError'{0x0000000703b4c798}> (0x0000000703b4c798) 
thrown [s\open\src\hotspot\share\gc\shared\memAllocator.cpp, line 138]
Event: 1712.026 Thread 0x0000019b492e7110 Exception <a 'java/lang/OutOfMemoryError'{0x0000000703b4c798}> (0x0000000703b4c798) 
thrown [s\open\src\hotspot\share\gc\shared\memAllocator.cpp, line 138]
Event: 1712.082 Thread 0x0000019b8fd83ae0 Exception <a 'java/lang/OutOfMemoryError'{0x0000000703b4c798}> (0x0000000703b4c798) 
thrown [s\open\src\hotspot\share\gc\shared\memAllocator.cpp, line 138]
Event: 1712.210 Thread 0x0000019b8f335620 Exception <a 'java/lang/OutOfMemoryError'{0x0000000703b4c798}> (0x0000000703b4c798) 
thrown [s\open\src\hotspot\share\gc\shared\memAllocator.cpp, line 138]
Event: 1712.343 Thread 0x0000019b8fd83ae0 Exception <a 'java/lang/OutOfMemoryError'{0x0000000703b4c798}> (0x0000000703b4c798) 
thrown [s\open\src\hotspot\share\gc\shared\memAllocator.cpp, line 138]
Event: 1712.468 Thread 0x0000019b8f335620 Exception <a 'java/lang/OutOfMemoryError'{0x0000000703b4c798}> (0x0000000703b4c798) 
thrown [s\open\src\hotspot\share\gc\shared\memAllocator.cpp, line 138]
Event: 1712.667 Thread 0x0000019b8f335620 Exception <a 'java/lang/OutOfMemoryError'{0x0000000703b4c798}> (0x0000000703b4c798) 
thrown [s\open\src\hotspot\share\gc\shared\memAllocator.cpp, line 138]
Event: 1712.724 Thread 0x0000019b8f38fa20 Exception <a 'java/lang/OutOfMemoryError'{0x0000000703b4c798}> (0x0000000703b4c798) 
thrown [s\open\src\hotspot\share\gc\shared\memAllocator.cpp, line 138]
Event: 1713.236 Thread 0x0000019b492e7110 Exception <a 'java/lang/OutOfMemoryError'{0x0000000703b4c798}> (0x0000000703b4c798) 
thrown [s\open\src\hotspot\share\gc\shared\memAllocator.cpp, line 138]
Event: 1713.371 Thread 0x0000019b8f38fa20 Exception <a 'java/lang/OutOfMemoryError'{0x0000000703b4c798}> (0x0000000703b4c798) 
thrown [s\open\src\hotspot\share\gc\shared\memAllocator.cpp, line 138]
Event: 1713.429 Thread 0x0000019b8f335620 Exception <a 'java/lang/OutOfMemoryError'{0x0000000703b4c798}> (0x0000000703b4c798) 
thrown [s\open\src\hotspot\share\gc\shared\memAllocator.cpp, line 138]

VM Operations (20 events):
Event: 1712.539 Executing VM operation: G1CollectForAllocation (G1 Evacuation Pause) done
Event: 1712.539 Executing VM operation: G1CollectForAllocation (G1 Evacuation Pause)
Event: 1712.598 Executing VM operation: G1CollectForAllocation (G1 Evacuation Pause) done
Event: 1712.598 Executing VM operation: G1CollectForAllocation (G1 Evacuation Pause)
Event: 1712.667 Executing VM operation: G1CollectForAllocation (G1 Evacuation Pause) done
Event: 1712.667 Executing VM operation: G1CollectForAllocation (G1 Evacuation Pause)
Event: 1712.724 Executing VM operation: G1CollectForAllocation (G1 Evacuation Pause) done
Event: 1712.724 Executing VM operation: G1CollectForAllocation (G1 Evacuation Pause)
Event: 1712.817 Executing VM operation: G1CollectForAllocation (G1 Evacuation Pause) done
Event: 1712.817 Executing VM operation: G1CollectForAllocation (G1 Evacuation Pause)
Event: 1713.087 Executing VM operation: G1CollectForAllocation (G1 Evacuation Pause) done
Event: 1713.088 Executing VM operation: G1CollectForAllocation (G1 Evacuation Pause)
Event: 1713.236 Executing VM operation: G1CollectForAllocation (G1 Evacuation Pause) done
Event: 1713.236 Executing VM operation: G1CollectForAllocation (G1 Evacuation Pause)
Event: 1713.301 Executing VM operation: G1CollectForAllocation (G1 Evacuation Pause) done
Event: 1713.301 Executing VM operation: G1CollectForAllocation (G1 Evacuation Pause)
Event: 1713.371 Executing VM operation: G1CollectForAllocation (G1 Evacuation Pause) done
Event: 1713.371 Executing VM operation: G1CollectForAllocation (G1 Evacuation Pause)
Event: 1713.429 Executing VM operation: G1CollectForAllocation (G1 Evacuation Pause) done
Event: 1713.429 Executing VM operation: G1CollectForAllocation (G1 Evacuation Pause)

Memory protections (0 events):
No events

Nmethod flushes (20 events):
Event: 1665.240 Thread 0x0000019b4692fc90 flushing  nmethod 0x0000019b328fed88
Event: 1665.240 Thread 0x0000019b4692fc90 flushing  nmethod 0x0000019b329b7d88
Event: 1665.240 Thread 0x0000019b4692fc90 flushing  nmethod 0x0000019b39f43b08
Event: 1665.240 Thread 0x0000019b4692fc90 flushing  nmethod 0x0000019b3a03b208
Event: 1665.240 Thread 0x0000019b4692fc90 flushing  nmethod 0x0000019b3a058c88
Event: 1665.240 Thread 0x0000019b4692fc90 flushing  nmethod 0x0000019b3a064a08
Event: 1665.240 Thread 0x0000019b4692fc90 flushing  nmethod 0x0000019b3a068288
Event: 1665.240 Thread 0x0000019b4692fc90 flushing  nmethod 0x0000019b3a069f88
Event: 1665.240 Thread 0x0000019b4692fc90 flushing  nmethod 0x0000019b39eaf988
Event: 1665.240 Thread 0x0000019b4692fc90 flushing  nmethod 0x0000019b39fc2008
Event: 1665.240 Thread 0x0000019b4692fc90 flushing  nmethod 0x0000019b3a130f08
Event: 1665.240 Thread 0x0000019b4692fc90 flushing  nmethod 0x0000019b3a19a988
Event: 1665.240 Thread 0x0000019b4692fc90 flushing  nmethod 0x0000019b32d48108
Event: 1666.967 Thread 0x0000019b4692fc90 flushing  nmethod 0x0000019b39f38908
Event: 1666.967 Thread 0x0000019b4692fc90 flushing  nmethod 0x0000019b39f27908
Event: 1666.967 Thread 0x0000019b4692fc90 flushing  nmethod 0x0000019b32575708
Event: 1666.968 Thread 0x0000019b4692fc90 flushing  nmethod 0x0000019b32980e08
Event: 1666.968 Thread 0x0000019b4692fc90 flushing  nmethod 0x0000019b39eed088
Event: 1666.968 Thread 0x0000019b4692fc90 flushing  nmethod 0x0000019b39f0ef88
Event: 1677.251 Thread 0x0000019b4692fc90 flushing  nmethod 0x0000019b3a178c88

Events (20 events):
Event: 769.271 Thread 0x0000019b491f0ba0 Thread added: 0x0000019b8f261820
Event: 769.706 Thread 0x0000019b8f261820 Thread exited: 0x0000019b8f261820
Event: 819.448 Thread 0x0000019b491ef4d0 Thread added: 0x0000019b496bf250
Event: 821.074 Thread 0x0000019b496bf250 Thread exited: 0x0000019b496bf250
Event: 832.661 Thread 0x0000019b491f0ba0 Thread added: 0x0000019b496bf250
Event: 834.669 Thread 0x0000019b496bf250 Thread exited: 0x0000019b496bf250
Event: 907.174 Thread 0x0000019b491f0ba0 Thread added: 0x0000019b95f61140
Event: 911.882 Thread 0x0000019b95f61140 Thread exited: 0x0000019b95f61140
Event: 919.156 Thread 0x0000019b8f38fa20 Thread added: 0x0000019b8fd83450
Event: 943.497 Thread 0x0000019b491f0ba0 Thread added: 0x0000019b95f603a0
Event: 943.514 Thread 0x0000019b491f0ba0 Thread added: 0x0000019b95f61810
Event: 944.454 Thread 0x0000019b95f61810 Thread exited: 0x0000019b95f61810
Event: 944.585 Thread 0x0000019b95f603a0 Thread exited: 0x0000019b95f603a0
Event: 949.157 Thread 0x0000019b8fd83450 Thread exited: 0x0000019b8fd83450
Event: 1200.648 Thread 0x0000019b8f335620 Thread added: 0x0000019b8fd83450
Event: 1276.074 Thread 0x0000019b8fd83450 Thread exited: 0x0000019b8fd83450
Event: 1647.149 Thread 0x0000019b8f38cc30 Thread exited: 0x0000019b8f38cc30
Event: 1648.319 Thread 0x0000019b8f38d950 Thread exited: 0x0000019b8f38d950
Event: 1650.804 Thread 0x0000019b8fd82730 Thread exited: 0x0000019b8fd82730
Event: 1652.123 Thread 0x0000019b8f272060 Thread exited: 0x0000019b8f272060


Dynamic libraries:
0x00007ff77c6a0000 - 0x00007ff77c6b0000 	C:\Program Files\Java\jdk-23\bin\java.exe
0x00007fff9f5c0000 - 0x00007fff9f827000 	C:\WINDOWS\SYSTEM32\ntdll.dll
0x00007fff9edc0000 - 0x00007fff9ee8b000 	C:\WINDOWS\System32\KERNEL32.DLL
0x00007fff9c880000 - 0x00007fff9cc82000 	C:\WINDOWS\System32\KERNELBASE.dll
0x00007fff9ceb0000 - 0x00007fff9cffc000 	C:\WINDOWS\System32\ucrtbase.dll
0x00007fff96480000 - 0x00007fff96497000 	C:\Program Files\Java\jdk-23\bin\jli.dll
0x00007fff9f3a0000 - 0x00007fff9f56f000 	C:\WINDOWS\System32\USER32.dll
0x00007fff94410000 - 0x00007fff9442b000 	C:\Program Files\Java\jdk-23\bin\VCRUNTIME140.dll
0x00007fff9d010000 - 0x00007fff9d037000 	C:\WINDOWS\System32\win32u.dll
0x00007fff789f0000 - 0x00007fff78c80000 	C:\WINDOWS\WinSxS\amd64_microsoft.windows.common-controls_6595b64144ccf1df_6.0.26100.9278_none_3e0d1ba8e3303201\COMCTL32.dll
0x00007fff9dd40000 - 0x00007fff9dd6b000 	C:\WINDOWS\System32\GDI32.dll
0x00007fff9d100000 - 0x00007fff9d229000 	C:\WINDOWS\System32\gdi32full.dll
0x00007fff9e810000 - 0x00007fff9e8b9000 	C:\WINDOWS\System32\msvcrt.dll
0x00007fff9d230000 - 0x00007fff9d2d3000 	C:\WINDOWS\System32\msvcp_win.dll
0x00007fff9df50000 - 0x00007fff9df81000 	C:\WINDOWS\System32\IMM32.DLL
0x00007fff94400000 - 0x00007fff9440c000 	C:\Program Files\Java\jdk-23\bin\vcruntime140_1.dll
0x00007fff94370000 - 0x00007fff943fe000 	C:\Program Files\Java\jdk-23\bin\msvcp140.dll
0x00007ffebc820000 - 0x00007ffebd56f000 	C:\Program Files\Java\jdk-23\bin\server\jvm.dll
0x00007fff9dbb0000 - 0x00007fff9dc6c000 	C:\WINDOWS\System32\ADVAPI32.dll
0x00007fff9dc80000 - 0x00007fff9dd29000 	C:\WINDOWS\System32\sechost.dll
0x00007fff9df90000 - 0x00007fff9e0a8000 	C:\WINDOWS\System32\RPCRT4.dll
0x00007fff9d300000 - 0x00007fff9d380000 	C:\WINDOWS\System32\WS2_32.dll
0x00007fff9c640000 - 0x00007fff9c69e000 	C:\WINDOWS\SYSTEM32\POWRPROF.dll
0x00007fff8f660000 - 0x00007fff8f696000 	C:\WINDOWS\SYSTEM32\WINMM.dll
0x00007fff92590000 - 0x00007fff9259b000 	C:\WINDOWS\SYSTEM32\VERSION.dll
0x00007fff9c620000 - 0x00007fff9c635000 	C:\WINDOWS\SYSTEM32\UMPDC.dll
0x00007fff9b470000 - 0x00007fff9b48b000 	C:\WINDOWS\SYSTEM32\kernel.appcore.dll
0x00007fff94360000 - 0x00007fff9436a000 	C:\Program Files\Java\jdk-23\bin\jimage.dll
0x00007fff99cf0000 - 0x00007fff99f3c000 	C:\WINDOWS\SYSTEM32\DBGHELP.DLL
0x00007fff9e250000 - 0x00007fff9e5d5000 	C:\WINDOWS\System32\combase.dll
0x00007fff9e6a0000 - 0x00007fff9e779000 	C:\WINDOWS\System32\OLEAUT32.dll
0x00007fff77130000 - 0x00007fff7716b000 	C:\WINDOWS\SYSTEM32\dbgcore.DLL
0x00007fff9c7c0000 - 0x00007fff9c86c000 	C:\WINDOWS\System32\bcryptPrimitives.dll
0x00007fff942f0000 - 0x00007fff942ff000 	C:\Program Files\Java\jdk-23\bin\instrument.dll
0x00007fff94340000 - 0x00007fff9435e000 	C:\Program Files\Java\jdk-23\bin\java.dll
0x00007fff9e920000 - 0x00007fff9eaba000 	C:\WINDOWS\System32\ole32.dll
0x00007fff9d390000 - 0x00007fff9db28000 	C:\WINDOWS\System32\SHELL32.dll
0x00007fff9a1f0000 - 0x00007fff9aa9e000 	C:\WINDOWS\SYSTEM32\windows.storage.dll
0x00007fff9ec20000 - 0x00007fff9ed1b000 	C:\WINDOWS\System32\SHCORE.dll
0x00007fff9e0e0000 - 0x00007fff9e146000 	C:\WINDOWS\System32\shlwapi.dll
0x00007fff9c6e0000 - 0x00007fff9c709000 	C:\WINDOWS\SYSTEM32\profapi.dll
0x00007fff52a20000 - 0x00007fff52af7000 	C:\Program Files\Java\jdk-23\bin\jsvml.dll
0x00007fff94310000 - 0x00007fff94320000 	C:\Program Files\Java\jdk-23\bin\net.dll
0x00007fff9ba50000 - 0x00007fff9babc000 	C:\WINDOWS\system32\mswsock.dll
0x00007fff8eb60000 - 0x00007fff8eb76000 	C:\Program Files\Java\jdk-23\bin\nio.dll
0x00007fff7e060000 - 0x00007fff7e077000 	C:\Program Files\Java\jdk-23\bin\zip.dll
0x00007fff9aea0000 - 0x00007fff9aff8000 	C:\WINDOWS\SYSTEM32\DNSAPI.dll
0x00007fff9b830000 - 0x00007fff9b83d000 	C:\WINDOWS\SYSTEM32\DSPARSE.dll
0x00007fff9ae10000 - 0x00007fff9ae43000 	C:\WINDOWS\SYSTEM32\IPHLPAPI.DLL
0x00007fff9f390000 - 0x00007fff9f39a000 	C:\WINDOWS\System32\NSI.dll
0x00007fff92d00000 - 0x00007fff92d0b000 	C:\Windows\System32\rasadhlp.dll
0x00007fff96570000 - 0x00007fff965f6000 	C:\WINDOWS\System32\fwpuclnt.dll
0x00007fff942e0000 - 0x00007fff942ea000 	C:\Program Files\Java\jdk-23\bin\management.dll
0x00007fff92210000 - 0x00007fff9221b000 	C:\Program Files\Java\jdk-23\bin\management_ext.dll
0x00007fff9dd30000 - 0x00007fff9dd38000 	C:\WINDOWS\System32\PSAPI.DLL
0x0000019b29bc0000 - 0x0000019b29bc3000 	C:\Users\matti\.openjfx\cache\23.0.1+4\amd64\api-ms-win-core-console-l1-1-0.dll
0x0000019b29bd0000 - 0x0000019b29bd3000 	C:\Users\matti\.openjfx\cache\23.0.1+4\amd64\api-ms-win-core-console-l1-2-0.dll
0x0000019b29be0000 - 0x0000019b29be3000 	C:\Users\matti\.openjfx\cache\23.0.1+4\amd64\api-ms-win-core-datetime-l1-1-0.dll
0x0000019b29bf0000 - 0x0000019b29bf3000 	C:\Users\matti\.openjfx\cache\23.0.1+4\amd64\api-ms-win-core-debug-l1-1-0.dll
0x0000019b29c00000 - 0x0000019b29c03000 	C:\Users\matti\.openjfx\cache\23.0.1+4\amd64\api-ms-win-core-errorhandling-l1-1-0.dll
0x0000019b49dd0000 - 0x0000019b49dd4000 	C:\Users\matti\.openjfx\cache\23.0.1+4\amd64\api-ms-win-core-file-l1-1-0.dll
0x0000019b49de0000 - 0x0000019b49de3000 	C:\Users\matti\.openjfx\cache\23.0.1+4\amd64\api-ms-win-core-file-l1-2-0.dll
0x0000019b49df0000 - 0x0000019b49df3000 	C:\Users\matti\.openjfx\cache\23.0.1+4\amd64\api-ms-win-core-file-l2-1-0.dll
0x0000019b49e00000 - 0x0000019b49e03000 	C:\Users\matti\.openjfx\cache\23.0.1+4\amd64\api-ms-win-core-handle-l1-1-0.dll
0x0000019b49e10000 - 0x0000019b49e13000 	C:\Users\matti\.openjfx\cache\23.0.1+4\amd64\api-ms-win-core-heap-l1-1-0.dll
0x0000019b49e20000 - 0x0000019b49e23000 	C:\Users\matti\.openjfx\cache\23.0.1+4\amd64\api-ms-win-core-interlocked-l1-1-0.dll
0x0000019b49f30000 - 0x0000019b49f33000 	C:\Users\matti\.openjfx\cache\23.0.1+4\amd64\api-ms-win-core-libraryloader-l1-1-0.dll
0x0000019b49f40000 - 0x0000019b49f43000 	C:\Users\matti\.openjfx\cache\23.0.1+4\amd64\api-ms-win-core-localization-l1-2-0.dll
0x0000019b49f50000 - 0x0000019b49f53000 	C:\Users\matti\.openjfx\cache\23.0.1+4\amd64\api-ms-win-core-memory-l1-1-0.dll
0x0000019b49f60000 - 0x0000019b49f63000 	C:\Users\matti\.openjfx\cache\23.0.1+4\amd64\api-ms-win-core-namedpipe-l1-1-0.dll
0x0000019b49f70000 - 0x0000019b49f73000 	C:\Users\matti\.openjfx\cache\23.0.1+4\amd64\api-ms-win-core-processenvironment-l1-1-0.dll
0x0000019b49f80000 - 0x0000019b49f83000 	C:\Users\matti\.openjfx\cache\23.0.1+4\amd64\api-ms-win-core-processthreads-l1-1-0.dll
0x0000019b49f90000 - 0x0000019b49f93000 	C:\Users\matti\.openjfx\cache\23.0.1+4\amd64\api-ms-win-core-processthreads-l1-1-1.dll
0x0000019b49fa0000 - 0x0000019b49fa3000 	C:\Users\matti\.openjfx\cache\23.0.1+4\amd64\api-ms-win-core-profile-l1-1-0.dll
0x0000019b49fb0000 - 0x0000019b49fb3000 	C:\Users\matti\.openjfx\cache\23.0.1+4\amd64\api-ms-win-core-rtlsupport-l1-1-0.dll
0x0000019b49fc0000 - 0x0000019b49fc3000 	C:\Users\matti\.openjfx\cache\23.0.1+4\amd64\api-ms-win-core-string-l1-1-0.dll
0x0000019b49fd0000 - 0x0000019b49fd3000 	C:\Users\matti\.openjfx\cache\23.0.1+4\amd64\api-ms-win-core-synch-l1-1-0.dll
0x0000019b49fe0000 - 0x0000019b49fe3000 	C:\Users\matti\.openjfx\cache\23.0.1+4\amd64\api-ms-win-core-synch-l1-2-0.dll
0x00007fff9bd60000 - 0x00007fff9bd7b000 	C:\WINDOWS\SYSTEM32\CRYPTSP.dll
0x00007fff9b3c0000 - 0x00007fff9b3f9000 	C:\WINDOWS\system32\rsaenh.dll
0x0000019b49ff0000 - 0x0000019b49ff3000 	C:\Users\matti\.openjfx\cache\23.0.1+4\amd64\api-ms-win-core-sysinfo-l1-1-0.dll
0x00007fff9bb00000 - 0x00007fff9bb34000 	C:\WINDOWS\SYSTEM32\USERENV.dll
0x00007fff9c6b0000 - 0x00007fff9c6da000 	C:\WINDOWS\SYSTEM32\bcrypt.dll
0x00007fff9bd40000 - 0x00007fff9bd4c000 	C:\WINDOWS\SYSTEM32\CRYPTBASE.dll
0x0000019b90310000 - 0x0000019b90313000 	C:\Users\matti\.openjfx\cache\23.0.1+4\amd64\api-ms-win-core-timezone-l1-1-0.dll
0x0000019b90320000 - 0x0000019b90323000 	C:\Users\matti\.openjfx\cache\23.0.1+4\amd64\api-ms-win-core-util-l1-1-0.dll
0x0000019b90330000 - 0x0000019b90333000 	C:\Users\matti\.openjfx\cache\23.0.1+4\amd64\api-ms-win-crt-conio-l1-1-0.dll
0x0000019b90340000 - 0x0000019b90344000 	C:\Users\matti\.openjfx\cache\23.0.1+4\amd64\api-ms-win-crt-convert-l1-1-0.dll
0x0000019b90350000 - 0x0000019b90353000 	C:\Users\matti\.openjfx\cache\23.0.1+4\amd64\api-ms-win-crt-environment-l1-1-0.dll
0x0000019b90360000 - 0x0000019b90363000 	C:\Users\matti\.openjfx\cache\23.0.1+4\amd64\api-ms-win-crt-filesystem-l1-1-0.dll
0x00007fff6dc80000 - 0x00007fff6dc98000 	C:\WINDOWS\system32\napinsp.dll
0x00007fff6dc60000 - 0x00007fff6dc73000 	C:\WINDOWS\System32\winrnr.dll
0x00007fff6dc30000 - 0x00007fff6dc57000 	C:\WINDOWS\system32\nlansp_c.dll
0x00007fff6dc10000 - 0x00007fff6dc26000 	C:\WINDOWS\system32\wshbth.dll
0x0000019b90370000 - 0x0000019b90373000 	C:\Users\matti\.openjfx\cache\23.0.1+4\amd64\api-ms-win-crt-heap-l1-1-0.dll
0x0000019b90380000 - 0x0000019b90383000 	C:\Users\matti\.openjfx\cache\23.0.1+4\amd64\api-ms-win-crt-locale-l1-1-0.dll
0x0000019b90390000 - 0x0000019b90395000 	C:\Users\matti\.openjfx\cache\23.0.1+4\amd64\api-ms-win-crt-math-l1-1-0.dll
0x0000019b903a0000 - 0x0000019b903a5000 	C:\Users\matti\.openjfx\cache\23.0.1+4\amd64\api-ms-win-crt-multibyte-l1-1-0.dll
0x0000019b903b0000 - 0x0000019b903c0000 	C:\Users\matti\.openjfx\cache\23.0.1+4\amd64\api-ms-win-crt-private-l1-1-0.dll
0x0000019b903c0000 - 0x0000019b903c3000 	C:\Users\matti\.openjfx\cache\23.0.1+4\amd64\api-ms-win-crt-process-l1-1-0.dll
0x0000019b903d0000 - 0x0000019b903d4000 	C:\Users\matti\.openjfx\cache\23.0.1+4\amd64\api-ms-win-crt-runtime-l1-1-0.dll
0x0000019b903e0000 - 0x0000019b903e4000 	C:\Users\matti\.openjfx\cache\23.0.1+4\amd64\api-ms-win-crt-stdio-l1-1-0.dll
0x0000019b90410000 - 0x0000019b90414000 	C:\Users\matti\.openjfx\cache\23.0.1+4\amd64\api-ms-win-crt-string-l1-1-0.dll
0x0000019b903f0000 - 0x0000019b903f3000 	C:\Users\matti\.openjfx\cache\23.0.1+4\amd64\api-ms-win-crt-time-l1-1-0.dll
0x0000019b90400000 - 0x0000019b90403000 	C:\Users\matti\.openjfx\cache\23.0.1+4\amd64\api-ms-win-crt-utility-l1-1-0.dll
0x00007fff1cd60000 - 0x00007fff1ce5c000 	C:\Users\matti\.openjfx\cache\23.0.1+4\amd64\ucrtbase.dll
0x00007fff77620000 - 0x00007fff7763b000 	C:\Users\matti\.openjfx\cache\23.0.1+4\amd64\vcruntime140.dll
0x00007fff7bf10000 - 0x00007fff7bf1c000 	C:\Users\matti\.openjfx\cache\23.0.1+4\amd64\vcruntime140_1.dll
0x00007fff4ba60000 - 0x00007fff4baee000 	C:\Users\matti\.openjfx\cache\23.0.1+4\amd64\msvcp140.dll
0x00007fff7beb0000 - 0x00007fff7beb9000 	C:\Users\matti\.openjfx\cache\23.0.1+4\amd64\msvcp140_1.dll
0x00007fff70410000 - 0x00007fff70451000 	C:\Users\matti\.openjfx\cache\23.0.1+4\amd64\msvcp140_2.dll
0x00007fff893b0000 - 0x00007fff89408000 	C:\WINDOWS\SYSTEM32\pdh.dll
0x00007fff73040000 - 0x00007fff73070000 	C:\Users\matti\.openjfx\cache\23.0.1+4\amd64\prism_d3d.dll
0x00007fff1c820000 - 0x00007fff1c9d2000 	C:\WINDOWS\system32\d3d9.dll
0x00007fff994c0000 - 0x00007fff994ef000 	C:\WINDOWS\SYSTEM32\dwmapi.dll
0x00007fff992f0000 - 0x00007fff99334000 	C:\WINDOWS\SYSTEM32\dxcore.dll
0x00007fff99210000 - 0x00007fff992b8000 	C:\WINDOWS\system32\uxtheme.dll
0x00007fff04ef0000 - 0x00007fff05128000 	C:\WINDOWS\System32\DriverStore\FileRepository\iigd_dch.inf_amd64_0fdf6ce291234272\igdumdim64.dll
0x00007ffeb1ea0000 - 0x00007ffeb3210000 	C:\WINDOWS\System32\DriverStore\FileRepository\iigd_dch.inf_amd64_0fdf6ce291234272\igd9dxva64.dll
0x00007fff9ef00000 - 0x00007fff9f387000 	C:\WINDOWS\System32\SETUPAPI.dll
0x00007fff9c320000 - 0x00007fff9c372000 	C:\WINDOWS\SYSTEM32\cfgmgr32.dll
0x00007fff1d2c0000 - 0x00007fff1efe1000 	C:\WINDOWS\System32\DriverStore\FileRepository\iigd_dch.inf_amd64_0fdf6ce291234272\media_bin_64.dll
0x00007fff8e660000 - 0x00007fff8ea98000 	C:\WINDOWS\System32\DriverStore\FileRepository\iigd_dch.inf_amd64_0fdf6ce291234272\igdgmm64.dll
0x00007fff925a0000 - 0x00007fff925fe000 	C:\WINDOWS\SYSTEM32\directxdatabasehelper.dll
0x00007fff4cb80000 - 0x00007fff4cbc5000 	C:\Users\matti\.openjfx\cache\23.0.1+4\amd64\glass.dll
0x00007fff9e150000 - 0x00007fff9e245000 	C:\WINDOWS\System32\COMDLG32.dll
0x00007fff9eac0000 - 0x00007fff9ec1b000 	C:\WINDOWS\System32\MSCTF.dll
0x00007fff555e0000 - 0x00007fff55607000 	C:\WINDOWS\System32\DriverStore\FileRepository\iigd_dch.inf_amd64_0fdf6ce291234272\igdinfo64.dll

dbghelp: loaded successfully - version: 4.0.5 - missing functions: none
symbol engine: initialized successfully - sym options: 0x614 - pdb path: .;C:\Program Files\Java\jdk-23\bin;C:\WINDOWS\SYSTEM32;C:\WINDOWS\WinSxS\amd64_microsoft.windows.common-controls_6595b64144ccf1df_6.0.26100.9278_none_3e0d1ba8e3303201;C:\Program Files\Java\jdk-23\bin\server;C:\Users\matti\.openjfx\cache\23.0.1+4\amd64;C:\WINDOWS\System32\DriverStore\FileRepository\iigd_dch.inf_amd64_0fdf6ce291234272;C:\Program Files\Common Files\Microsoft Shared\Ink

VM Arguments:
jvm_args: -javaagent:C:\Program Files\JetBrains\IntelliJ IDEA 2024.3\lib\idea_rt.jar=62311 -Dfile.encoding=UTF-8 -Dsun.stdout.encoding=UTF-8 -Dsun.stderr.encoding=UTF-8 --module-path=C:\Users\matti\.m2\repository\org\json\json\20231013\json-20231013.jar;C:\Users\matti\.m2\repository\org\openjfx\javafx-media\23.0.1\javafx-media-23.0.1-win.jar;C:\Users\matti\.m2\repository\org\openjfx\javafx-web\23.0.1\javafx-web-23.0.1-win.jar;C:\Users\matti\OneDrive\Documenti\Mattia\Uni\Bechelor\Ingegneria_del_Software\Progetto\ing-sw-2025-Russo-Rossi-Zambelloni-Sorrentino\Galaxy_Trucker\target\classes;C:\Users\matti\.m2\repository\org\openjfx\javafx-fxml\23.0.1\javafx-fxml-23.0.1-win.jar;C:\Users\matti\.m2\repository\org\openjfx\javafx-base\23.0.1\javafx-base-23.0.1-win.jar;C:\Users\matti\.m2\repository\org\openjfx\javafx-controls\23.0.1\javafx-controls-23.0.1-win.jar;C:\Users\matti\.m2\repository\org\openjfx\javafx-graphics\23.0.1\javafx-graphics-23.0.1-win.jar -Djdk.module.main=Galaxy.Trucker 
java_command: Galaxy.Trucker/org.example.ClientPkg.ClientMain tcp gui localhost 9191
java_class_path (initial): C:\Users\matti\.m2\repository\com\google\code\gson\gson\2.12.1\gson-2.12.1.jar;C:\Users\matti\.m2\repository\com\google\errorprone\error_prone_annotations\2.36.0\error_prone_annotations-2.36.0.jar;C:\Users\matti\.m2\repository\org\openjfx\javafx-controls\23.0.1\javafx-controls-23.0.1.jar;C:\Users\matti\.m2\repository\org\openjfx\javafx-fxml\23.0.1\javafx-fxml-23.0.1.jar;C:\Users\matti\.m2\repository\org\openjfx\javafx-graphics\23.0.1\javafx-graphics-23.0.1.jar;C:\Users\matti\.m2\repository\org\openjfx\javafx-base\23.0.1\javafx-base-23.0.1.jar;C:\Users\matti\.m2\repository\org\openjfx\javafx-media\23.0.1\javafx-media-23.0.1.jar;C:\Users\matti\.m2\repository\org\openjfx\javafx-web\23.0.1\javafx-web-23.0.1.jar
Launcher Type: SUN_STANDARD

[Global flags]
     intx CICompilerCount                          = 4                                         {product} {ergonomic}
     uint ConcGCThreads                            = 2                                         {product} {ergonomic}
     uint G1ConcRefinementThreads                  = 8                                         {product} {ergonomic}
   size_t G1HeapRegionSize                         = 2097152                                   {product} {ergonomic}
   size_t InitialHeapSize                          = 266338304                                 {product} {ergonomic}
   size_t MarkStackSize                            = 4194304                                   {product} {ergonomic}
   size_t MarkStackSizeMax                         = 536870912                                 {product} {ergonomic}
   size_t MaxHeapSize                              = 4234149888                                {product} {ergonomic}
   size_t MaxNewSize                               = 2539651072                                {product} {ergonomic}
   size_t MinHeapDeltaBytes                        = 2097152                                   {product} {ergonomic}
   size_t MinHeapSize                              = 8388608                                   {product} {ergonomic}
    uintx NonNMethodCodeHeapSize                   = 5832704                                {pd product} {ergonomic}
    uintx NonProfiledCodeHeapSize                  = 122945536                              {pd product} {ergonomic}
    uintx ProfiledCodeHeapSize                     = 122880000                              {pd product} {ergonomic}
    uintx ReservedCodeCacheSize                    = 251658240                              {pd product} {ergonomic}
     bool SegmentedCodeCache                       = true                                      {product} {ergonomic}
   size_t SoftMaxHeapSize                          = 4234149888                             {manageable} {ergonomic}
     bool UseCompressedOops                        = true                           {product lp64_product} {ergonomic}
     bool UseG1GC                                  = true                                      {product} {ergonomic}
     bool UseLargePagesIndividualAllocation        = false                                  {pd product} {ergonomic}

Logging:
Log output configuration:
 #0: stdout all=warning uptime,level,tags foldmultilines=false
 #1: stderr all=off uptime,level,tags foldmultilines=false

Environment Variables:
PATH=C:\Program Files\Common Files\Oracle\Java\javapath;C:\Program Files (x86)\Common Files\Oracle\Java\javapath;C:\WINDOWS\system32;C:\WINDOWS;C:\WINDOWS\System32\Wbem;C:\WINDOWS\System32\WindowsPowerShell\v1.0\;C:\WINDOWS\System32\OpenSSH\;C:\Program Files\MATLAB\R2024a\bin;C:\Program Files\Java\jdk-23\bin;C:\Program Files\Git\cmd;C:\Program Files\Docker\Docker\resources\bin;C:\WINDOWS\system32;C:\WINDOWS;C:\WINDOWS\System32\Wbem;C:\WINDOWS\System32\WindowsPowerShell\v1.0\;C:\WINDOWS\System32\OpenSSH\;C:\Users\matti\AppData\Local\Programs\Python\Python311\Scripts\;C:\Users\matti\AppData\Local\Programs\Python\Python311\;C:\Users\matti\AppData\Local\Microsoft\WindowsApps;C:\Users\matti\AppData\Local\Programs\Microsoft VS Code\bin;C:\Program Files\JetBrains\IntelliJ IDEA Community Edition 2024.2.3\bin;C:\Program Files\apache-maven-3.9.9-bin\apache-maven-3.9.9\bin;C:\Users\matti\AppData\Local\JetBrains\Toolbox\scripts;%USERPROFILE%\AppData\Local\Microsoft\WindowsApps;C:\Users\matti\miniforge3\Scripts;C:\Users\matti\AppData\Local\Programs\MiKTeX\miktex\bin\x64\
USERNAME=matti
OS=Windows_NT
PROCESSOR_IDENTIFIER=Intel64 Family 6 Model 140 Stepping 1, GenuineIntel
TMP=C:\Users\matti\AppData\Local\Temp
TEMP=C:\Users\matti\AppData\Local\Temp




Periodic native trim disabled

---------------  S Y S T E M  ---------------

OS:
 Windows 11 , 64 bit Build 26100 (10.0.26100.9444)
OS uptime: 0 days 1:56 hours
Hyper-V role detected

CPU: total 8 (initial active 8) (4 cores per cpu, 2 threads per core) family 6 model 140 stepping 1 microcode 0xa4, cx8, cmov, fxsr, ht, mmx, 3dnowpref, sse, sse2, sse3, ssse3, sse4.1, sse4.2, popcnt, lzcnt, tsc, tscinvbit, avx, avx2, aes, erms, clmul, bmi1, bmi2, adx, avx512f, avx512dq, avx512cd, avx512bw, avx512vl, sha, fma, vzeroupper, avx512_vpopcntdq, avx512_vpclmulqdq, avx512_vaes, avx512_vnni, clflush, clflushopt, clwb, avx512_vbmi2, avx512_vbmi, hv, rdtscp, rdpid, fsrm, gfni, avx512_bitalg, f16c, cet_ibt, cet_ss, avx512_ifma
Processor Information for the first 8 processors :
  Max Mhz: 2803, Current Mhz: 2803, Mhz Limit: 2803

Memory: 4k page, system-wide physical 16149M (501M free)
TotalPageFile size 27876M (AvailPageFile size 1387M)
current process WorkingSet (physical memory assigned to process): 3552M, peak: 3706M
current process commit charge ("private bytes"): 5067M, peak: 5202M

vm_info: Java HotSpot(TM) 64-Bit Server VM (23+37-2369) for windows-amd64 JRE (23+37-2369), built on 2024-08-20T16:01:23Z with MS VC++ 17.6 (VS2022)

END.
